agent,iteration,accuracy,f1,precision,recall,prediction,confidence,exp_quality,exp_consensus,exp_stability,exp_fidelity,exp_agreement,shap_consensus,shap_stability,shap_fidelity,lime_consensus,lime_stability,lime_fidelity,shap_top_feature,lime_top_feature,shap_lime_agree,decision,condicion,dataset
gb_G1_wine,0,0.9722222222222222,0.9717752234993614,0.974074074074074,0.9722222222222222,1,0.7619924453972869,0.8622938015750969,0.9271150561413233,0.9999999131205837,0.8929341222837075,0.4418604651162791,0.9271150561413233,0.999999951541775,0.7858696731368027,0.9500970086957474,0.9999998746993923,0.9999985714306122,flavanoids,color_intensity,False,keep,completo,wine
gb_G1_wine,1,0.9722222222222222,0.9717752234993614,0.974074074074074,0.9722222222222222,1,0.7619924453972869,0.8554116357461807,0.9041756775540719,0.9999985041096204,0.8929341222837075,0.4418604651162791,0.9041756775540719,0.9999971335198484,0.7858696731368027,0.9360304528795009,0.9999998746993923,0.9999985714306122,flavanoids,color_intensity,False,keep,completo,wine
gb_G1_wine,2,0.9722222222222222,0.9717752234993614,0.974074074074074,0.9722222222222222,1,0.7619924453972869,0.8503050948340685,0.8871542043283397,0.9999981083320504,0.8929341222837075,0.4418604651162791,0.8871542043283397,0.9999963419647085,0.7858696731368027,0.9272974528531757,0.9999998746993923,0.9999985714306122,flavanoids,color_intensity,False,keep,completo,wine
gb_G1_wine,3,0.9722222222222222,0.9717752234993614,0.974074074074074,0.9722222222222222,1,0.7619924453972869,0.860349487135297,0.9206340976933695,0.9999998054989283,0.8929341222837075,0.4418604651162791,0.9206340976933695,0.9999997362984643,0.7858696731368027,0.9387170293090968,0.9999998746993923,0.9999985714306122,flavanoids,color_intensity,False,keep,completo,wine
gb_G1_wine,4,0.9722222222222222,0.9717752234993614,0.974074074074074,0.9722222222222222,1,0.7619924453972869,0.8523762673131352,0.8940566590254129,0.9999998526118291,0.8929341222837075,0.4418604651162791,0.8940566590254129,0.9999998305242659,0.7858696731368027,0.9299904066033967,0.9999998746993923,0.9999985714306122,flavanoids,color_intensity,False,keep,completo,wine
gb_G1_wine,5,0.9722222222222222,0.9717752234993614,0.974074074074074,0.9722222222222222,1,0.7619924453972869,0.8385555919085352,0.9139585273723617,0.9999988184611287,0.826964197713676,0.4418604651162791,0.9139585273723617,0.9999977622228651,0.6539298239967398,0.9297227100681483,0.9999998746993923,0.9999985714306122,flavanoids,color_intensity,False,keep,completo,wine
gb_G1_wine,6,0.9722222222222222,0.9717752234993614,0.974074074074074,0.9722222222222222,1,0.7619924453972869,0.8317039448757193,0.9204019996999404,0.9992316617554731,0.826964197713676,0.3191489361702128,0.9204019996999404,0.9985286339564229,0.6539298239967398,0.928801141590752,0.9999346895545232,0.9999985714306122,flavanoids,color_intensity,False,keep,completo,wine
gb_G1_wine,7,0.9722222222222222,0.9717752234993614,0.974074074074074,0.9722222222222222,1,0.7619924453972869,0.8221436659696062,0.8883699541458201,0.9994290007959654,0.826964197713676,0.3191489361702128,0.8883699541458201,0.9989080596745412,0.6539298239967398,0.9146843844505774,0.9999499419173895,0.9999985714306122,flavanoids,color_intensity,False,keep,completo,wine
gb_G1_wine,8,0.9722222222222222,0.9717752234993614,0.974074074074074,0.9722222222222222,1,0.7619924453972869,0.8194934222109036,0.8794338772887081,0.9995513179896893,0.826964197713676,0.3191489361702128,0.8794338772887081,0.9991422299165101,0.6539298239967398,0.8859013806007318,0.9999604060628684,0.9999985714306122,flavanoids,color_intensity,False,keep,completo,wine
gb_G1_wine,9,0.9722222222222222,0.9717752234993614,0.974074074074074,0.9722222222222222,1,0.7619924453972869,0.7399885080097826,0.6143452635467044,0.99963799767561,0.826964197713676,0.3191489361702128,0.6143452635467044,0.9993081003307641,0.6539298239967398,0.9253861605894511,0.9999678950204559,0.9999985714306122,flavanoids,color_intensity,False,keep,completo,wine
gb_G1_wine,10,0.9722222222222222,0.9717752234993614,0.974074074074074,0.9722222222222222,1,0.7619924453972869,0.7895136324243945,0.7793675822447975,0.999711712896346,0.826964197713676,0.3191489361702128,0.7793675822447975,0.9994499874018898,0.6539298239967398,0.8913702495830599,0.9999734383908022,0.9999985714306122,flavanoids,color_intensity,False,keep,completo,wine
gb_G1_wine,11,0.9722222222222222,0.9717752234993614,0.974074074074074,0.9722222222222222,1,0.7619924453972869,0.7551634439832995,0.6648355003777807,0.9997494573723855,0.826964197713676,0.3191489361702128,0.6648355003777807,0.999521258673673,0.6539298239967398,0.9102861997237671,0.999977656071098,0.9999985714306122,flavanoids,color_intensity,False,keep,completo,wine
gb_G1_wine,12,0.9722222222222222,0.9717752234993614,0.974074074074074,0.9722222222222222,1,0.7619924453972869,0.7930815466501513,0.7911967129599062,0.9997884129412424,0.826964197713676,0.3191489361702128,0.7911967129599062,0.9995958864930721,0.6539298239967398,0.896223510029265,0.9999809393894128,0.9999985714306122,flavanoids,color_intensity,False,keep,completo,wine
gb_G1_wine,13,0.9722222222222222,0.9717752234993614,0.974074074074074,0.9722222222222222,1,0.7619924453972869,0.8047592121887233,0.8301039846499196,0.9998103490675143,0.826964197713676,0.3191489361702128,0.8301039846499196,0.9996371528790087,0.6539298239967398,0.9110000312326404,0.9999835452560198,0.9999985714306122,flavanoids,color_intensity,False,keep,completo,wine
gb_G1_wine,14,0.9722222222222222,0.9717752234993614,0.974074074074074,0.9722222222222222,1,0.7619924453972869,0.7874007871666733,0.7722116877308866,0.9998474052821537,0.826964197713676,0.3191489361702128,0.7722116877308866,0.9997091625746798,0.6539298239967398,0.9092731692749707,0.9999856479896275,0.9999985714306122,flavanoids,color_intensity,False,keep,completo,wine
gb_G1_wine,15,0.9722222222222222,0.9717752234993614,0.974074074074074,0.9722222222222222,1,0.7619924453972869,0.7962945156962924,0.8018276812981691,0.9998831271198915,0.826964197713676,0.3191489361702128,0.8018276812981691,0.9997788849944754,0.6539298239967398,0.905050467992666,0.9999873692453075,0.9999985714306122,flavanoids,color_intensity,False,keep,completo,wine
gb_G1_wine,16,0.9722222222222222,0.9717752234993614,0.974074074074074,0.9722222222222222,1,0.7619924453972869,0.774764838266147,0.7300564736345497,0.9998898665956528,0.826964197713676,0.3191489361702128,0.7300564736345497,0.9997909371772368,0.6539298239967398,0.9019952326253221,0.999988796014069,0.9999985714306122,flavanoids,color_intensity,False,keep,completo,wine
gb_G1_wine,17,0.9722222222222222,0.9717752234993614,0.974074074074074,0.9722222222222222,1,0.7619924453972869,0.804326477181852,0.828592268207893,0.9998934687704613,0.826964197713676,0.3191489361702128,0.828592268207893,0.9997969457073188,0.6539298239967398,0.9000376667677256,0.9999899918336038,0.9999985714306122,flavanoids,color_intensity,False,keep,completo,wine
gb_G1_wine,18,0.9722222222222222,0.9717752234993614,0.974074074074074,0.9722222222222222,1,0.7619924453972869,0.7824801647106364,0.7557608588647369,0.9999059100973862,0.826964197713676,0.3191489361702128,0.7557608588647369,0.9998208162084857,0.6539298239967398,0.890519321897683,0.9999910039862865,0.9999985714306122,flavanoids,color_intensity,False,keep,completo,wine
gb_G1_wine,19,0.9722222222222222,0.9717752234993614,0.974074074074074,0.9722222222222222,1,0.7619924453972869,0.6950554954543056,0.46435050887846147,0.9998996530555933,0.826964197713676,0.3191489361702128,0.46435050887846147,0.9998074378654159,0.6539298239967398,0.9032765410837611,0.9999918682457705,0.9999985714306122,flavanoids,color_intensity,False,keep,completo,wine
rf_G1_wine,0,0.9722222222222222,0.9721867461331064,0.974074074074074,0.9722222222222222,1,0.4373182576595811,0.7883553370925607,0.9358409027235671,0.9999997086270219,0.5836771303957836,0.55,0.961321092543605,0.9999997947635,0.5006887052341598,0.9358409027235671,0.9999996224905439,0.6666655555574075,flavanoids,flavanoids,True,soft_adjust,completo,wine
rf_G1_wine,1,0.9722222222222222,0.9717752234993614,0.974074074074074,0.9722222222222222,1,0.9841060952753351,0.6342233093850574,0.7578060113729668,0.9447440057377117,0.46114187787422994,0.21568627450980393,0.7578060113729668,0.9048024784304559,0.9222837557484599,0.9557181553748946,0.9846855330449673,0.0,flavanoids,color_intensity,False,soft_adjust,completo,wine
rf_G1_wine,2,1.0,1.0,1.0,1.0,1,0.9891340021864712,0.7639601591315194,0.6289986756090712,0.9441456967378061,0.9519205769355769,0.2653061224489796,0.6289986756090712,0.9105393185519791,0.9038461538461539,0.9605302380175307,0.9777520749236331,0.9999950000249999,flavanoids,color_intensity,False,soft_adjust,completo,wine
rf_G1_wine,3,0.9722222222222222,0.9725248123940935,0.9753086419753088,0.9722222222222222,1,0.47463163274956627,0.8135058001956367,0.9359364825152701,0.9157365865927207,0.7376356959762516,0.55,0.9359364825152701,0.8542583256559466,0.47527472527472525,0.9568288693408862,0.9772148475294948,0.9999966666777778,flavanoids,flavanoids,True,soft_adjust,completo,wine
rf_G1_wine,4,0.9722222222222222,0.9721867461331064,0.974074074074074,0.9722222222222222,1,0.9899419615588144,0.7692219790941289,0.6157729687099254,0.9386417922073376,0.9666422796919261,0.34782608695652173,0.6157729687099254,0.8981504674944485,0.9332878927060745,0.986336570920611,0.9791331169202268,0.9999966666777778,flavanoids,color_intensity,False,soft_adjust,completo,wine
rf_G1_wine,5,0.9722222222222222,0.9717752234993614,0.974074074074074,0.9722222222222222,1,0.4882649207013999,0.7820150953517404,0.8700408130190862,0.8677201076693284,0.7754808436670368,0.47619047619047616,0.8700408130190862,0.7728836721726706,0.5509641873278237,0.9399092389531555,0.9625565431659862,0.99999750000625,flavanoids,color_intensity,False,soft_adjust,completo,wine
rf_G1_wine,6,1.0,1.0,1.0,1.0,1,0.9894239874350548,0.8662079775228054,0.7654339728429833,0.9710312783820723,0.9748953824101371,0.6756756756756757,0.7654339728429833,0.9691477361869263,0.9497940981424964,0.9547368342035774,0.9729148205772181,0.9999966666777778,flavanoids,flavanoids,True,soft_adjust,completo,wine
rf_G1_wine,7,1.0,1.0,1.0,1.0,1,0.6568198336428975,0.81300617737402,0.9023307277110909,0.9645106665169346,0.8543939377344933,0.14814814814814814,0.9023307277110909,0.9496905738872543,0.7087912087912088,0.9706202255030267,0.9793307591466149,0.9999966666777778,flavanoids,color_intensity,False,soft_adjust,completo,wine
rf_G1_wine,8,1.0,1.0,1.0,1.0,1,0.9881059112185249,0.791651467701064,0.7259310147633911,0.9276831249336402,0.9848851099401095,0.16981132075471697,0.7259310147633911,0.9202952782878446,0.9697802197802198,0.9386378636019003,0.9350709715794359,0.999990000099999,flavanoids,alcohol,False,soft_adjust,completo,wine
rf_G1_wine,9,1.0,1.0,1.0,1.0,2,0.49382621782012015,0.45257987651472453,0.0,0.773497468952882,0.7090655340663341,0.16981132075471697,0.0,0.6,0.6181318681318682,0.9508026271553731,0.9469949379057638,0.7999992000008,flavanoids,color_intensity,False,soft_adjust,completo,wine
rf_G1_wine,10,0.9722222222222222,0.9717752234993614,0.974074074074074,0.9722222222222222,1,0.9955982583598468,0.755173918765382,0.5183212184575156,0.8778370919733887,0.972522472577472,0.5897435897435898,0.5183212184575156,0.7897772497700222,0.945054945054945,0.9668150151164041,0.965896934176755,0.999990000099999,color_intensity,color_intensity,True,soft_adjust,completo,wine
rf_G1_wine,11,1.0,1.0,1.0,1.0,2,0.6610859320651096,0.491385569981702,0.0,0.7690046755299793,0.8365377472537676,0.19230769230769232,0.0,0.6,0.6730769230769231,0.9548656913900213,0.9380093510599588,0.9999985714306122,flavanoids,color_intensity,False,soft_adjust,completo,wine
rf_G1_wine,12,0.9722222222222222,0.9721867461331064,0.974074074074074,0.9722222222222222,1,0.9869312483466592,0.7537756101683682,0.5554165701820838,0.9631506809370978,0.9656543407093402,0.37777777777777777,0.5554165701820838,0.9465737196467925,0.9313186813186813,0.9652472557044192,0.9797276422274029,0.999990000099999,flavanoids,color_intensity,False,soft_adjust,completo,wine
rf_G1_wine,13,0.9722222222222222,0.9721867461331064,0.974074074074074,0.9722222222222222,1,0.47959499207590106,0.767723017680858,0.8289821555485675,0.8625985005449175,0.7362624862668612,0.55,0.8289821555485675,0.7374257782533399,0.4725274725274725,0.9636485189708153,0.987771222836495,0.99999750000625,flavanoids,color_intensity,False,soft_adjust,completo,wine
rf_G1_wine,14,0.9722222222222222,0.9717752234993614,0.974074074074074,0.9722222222222222,1,0.9927086926964487,0.7798748397582886,0.6466457651870667,0.9607102579764915,0.9477996978146978,0.4090909090909091,0.6466457651870667,0.9459340822471918,0.8956043956043956,0.956486317247275,0.9754864337057912,0.9999950000249999,flavanoids,color_intensity,False,soft_adjust,completo,wine
rf_G1_wine,15,0.9722222222222222,0.9721867461331064,0.974074074074074,0.9722222222222222,1,0.49051068770222284,0.7075872567937043,0.7785828613654091,0.8742219842074512,0.646977553228608,0.4090909090909091,0.7785828613654091,0.7737206011793869,0.5439560439560439,0.9516742641311557,0.9747233672355157,0.7499990625011719,flavanoids,color_intensity,False,soft_adjust,completo,wine
rf_G1_wine,16,1.0,1.0,1.0,1.0,1,0.9881675652668507,0.6971940268848238,0.5374833054790612,0.9626286431244795,0.7797607936544972,0.4090909090909091,0.5374833054790612,0.950472253374765,0.8928571428571428,0.9588127026774558,0.974785032874194,0.6666644444518518,flavanoids,color_intensity,False,soft_adjust,completo,wine
rf_G1_wine,17,1.0,1.0,1.0,1.0,1,0.569694827483729,0.7910557164294519,0.8541530037702217,0.8845675182080285,0.7506879909494659,0.5897435897435898,0.8541530037702217,0.8651820157264631,0.5013774104683195,0.9334756555637915,0.9039530206895938,0.9999985714306122,flavanoids,flavanoids,True,soft_adjust,completo,wine
rf_G1_wine,18,1.0,1.0,1.0,1.0,1,0.992961536980508,0.693826231435189,0.45223833214055636,0.8459166737185683,0.7944741001001558,0.7222222222222222,0.45223833214055636,0.7295652741702086,0.9222837557484599,0.9408821255797238,0.962268073266928,0.6666644444518518,color_intensity,color_intensity,True,soft_adjust,completo,wine
rf_G1_wine,19,0.9444444444444444,0.9414340448823206,0.9481481481481482,0.9444444444444444,2,0.4718710839598998,0.45573009679692233,0.0,0.7689581845901546,0.7233490053092664,0.16981132075471697,0.0,0.6,0.6966989481173608,0.8990582469646456,0.9379163691803093,0.7499990625011719,flavanoids,color_intensity,False,soft_adjust,completo,wine
torch_G1_wine,0,0.9166666666666666,0.9110835401157983,0.9313725490196079,0.9166666666666666,1,0.45031797885894775,0.5594261236219259,0.42987432567218264,0.9999996303456815,0.527472320372095,0.14814814814814814,0.42987432567218264,0.9999997855621003,0.5164835164835165,0.8004858303663589,0.9999994751292626,0.5384611242606736,nonflavanoid_phenols,alcohol,False,soft_adjust,completo,wine
torch_G1_wine,1,0.9444444444444444,0.9423280423280423,0.9513888888888888,0.9444444444444444,1,0.46917012333869934,0.5412113042973156,0.3717737215107179,0.9974541509047857,0.5571925179368719,0.08771929824561403,0.3717737215107179,0.9949981594117315,0.47802197802197804,0.8357342619110831,0.9999101423978399,0.6363630578517656,alcalinity_of_ash,alcohol,False,soft_adjust,completo,wine
torch_G1_wine,2,0.9722222222222222,0.9717752234993614,0.974074074074074,0.9722222222222222,1,0.4963572919368744,0.5625625676401681,0.43279563684858813,0.9980944443322903,0.5668079025522564,0.08771929824561403,0.43279563684858813,0.9964867675481455,0.49725274725274726,0.8496554172842313,0.9997021211164352,0.6363630578517656,alcalinity_of_ash,alcohol,False,soft_adjust,completo,wine
torch_G1_wine,3,1.0,1.0,1.0,1.0,1,0.5220794677734375,0.6017981407103994,0.4945159963899288,0.9925022260603338,0.5517395563699679,0.2653061224489796,0.4945159963899288,0.9858042240420147,0.4368131868131868,0.8332873698413047,0.9992002280786528,0.666665925926749,alcalinity_of_ash,alcohol,False,soft_adjust,completo,wine
torch_G1_wine,4,1.0,1.0,1.0,1.0,1,0.5392761826515198,0.5870313554711932,0.4717654911396124,0.9931610386707246,0.5115381615387615,0.2916666666666667,0.4717654911396124,0.9878223931522802,0.4230769230769231,0.8579943968915706,0.998499684189169,0.5999994000006,alcalinity_of_ash,alcohol,False,soft_adjust,completo,wine
torch_G1_wine,5,1.0,1.0,1.0,1.0,1,0.545234203338623,0.5720990739406651,0.5196617361242769,0.9818477494583447,0.4950546450552451,0.14814814814814814,0.5196617361242769,0.9661665980742358,0.3901098901098901,0.8435514812338956,0.9975289008424537,0.5999994000006,alcalinity_of_ash,alcohol,False,soft_adjust,completo,wine
torch_G1_wine,6,1.0,1.0,1.0,1.0,1,0.5538449287414551,0.5975535862750307,0.44890347670951963,0.9914023570469389,0.6318675196241086,0.16981132075471697,0.44890347670951963,0.9864418825358415,0.4065934065934066,0.8525777981327328,0.9963628315580363,0.8571416326548105,alcalinity_of_ash,alcohol,False,soft_adjust,completo,wine
torch_G1_wine,7,1.0,1.0,1.0,1.0,1,0.559826135635376,0.6730484828728674,0.5302225830817203,0.9874898412108911,0.7115376282065171,0.2653061224489796,0.5302225830817203,0.979506183792062,0.4230769230769231,0.877347663474867,0.9954734986297202,0.9999983333361111,alcalinity_of_ash,alcohol,False,soft_adjust,completo,wine
torch_G1_wine,8,1.0,1.0,1.0,1.0,1,0.5677292346954346,0.603456708999541,0.531339120248095,0.9820259694392237,0.5769226081736629,0.16981132075471697,0.531339120248095,0.9694117173895389,0.40384615384615385,0.9069590298389115,0.9946402214889086,0.7499990625011719,magnesium,alcohol,False,soft_adjust,completo,wine
torch_G1_wine,9,1.0,1.0,1.0,1.0,1,0.5590401887893677,0.6859973911395922,0.8262907889524024,0.9912137782660198,0.5494500392471966,0.16981132075471697,0.8262907889524024,0.9873221624176043,0.3846153846153846,0.8595231567983829,0.9951053941144351,0.7142846938790087,alcalinity_of_ash,alcohol,False,soft_adjust,completo,wine
torch_G1_wine,10,1.0,1.0,1.0,1.0,1,0.5738214254379272,0.6178826039885527,0.5958381293056626,0.9854077113478392,0.5576917974889549,0.16981132075471697,0.5958381293056626,0.9762239771916592,0.4010989010989011,0.9078065285525279,0.9945914455040191,0.7142846938790087,magnesium,alcohol,False,soft_adjust,completo,wine
torch_G1_wine,11,1.0,1.0,1.0,1.0,1,0.6062160730361938,0.6823862225499207,0.7799500398017625,0.9866195834100056,0.539834654631812,0.2653061224489796,0.7799500398017625,0.9783303839848991,0.3653846153846154,0.8819167142213583,0.9949087828351121,0.7142846938790087,alcalinity_of_ash,alcohol,False,soft_adjust,completo,wine
torch_G1_wine,12,1.0,1.0,1.0,1.0,1,0.627476155757904,0.6239848881617256,0.6450575070971438,0.9785866630898601,0.5453291601263175,0.14814814814814814,0.6450575070971438,0.9625909171094374,0.37637362637362637,0.9012588947324655,0.9945824090702826,0.7142846938790087,magnesium,alcohol,False,soft_adjust,completo,wine
torch_G1_wine,13,1.0,1.0,1.0,1.0,1,0.6542506217956543,0.6267872262777265,0.6511009473863434,0.9841922388551757,0.5439555337526911,0.14814814814814814,0.6511009473863434,0.9740795778374466,0.37362637362637363,0.8877695094905597,0.9943048998729048,0.7142846938790087,alcalinity_of_ash,alcohol,False,soft_adjust,completo,wine
torch_G1_wine,14,1.0,1.0,1.0,1.0,1,0.6734630465507507,0.6314263229056294,0.6768870074102308,0.9701570016897707,0.5453291601263175,0.14814814814814814,0.6768870074102308,0.9462641077023097,0.37637362637362637,0.8879333962668711,0.9940498956772318,0.7142846938790087,alcalinity_of_ash,alcohol,False,soft_adjust,completo,wine
torch_G1_wine,15,1.0,1.0,1.0,1.0,1,0.6933757066726685,0.6950078114219562,0.6594823547203377,0.9702926413770222,0.6936803186833187,0.16981132075471697,0.6594823547203377,0.9464359269476664,0.3873626373626374,0.8916665845026884,0.994149355806378,0.999998000004,magnesium,alcohol,False,soft_adjust,completo,wine
torch_G1_wine,16,1.0,1.0,1.0,1.0,1,0.7155346870422363,0.7018636912616601,0.6953516295947152,0.9810466572602112,0.6717022967052967,0.16981132075471697,0.6953516295947152,0.9676575212573071,0.3434065934065934,0.897076030542786,0.9944357932631154,0.999998000004,alcalinity_of_ash,alcohol,False,soft_adjust,completo,wine
torch_G1_wine,17,1.0,1.0,1.0,1.0,1,0.7366597056388855,0.6919571284533166,0.6636148706677031,0.9768764843942382,0.6895594395624396,0.10714285714285714,0.6636148706677031,0.9590837506058678,0.3791208791208791,0.8924902226424866,0.9946692181826087,0.999998000004,alcalinity_of_ash,alcohol,False,soft_adjust,completo,wine
torch_G1_wine,18,1.0,1.0,1.0,1.0,1,0.7501232624053955,0.7012523664527538,0.7095060182389653,0.9655814658998787,0.6840649340679341,0.10714285714285714,0.7095060182389653,0.9364672626312908,0.36813186813186816,0.9021388620819056,0.9946956691684665,0.999998000004,magnesium,alcohol,False,soft_adjust,completo,wine
torch_G1_wine,19,1.0,1.0,1.0,1.0,1,0.7621577978134155,0.6808494662474478,0.8854886412414374,0.9792185576560735,0.5144226862985652,0.10714285714285714,0.9199867329830234,0.9635908022145714,0.40384615384615385,0.8854886412414374,0.9948463130975754,0.6249992187509766,alcalinity_of_ash,alcohol,False,soft_adjust,completo,wine
gb_G1_digits,0,0.9138888888888889,0.914217639130665,0.9171501029045408,0.9138888888888889,9,0.49776154191636396,0.4386304224448853,0.0,0.9999994564480875,0.6121018611095448,0.03333333333333333,0.0,0.9999998463607719,0.509919028340081,0.9693770837931086,0.9999990665354032,0.7142846938790087,pixel_21,pixel_19,False,soft_adjust,completo,digits
gb_G1_digits,1,0.9138888888888889,0.9151862031518151,0.920126631867211,0.9138888888888889,9,0.3864403050437521,0.42893871472318135,0.0,0.9937206296963588,0.5934984696854967,0.01639344262295082,0.0,0.9963115042328932,0.43699787686982156,0.977804898951651,0.9911297551598243,0.7499990625011719,pixel_21,pixel_19,False,soft_adjust,completo,digits
gb_G1_digits,2,0.9222222222222223,0.9228322383837372,0.9275262708968709,0.9222222222222223,9,0.37863563401140826,0.42649000359972256,0.0,0.9868256211613804,0.5826119943645914,0.03333333333333333,0.0,0.977233793652885,0.4985580628024339,0.9466662641038545,0.9964174486698759,0.666665925926749,pixel_29,pixel_19,False,soft_adjust,completo,digits
gb_G1_digits,3,0.9083333333333333,0.90937644191624,0.9148592256103221,0.9083333333333333,9,0.32150271717473555,0.4251774996654082,0.0,0.9801376138453155,0.5838103206802645,0.03333333333333333,0.0,0.9810803583256721,0.5009547154337799,0.9669966255140129,0.9791948693649588,0.666665925926749,pixel_42,pixel_19,False,soft_adjust,completo,digits
gb_G1_digits,4,0.9222222222222223,0.9228838111612844,0.9274263014958859,0.9222222222222223,9,0.4180213751856205,0.42142902926899667,0.0,0.9906940957207576,0.5709882964845487,0.01639344262295082,0.0,0.9851148794481555,0.5169773742181208,0.9770522148427919,0.9962733119933598,0.6249992187509766,pixel_29,pixel_19,False,soft_adjust,completo,digits
gb_G1_digits,5,0.9138888888888889,0.9148968184162083,0.9193692354142434,0.9138888888888889,9,0.3927924162677459,0.4313187063680084,0.006548656569011246,0.98564156330127,0.5931457285732918,0.03333333333333333,0.006548656569011246,0.9896728144878373,0.5196255312198347,0.9758042149320834,0.9816103121147026,0.666665925926749,pixel_29,pixel_19,False,soft_adjust,completo,digits
gb_G1_digits,6,0.9222222222222223,0.922740707166948,0.9266142480761287,0.9222222222222223,9,0.4031248430757245,0.42336668328471433,0.04041930586584933,0.9740926140306968,0.5508624054128091,0.01639344262295082,0.04041930586584933,0.9518848239798496,0.501725410825018,0.9836174129928614,0.996300404081544,0.5999994000006,pixel_29,pixel_19,False,soft_adjust,completo,digits
gb_G1_digits,7,0.9138888888888889,0.9150391183616833,0.9200602361362376,0.9138888888888889,9,0.4333628701664064,0.4091091180310683,0.020853990463592105,0.9762730242526423,0.5126155494294337,0.03333333333333333,0.020853990463592105,0.9623545610221356,0.5252315988583673,0.9739589535966023,0.990191487483149,0.4999995000005,pixel_29,pixel_19,False,force_adjust,completo,digits
gb_G1_digits,8,0.9138888888888889,0.9151945944605125,0.919750640020014,0.9138888888888889,9,0.3338338190286527,0.4148261382529739,0.029026574058297425,0.9609792023665674,0.5184284595254529,0.06896551724137931,0.029026574058297425,0.9270744238602512,0.5368574190504057,0.9817197606860621,0.9948839808728837,0.4999995000005,pixel_29,pixel_19,False,force_adjust,completo,digits
gb_G1_digits,9,0.9194444444444444,0.9204339950085086,0.9233913555546992,0.9194444444444444,9,0.37471606990615697,0.418120690678998,0.0057073317714293765,0.9879241579127116,0.5480915055646376,0.03333333333333333,0.0057073317714293765,0.98424456185147,0.5406280728569843,0.9778633294461249,0.9916037539739532,0.5555549382722909,pixel_29,pixel_19,False,force_adjust,completo,digits
gb_G1_digits,10,0.9194444444444444,0.9199912514973942,0.9223284969291411,0.9194444444444444,9,0.38746268587873933,0.5165103490227042,0.0,0.985282101308923,0.7797994123182448,0.03333333333333333,0.0,0.9826313179112471,0.5596002532058773,0.9856348876548431,0.9879328847065988,0.9999985714306122,pixel_29,pixel_19,False,soft_adjust,completo,digits
gb_G1_digits,11,0.9166666666666666,0.917919401040572,0.9216347970362848,0.9166666666666666,9,0.30881502805775457,0.4310068396768793,0.008078277183933226,0.9378553391563565,0.6125823138213443,0.06896551724137931,0.008078277183933226,0.8872584803030439,0.5108799337636799,0.9849256402450789,0.9884521980096692,0.7142846938790087,pixel_29,pixel_19,False,force_adjust,completo,digits
gb_G1_digits,12,0.9166666666666666,0.9179619386179185,0.921916368480137,0.9166666666666666,9,0.36428767707110227,0.4845897842254908,0.0,0.976646632075379,0.6805937540221534,0.03333333333333333,0.0,0.9621120602923343,0.5278555635975476,0.9689707816467814,0.9911812038584238,0.8333319444467593,pixel_29,pixel_19,False,force_adjust,completo,digits
gb_G1_digits,13,0.9166666666666666,0.9179619386179185,0.921916368480137,0.9166666666666666,9,0.3612541632789295,0.41154904889107424,0.0,0.9776152320663725,0.5226680442942475,0.06896551724137931,0.0,0.9621200161785466,0.4998820390012673,0.9775994452056452,0.9931104479541983,0.5454540495872277,pixel_29,pixel_19,False,force_adjust,completo,digits
gb_G1_digits,14,0.9166666666666666,0.9181787584568932,0.9225988768071345,0.9166666666666666,9,0.3572276762614726,0.4165678291207079,0.0,0.9834942081543356,0.5523142569404134,0.03333333333333333,0.0,0.9738150954448348,0.5591744642935992,0.9780104918576455,0.9931733208638364,0.5454540495872277,pixel_29,pixel_19,False,force_adjust,completo,digits
gb_G1_digits,15,0.9138888888888889,0.9147542173131777,0.9175656351261191,0.9138888888888889,9,0.3838471860107513,0.5058579016382805,0.0,0.9758482069009792,0.7521528330434524,0.03333333333333333,0.0,0.9701012250913114,0.5043076660829049,0.9708370706593746,0.981595188710647,0.999998000004,pixel_29,pixel_19,False,soft_adjust,completo,digits
gb_G1_digits,16,0.9111111111111111,0.912047240897709,0.9146175675780323,0.9111111111111111,9,0.3692562673364717,0.4083351500424876,0.003970970052248736,0.9770181199420083,0.5347677088262277,0.01639344262295082,0.003970970052248736,0.9722597803954687,0.4695360176518553,0.9712866702785666,0.9817764594885477,0.5999994000006,pixel_29,pixel_19,False,force_adjust,completo,digits
gb_G1_digits,17,0.9138888888888889,0.9150186689364587,0.9183262402569387,0.9138888888888889,9,0.32811625274113704,0.4481965675247902,0.01712138579289549,0.9852494202239577,0.6213432304824174,0.06896551724137931,0.01712138579289549,0.9800938789422339,0.528401767085826,0.9754731438340589,0.9904049615056814,0.7142846938790087,pixel_29,pixel_19,False,force_adjust,completo,digits
gb_G1_digits,18,0.9111111111111111,0.9121899820260737,0.9155610431893462,0.9111111111111111,9,0.35068230590503585,0.42387488102854926,0.035663602324172455,0.9837123156273475,0.5230096461275124,0.06896551724137931,0.035663602324172455,0.9763203938779809,0.5460197922545248,0.980016068973779,0.9911042373767143,0.4999995000005,pixel_29,pixel_19,False,force_adjust,completo,digits
gb_G1_digits,19,0.9,0.9007189359123283,0.9051633453588862,0.9,1,0.31384652058027185,0.5427486110047147,0.03424874934920594,0.7971101268552431,0.7728170104493026,0.6756756756756757,0.03424874934920594,0.6,0.6706351146472381,0.9829520907769014,0.9942202537104862,0.8749989062513672,pixel_19,pixel_19,True,soft_adjust,completo,digits
rf_G1_digits,0,0.8333333333333334,0.8306782158619822,0.8365065272197388,0.8333333333333334,0,0.19142260092145594,0.4378075389791088,0.0,0.9999931304220118,0.5821712054558792,0.08771929824561403,0.0,0.9999989244652774,0.4976762998001843,0.5285940551437128,0.999987336378746,0.666666111111574,pixel_42,pixel_38,False,soft_adjust,completo,digits
rf_G1_digits,1,0.8555555555555555,0.8526038792685416,0.8647913856204189,0.8555555555555555,1,0.17331372360627403,0.4593239431642262,0.019094376280879035,0.7696866641976076,0.7041583121410844,0.21568627450980393,0.019094376280879035,0.6,0.6083174242813687,0.626699585239152,0.9393733283952151,0.7999992000008,pixel_12,pixel_36,False,soft_adjust,completo,digits
rf_G1_digits,2,0.8694444444444445,0.8687514572283562,0.8742586421114606,0.8694444444444445,1,0.2226395619328808,0.4814083333029753,0.0,0.7399016997375472,0.7671794620038221,0.4418604651162791,0.0,0.6,0.6454710227719791,0.5227089661169635,0.8798033994750943,0.8888879012356652,pixel_20,pixel_38,False,soft_adjust,completo,digits
rf_G1_digits,3,0.875,0.8743491565975957,0.8811962886381492,0.875,8,0.19643725144385396,0.4389086994742025,0.0,0.7358348042542395,0.6892564049585523,0.19230769230769232,0.0,0.6,0.7118468839903557,0.3909369778141779,0.8716696085084791,0.666665925926749,pixel_38,pixel_36,False,soft_adjust,completo,digits
rf_G1_digits,4,0.8527777777777777,0.8494336940420084,0.8574455734089754,0.8527777777777777,3,0.16645812730667076,0.4139972701991806,0.16030031383505292,0.7427269746805436,0.5266773671876886,0.14814814814814814,0.16030031383505292,0.6,0.5533551510416967,0.5325294115888979,0.8854539493610872,0.49999958333368055,pixel_42,pixel_36,False,soft_adjust,completo,digits
rf_G1_digits,5,0.8583333333333333,0.856904576182079,0.8681331747792017,0.8583333333333333,3,0.22855924476777237,0.39745151610993396,0.03960877141775806,0.6949664912628675,0.632016798822225,0.14814814814814814,0.03960877141775806,0.6,0.5497483935624528,0.5018521616597743,0.789932982525735,0.7142852040819971,pixel_30,pixel_38,False,soft_adjust,completo,digits
rf_G1_digits,6,0.8611111111111112,0.8584827435725776,0.869724719269267,0.8611111111111112,3,0.2756512990555667,0.4079373536474952,0.0,0.6276126799904129,0.7242806121663068,0.0,0.0,0.6552253599808259,0.630380149951772,0.42151615871640813,0.6,0.8181810743808414,pixel_26,pixel_43,False,soft_adjust,completo,digits
rf_G1_digits,7,0.8694444444444445,0.8694352788194165,0.8811702796996914,0.8694444444444445,9,0.20899267277246736,0.42342562312907905,0.05726734676457917,0.6610888054377069,0.6824107258009285,0.03333333333333333,0.05726734676457917,0.6,0.4759335503661919,0.7010867121485267,0.7221776108754139,0.8888879012356652,pixel_27,pixel_36,False,soft_adjust,completo,digits
rf_G1_digits,8,0.85,0.8436892168026674,0.861909830359547,0.85,3,0.22665404674474537,0.47853503014594156,0.08925060213418244,0.7458707530985005,0.7498773795421356,0.08771929824561403,0.08925060213418244,0.6818838587987264,0.6426131264294607,0.507838194042749,0.8098576473982745,0.8571416326548105,pixel_42,pixel_36,False,soft_adjust,completo,digits
rf_G1_digits,9,0.8611111111111112,0.8593934893382845,0.8696698822871812,0.8611111111111112,3,0.23553441085638044,0.47881110005792676,0.039324700163096395,0.7583865270605038,0.8081251668238353,0.01639344262295082,0.039324700163096395,0.779640277142355,0.7071602510022912,0.5366542262353655,0.7371327769786526,0.9090900826453794,pixel_42,pixel_36,False,soft_adjust,completo,digits
rf_G1_digits,10,0.8527777777777777,0.8502743721466921,0.8666959450057186,0.8527777777777777,3,0.19250354742863368,0.47460954898669766,0.04763742103024479,0.8539679490881281,0.7061560906962362,0.01639344262295082,0.04763742103024479,0.8511081598584294,0.5234242801568072,0.6200517421148073,0.8568277383178269,0.8888879012356652,pixel_29,pixel_36,False,soft_adjust,completo,digits
rf_G1_digits,11,0.8166666666666667,0.81357909033846,0.832549582238558,0.8166666666666667,3,0.23030529849774792,0.4925083705033036,0.05925176032516697,0.8360366184975709,0.7362085889008322,0.14814814814814814,0.05925176032516697,0.869802986485032,0.6724179778008643,0.7196100137089761,0.8022702505101099,0.7999992000008,pixel_42,pixel_36,False,soft_adjust,completo,digits
rf_G1_digits,12,0.85,0.8470330697852244,0.8583943607880565,0.85,3,0.20474027078763077,0.43621778178229154,0.0,0.804298867898749,0.6540688367150027,0.06896551724137931,0.0,0.7251089850729557,0.5581382984294845,0.6641373714481301,0.8834887507245422,0.7499993750005208,pixel_26,pixel_9,False,soft_adjust,completo,digits
rf_G1_digits,13,0.8555555555555555,0.8500240903579628,0.8653004796427688,0.8555555555555555,3,0.20507724557434895,0.546327951379013,0.11610700323340789,0.8124240083403871,0.8234207065341919,0.4090909090909091,0.11610700323340789,0.8168909489934952,0.6468428416377714,0.4750553119960859,0.807957067687279,0.9999985714306122,pixel_36,pixel_36,True,soft_adjust,completo,digits
rf_G1_digits,14,0.8722222222222222,0.8716116965879377,0.8783194298983773,0.8722222222222222,8,0.18281940229767343,0.3766293192309303,0.0,0.7209413994083924,0.5805724905220333,0.14814814814814814,0.0,0.6,0.6611453977103859,0.4266710725710528,0.8418827988167847,0.49999958333368055,pixel_42,pixel_38,False,soft_adjust,completo,digits
rf_G1_digits,15,0.8277777777777777,0.8239636530671103,0.8383696118478727,0.8277777777777777,3,0.22557394302166428,0.4740762575854833,0.021845561179076413,0.7613386349195961,0.7744227313025007,0.14814814814814814,0.021845561179076413,0.7004468492738923,0.7155128237155339,0.5799559411826919,0.8222304205652998,0.8333326388894676,pixel_21,pixel_60,False,soft_adjust,completo,digits
rf_G1_digits,16,0.8722222222222222,0.8711555751125011,0.8807416607463684,0.8722222222222222,3,0.19449820689416566,0.47047518252153986,0.037804558564656573,0.8021718204457956,0.7275397082409099,0.08771929824561403,0.037804558564656573,0.7231412889162956,0.6550802164810196,0.6355377644032699,0.8812023519752956,0.7999992000008,pixel_30,pixel_36,False,soft_adjust,completo,digits
rf_G1_digits,17,0.8444444444444444,0.8389502590791221,0.8551000527195267,0.8444444444444444,3,0.19971043864381088,0.4114626211503497,0.0,0.8250592324829268,0.6401330609759197,0.08771929824561403,0.0,0.8083597145491668,0.5802668219511393,0.5359298324303405,0.8417587504166868,0.6999993000007,pixel_26,pixel_20,False,soft_adjust,completo,digits
rf_G1_digits,18,0.8611111111111112,0.8601585105916968,0.8671371000863876,0.8611111111111112,8,0.15047358087161813,0.4767816830623232,0.0,0.737714916261638,0.8020098466563791,0.24,0.0,0.6,0.6040209433111957,0.5366338497648779,0.875429832523276,0.9999987500015625,pixel_42,pixel_30,False,soft_adjust,completo,digits
rf_G1_digits,19,0.85,0.8463371213329667,0.8630474612707164,0.85,3,0.22858976644369422,0.4871187880607476,0.056186173430244665,0.7447792563526432,0.7863168167347883,0.19230769230769232,0.056186173430244665,0.7442389713673139,0.6976347272182092,0.6252678925307744,0.7453195413379726,0.8749989062513672,pixel_42,pixel_26,False,soft_adjust,completo,digits
torch_G1_digits,0,0.9666666666666667,0.9666171098119185,0.9670122044414995,0.9666666666666667,5,0.9535055160522461,0.548123439212058,0.5018617950199254,0.9999599692153918,0.4383449327693464,0.10714285714285714,0.9979495191811725,0.9999999993297896,0.5433576433127669,0.5018617950199254,0.9999199391009941,0.3333322222259259,pixel_6,pixel_43,False,keep,completo,digits
torch_G1_digits,1,0.9666666666666667,0.9666171098119185,0.9670122044414995,0.9666666666666667,5,0.9535055160522461,0.5646118142441592,0.47182777520762276,0.9985033181959504,0.5245540785381876,0.10714285714285714,0.9984732397652263,0.9970866972909067,0.5491106570638753,0.47182777520762276,0.9999199391009941,0.4999975000124999,pixel_6,pixel_43,False,keep,completo,digits
torch_G1_digits,2,0.9666666666666667,0.9666171098119185,0.9670122044414995,0.9666666666666667,5,0.9535055160522461,0.590550889906967,0.5220864814262883,0.9978831202334688,0.5186933719151983,0.19230769230769232,0.9981575636076178,0.9958463013659437,0.5373892438178967,0.5220864814262883,0.9999199391009941,0.4999975000124999,pixel_6,pixel_43,False,keep,completo,digits
torch_G1_digits,3,0.9666666666666667,0.9666171098119185,0.9670122044414995,0.9666666666666667,5,0.9535055160522461,0.5521941687082758,0.4765899856346453,0.9981301639176117,0.4361282606410848,0.19230769230769232,0.9986856933832987,0.9963403887342294,0.5389242990562436,0.4765899856346453,0.9999199391009941,0.3333322222259259,pixel_6,pixel_43,False,keep,completo,digits
torch_G1_digits,4,0.9666666666666667,0.9666171098119185,0.9670122044414995,0.9666666666666667,5,0.9535055160522461,0.566397349921682,0.5212661393106934,0.9982171020981341,0.4387235958592888,0.19230769230769232,0.9984037638449065,0.9965142650952741,0.5441149694926517,0.5212661393106934,0.9999199391009941,0.3333322222259259,pixel_6,pixel_43,False,keep,completo,digits
torch_G1_digits,5,0.9666666666666667,0.9666171098119185,0.9670122044414995,0.9666666666666667,5,0.9535055160522461,0.5439478239840345,0.4880622454617311,0.9989861881737403,0.43903724910217223,0.10714285714285714,0.9983866270913827,0.9980524372464866,0.5447422759784186,0.4880622454617311,0.9999199391009941,0.3333322222259259,pixel_6,pixel_43,False,keep,completo,digits
torch_G1_digits,6,0.9666666666666667,0.9666171098119185,0.9670122044414995,0.9666666666666667,5,0.9535055160522461,0.56979053178178,0.5367689629255048,0.9974810715943789,0.4351447371979331,0.19230769230769232,0.9984737510899885,0.9953516883099293,0.5369572521699404,0.5367689629255048,0.9996104548788287,0.3333322222259259,pixel_6,pixel_43,False,keep,completo,digits
torch_G1_digits,7,0.9666666666666667,0.9666171098119185,0.9670122044414995,0.9666666666666667,5,0.9535055160522461,0.5639569599947402,0.5126934095232824,0.9980553121171928,0.4392965175410115,0.19230769230769232,0.9989222302743922,0.9964268760997054,0.5452608128560972,0.5126934095232824,0.9996837481346802,0.3333322222259259,pixel_6,pixel_43,False,keep,completo,digits
torch_G1_digits,8,0.9666666666666667,0.9666171098119185,0.9670122044414995,0.9666666666666667,5,0.9535055160522461,0.5784117810775657,0.5241469723142494,0.9987099571001261,0.5180625717894363,0.10714285714285714,0.9989015289113149,0.9976860421131959,0.5361276435663725,0.5241469723142494,0.9997338720870563,0.4999975000124999,pixel_6,pixel_43,False,keep,completo,digits
torch_G1_digits,9,0.9666666666666667,0.9666171098119185,0.9670122044414995,0.9666666666666667,5,0.9535055160522461,0.576287692318596,0.548653167433451,0.9982622788715929,0.4442667284150287,0.19230769230769232,0.9987860471085153,0.9967549022082564,0.5552012346041315,0.548653167433451,0.9997696555349296,0.3333322222259259,pixel_6,pixel_43,False,keep,completo,digits
torch_G1_digits,10,0.9666666666666667,0.9666171098119185,0.9670122044414995,0.9666666666666667,5,0.9535055160522461,0.560148217353968,0.4949321902315405,0.9979237461849235,0.44447156630707063,0.19230769230769232,0.9987852497760601,0.9960514023010559,0.5556109103882154,0.4949321902315405,0.9997960900687912,0.3333322222259259,pixel_6,pixel_43,False,keep,completo,digits
torch_G1_digits,11,0.9666666666666667,0.9666171098119185,0.9670122044414995,0.9666666666666667,5,0.9535055160522461,0.5646760277584572,0.5194414854224788,0.9973773834108447,0.43551027477616133,0.19230769230769232,0.9990800146532401,0.9949385964909508,0.5376883273263967,0.5194414854224788,0.9998161703307386,0.3333322222259259,pixel_6,pixel_43,False,keep,completo,digits
torch_G1_digits,12,0.9666666666666667,0.9666171098119185,0.9670122044414995,0.9666666666666667,5,0.9535055160522461,0.5680909331481668,0.5330060200899386,0.9982300110494579,0.4326182350422234,0.19230769230769232,0.9988421989838883,0.9966282408255233,0.531904247858521,0.5330060200899386,0.9998317812733925,0.3333322222259259,pixel_6,pixel_43,False,keep,completo,digits
torch_G1_digits,13,0.9666666666666667,0.9666171098119185,0.9670122044414995,0.9666666666666667,5,0.9535055160522461,0.5690712724156727,0.5345738753375845,0.9979947082935239,0.4345142629828752,0.19230769230769232,0.9988562490300256,0.9961452592060209,0.5356963037398246,0.5345738753375845,0.9998441573810268,0.3333322222259259,pixel_6,pixel_43,False,keep,completo,digits
torch_G1_digits,14,0.9666666666666667,0.9666171098119185,0.9670122044414995,0.9666666666666667,5,0.9535055160522461,0.567922293169902,0.5221639855989941,0.9972004434868258,0.4437561092411445,0.19230769230769232,0.9992136828029256,0.9945467524176593,0.5541799962563632,0.5221639855989941,0.9998541345559923,0.3333322222259259,pixel_6,pixel_43,False,keep,completo,digits
torch_G1_digits,15,0.9666666666666667,0.9666171098119185,0.9670122044414995,0.9666666666666667,5,0.9535055160522461,0.5698800786996029,0.535682427696712,0.9977428714826586,0.43631159557923604,0.19230769230769232,0.9989861044895276,0.9956234478254136,0.5392909689325461,0.535682427696712,0.9998622951399038,0.3333322222259259,pixel_6,pixel_43,False,keep,completo,digits
torch_G1_digits,16,0.9666666666666667,0.9666171098119185,0.9670122044414995,0.9666666666666667,5,0.9535055160522461,0.5612466001713587,0.5059861531189377,0.9980675361283251,0.43695905452480766,0.19230769230769232,0.9987713033223827,0.9962660173459301,0.5405858868236894,0.5059861531189377,0.9998690549107202,0.3333322222259259,pixel_6,pixel_43,False,keep,completo,digits
torch_G1_digits,17,0.9666666666666667,0.9666171098119185,0.9670122044414995,0.9666666666666667,5,0.9535055160522461,0.5715881154225221,0.538818457241766,0.9982228306716494,0.43846905578642037,0.19230769230769232,0.9988710773956812,0.9965709441957964,0.5436058893469149,0.538818457241766,0.9998747171475023,0.3333322222259259,pixel_6,pixel_43,False,keep,completo,digits
torch_G1_digits,18,0.9666666666666667,0.9666171098119185,0.9670122044414995,0.9666666666666667,5,0.9535055160522461,0.5433394976068155,0.49139333189277856,0.9960469885016834,0.43612774114044206,0.10714285714285714,0.9989929585892189,0.9922144697271084,0.5389232600549582,0.49139333189277856,0.9998795072762583,0.3333322222259259,pixel_6,pixel_43,False,keep,completo,digits
torch_G1_digits,19,0.9666666666666667,0.9666171098119185,0.9670122044414995,0.9666666666666667,5,0.9535055160522461,0.5635311471968594,0.5170818752066354,0.9978975600577625,0.43362013591424764,0.19230769230769232,0.9991821460477331,0.9959115244378987,0.5339080496025694,0.5170818752066354,0.9998835956776264,0.3333322222259259,pixel_6,pixel_43,False,keep,completo,digits
gb_G1_covertype,0,0.712,0.7064547839115479,0.711136125602566,0.712,1,0.5268024833968711,0.7662187508124145,0.7409046108740699,0.9999997650954052,0.6849529593826793,0.5897435897435898,0.7409046108740699,0.9999997936429118,0.5365732798758909,0.8550752400877846,0.9999997365478986,0.8333326388894676,f0,f0,True,keep,completo,covertype
gb_G1_covertype,1,0.712,0.7064547839115479,0.711136125602566,0.712,1,0.5268024833968711,0.7473690212966917,0.6780722325097984,0.9999997010696394,0.6849529593826793,0.5897435897435898,0.6780722325097984,0.9999996655913802,0.5365732798758909,0.8293568291295971,0.9999997365478986,0.8333326388894676,f0,f0,True,soft_adjust,completo,covertype
gb_G1_covertype,2,0.714,0.7052795281087441,0.7128250239479471,0.714,1,0.8573276907628058,0.4992246366243331,0.0,0.7926395830958823,0.8429722130909519,0.19230769230769232,0.0,0.6,0.6859454261809039,0.8276616036248947,0.9852791661917646,0.999999000001,f5,f0,False,soft_adjust,completo,covertype
gb_G1_covertype,3,0.71,0.7046397124192646,0.714307901156209,0.71,1,0.5211706014411297,0.752216761480021,0.6330189508013323,0.9959709995823185,0.7693944211468058,0.55,0.6330189508013323,0.9935081264398855,0.5387898422926115,0.8578897808829744,0.9984338727247516,0.999999000001,f0,f0,True,soft_adjust,completo,covertype
gb_G1_covertype,4,0.702,0.6933455304970552,0.7014500167556368,0.702,1,0.8667208892959183,0.47498764788182096,0.0,0.7962532632848891,0.753326204907878,0.21568627450980393,0.0,0.6,0.6733197709262885,0.8375965647580469,0.9925065265697783,0.8333326388894676,f5,f0,False,soft_adjust,completo,covertype
gb_G1_covertype,5,0.707,0.7007396572422236,0.7094185564357387,0.707,1,0.5555835183022763,0.7122327063026949,0.622941053131072,0.9939043176208344,0.6071248961763385,0.631578947368421,0.622941053131072,0.9907441381003496,0.4450196148374289,0.8499434534778458,0.9970644971413192,0.7692301775152481,f0,f0,True,soft_adjust,completo,covertype
gb_G1_covertype,6,0.708,0.6999219896165013,0.7042522264150942,0.708,1,0.8670516796511,0.5285822431585017,0.0,0.7952759264868292,0.9267108717893144,0.24,0.0,0.6,0.8534227435776289,0.8386048014674782,0.9905518529736583,0.999999000001,f5,f0,False,keep,completo,covertype
gb_G1_covertype,7,0.708,0.6999219896165013,0.7042522264150942,0.708,1,0.8670516796511,0.5038467201388768,0.0,0.7963336510752492,0.8433776912335482,0.24,0.0,0.6,0.8534227435776289,0.8343378930725021,0.9926673021504984,0.8333326388894676,f5,f0,False,soft_adjust,completo,covertype
gb_G1_covertype,8,0.712,0.7068323116719352,0.7125195080170097,0.712,1,0.516221480661401,0.7588174666126618,0.6327633801905108,0.975337036418503,0.7680578378187322,0.631578947368421,0.6327633801905108,0.9611087587471878,0.5361166756364644,0.859899187258387,0.9895653140898183,0.999999000001,f0,f0,True,soft_adjust,completo,covertype
gb_G1_covertype,9,0.709,0.7025726073374456,0.7076633821770334,0.709,1,0.5301712534019809,0.7403573221536528,0.6248686011281331,0.9847271913604472,0.70659367289946,0.631578947368421,0.6248686011281331,0.9744757049872238,0.4131883457979199,0.8458606641787529,0.9949786777336705,0.999999000001,f0,f0,True,soft_adjust,completo,covertype
gb_G1_covertype,10,0.708,0.6999177873394681,0.7033974755436979,0.708,1,0.8510954049932539,0.46839978013413835,0.0,0.7853768658317358,0.7902535182649437,0.01639344262295082,0.0,0.6,0.7471743976404198,0.8453551146069127,0.9707537316634717,0.8333326388894676,f5,f0,False,soft_adjust,completo,covertype
gb_G1_covertype,11,0.707,0.7012309503261331,0.7114817283332275,0.707,1,0.539906405326593,0.7276677618730605,0.585691131384541,0.9477919280578085,0.6889303570330426,0.7222222222222222,0.585691131384541,0.966157115079465,0.37786171406508523,0.8038971954443752,0.9294267410361521,0.999999000001,f0,f0,True,soft_adjust,completo,covertype
gb_G1_covertype,12,0.707,0.6988228713167932,0.7079880572912641,0.707,1,0.8604788131540948,0.4807390407325802,0.0,0.7913530602381198,0.7880497553881551,0.16981132075471697,0.0,0.6,0.7427668718868428,0.8363393438756765,0.9827061204762395,0.8333326388894676,f5,f0,False,soft_adjust,completo,covertype
gb_G1_covertype,13,0.71,0.7030237498577352,0.7137162797638972,0.71,1,0.5466367909660694,0.7334132708590887,0.6057519421302368,0.9533876904398432,0.6833581075890787,0.7222222222222222,0.6057519421302368,0.9688965949859363,0.5333835762886898,0.8080628167330375,0.9378787858937501,0.8333326388894676,f0,f0,True,soft_adjust,completo,covertype
gb_G1_covertype,14,0.713,0.7055282677569888,0.7093770068542211,0.713,1,0.8647139907621921,0.490949017155055,0.0,0.7980376625083975,0.8165125082378395,0.16981132075471697,0.0,0.6,0.6330260164746792,0.8485189560562603,0.996075325016795,0.999999000001,f5,f0,False,soft_adjust,completo,covertype
gb_G1_covertype,15,0.718,0.7115222118755777,0.7189490872494961,0.718,1,0.5609753585376007,0.7907631761940878,0.6621804614698569,0.9838542233871075,0.7927071619100685,0.7222222222222222,0.6621804614698569,0.9758346582277277,0.5854153238191371,0.865463705590517,0.9918737885464872,0.999999000001,f0,f0,True,soft_adjust,completo,covertype
gb_G1_covertype,16,0.71,0.7015707372677475,0.7047571478332987,0.71,1,0.8445449527741579,0.47712588503091485,0.07511536737298492,0.7875365044521335,0.7465238290199533,0.0,0.07511536737298492,0.6,0.659715019150439,0.831299712411267,0.9750730089042671,0.8333326388894676,f5,f0,False,soft_adjust,completo,covertype
gb_G1_covertype,17,0.706,0.6987591118138332,0.7029706518013026,0.706,1,0.5234050145220813,0.7137474334124647,0.6573758767944676,0.9796157784396596,0.6673405144521272,0.47619047619047616,0.6573758767944676,0.9676253661735524,0.33468202890325427,0.8516029084035981,0.9916061907057668,0.999999000001,f0,f0,True,soft_adjust,completo,covertype
gb_G1_covertype,18,0.713,0.7050276175999733,0.711567240717146,0.713,1,0.8651384477067169,0.4715518762788865,0.0,0.797836736141726,0.7520228106228374,0.16981132075471697,0.0,0.6,0.6707129823562071,0.8429888059341498,0.9956734722834519,0.8333326388894676,f5,f0,False,soft_adjust,completo,covertype
gb_G1_covertype,19,0.707,0.6996225127800426,0.7038194280414695,0.707,1,0.5236799491350884,0.6934250589391793,0.6546596807850391,0.9795586298454262,0.6023630860457985,0.47619047619047616,0.6546596807850391,0.9644809101267295,0.37139353320212937,0.8617179655159005,0.994636349564123,0.8333326388894676,f0,f0,True,soft_adjust,completo,covertype
rf_G1_covertype,0,0.626,0.5802102609783654,0.5902902778168124,0.626,1,0.521994671704392,0.543396500162662,0.0,0.9996098340106738,0.8485720928896339,0.06896551724137931,0.0,0.999265530517124,0.6971541856792687,0.4589953128701903,0.9999541375042238,0.999990000099999,f5,f42,False,adjust,completo,covertype
rf_G1_covertype,1,0.613,0.5534154419645424,0.5355252145020188,0.613,1,0.6404431372095029,0.3544616112188636,0.0,0.9864749263489965,0.359476265438715,0.0,0.0,0.9917333286012002,0.71895253087743,0.48559502601402904,0.9812165240967926,0.0,f2,f25,False,adjust,completo,covertype
rf_G1_covertype,2,0.643,0.6047560362369748,0.5880310035842293,0.643,1,0.5659850243763048,0.6113486722975021,0.41314638433823886,0.8236521134048493,0.8085643828390487,0.06896551724137931,0.4905804823378399,0.6890560050773427,0.6171312656718475,0.41314638433823886,0.9582482217323559,0.99999750000625,f0,f25,False,adjust,completo,covertype
rf_G1_covertype,3,0.66,0.6236380895481368,0.6030630102416165,0.66,1,0.5302834817635056,0.49614752130391604,0.3385177120008528,0.6,0.6547304359352775,0.19230769230769232,0.6363569400123406,0.6,0.3094658718455551,0.3385177120008528,0.6,0.9999950000249999,f0,f9,False,adjust,completo,covertype
rf_G1_covertype,4,0.657,0.6193636786358844,0.6057180035315884,0.657,1,0.6305325688487591,0.4545636398149397,0.0,0.6201244321231452,0.8687003933034998,0.06896551724137931,0.0,0.6,0.7374107865070005,0.16337716514861764,0.6402488642462905,0.999990000099999,f5,f28,False,adjust,completo,covertype
rf_G1_covertype,5,0.615,0.5648969263383526,0.5768934567382246,0.615,1,0.5534238366717927,0.26620095024949775,0.0,0.6,0.37913977952018374,0.01639344262295082,0.004718523314929744,0.6,0.7582795590403675,0.0,0.6,0.0,f9,f0,False,adjust,completo,covertype
rf_G1_covertype,6,0.656,0.6214205046645348,0.5995987759199721,0.656,1,0.6619928776615337,0.513827727642445,0.0,0.7245565707140618,0.8880317173216254,0.4418604651162791,0.0,0.8491131414281236,0.7760648632126387,0.00771537491409257,0.6,0.9999985714306122,f9,f9,True,adjust,completo,covertype
rf_G1_covertype,7,0.559,0.46669663657195115,0.5752143370434655,0.559,1,0.522933725726591,0.24591633779757313,0.0,0.6,0.2852383673712208,0.06896551724137931,0.01803642067584078,0.6,0.5704767347424416,0.0,0.6,0.0,f9,f10,False,adjust,completo,covertype
rf_G1_covertype,8,0.64,0.5999915361888383,0.5909057170542636,0.64,1,0.48138690942928425,0.6713129198314202,0.6906412104886911,0.6778057287889305,0.7441351768633628,0.47619047619047616,0.6906412104886911,0.7556114575778612,0.4882803536267266,0.8447385720953504,0.6,0.999990000099999,f0,f0,True,adjust,completo,covertype
rf_G1_covertype,9,0.644,0.6015017123206982,0.5894703065435046,0.644,1,0.531591364359935,0.44573559910331145,0.40153237951776816,0.7856919000677405,0.30950970077015305,0.24,0.5155088920392003,0.9030426855101621,0.6190194015403061,0.40153237951776816,0.6683411146253189,0.0,f0,f10,False,adjust,completo,covertype
rf_G1_covertype,10,0.651,0.6154045381016359,0.5942421513764832,0.651,1,0.6724096654598155,0.2924381385735892,0.0,0.6387988169639705,0.36838737370124797,0.14814814814814814,0.0,0.6775976339279408,0.7367747474024959,0.16346929966678558,0.6,0.0,f2,f5,False,adjust,completo,covertype
rf_G1_covertype,11,0.666,0.6337910518014874,0.6078811868701077,0.666,1,0.5742657596453643,0.40966272547704585,0.0,0.6,0.7447090849234862,0.03333333333333333,0.0,0.6,0.4894231698219725,0.0,0.6,0.9999950000249999,f6,f0,False,adjust,completo,covertype
rf_G1_covertype,12,0.654,0.618397482156468,0.5973877060439561,0.654,1,0.6291001341555837,0.27648700368835305,0.0,0.7393108040991353,0.28886434221189744,0.03333333333333333,0.0,0.7930744081070139,0.5777286844237949,0.38794117458138094,0.6855472000912567,0.0,f9,f25,False,adjust,completo,covertype
rf_G1_covertype,13,0.654,0.620076487891062,0.5964535806570691,0.654,1,0.5540439012437315,0.4880807481003494,0.023236340947165864,0.6073123841817392,0.8415082715936064,0.5121951219512195,0.023236340947165864,0.6,0.6830190431809628,0.10050097370432576,0.6146247683634783,0.99999750000625,f9,f9,True,adjust,completo,covertype
rf_G1_covertype,14,0.663,0.6266125192722788,0.60843766330429,0.663,1,0.6256427950155101,0.391840497209538,0.14810176197242456,0.8770096125114377,0.3531178108924301,0.14814814814814814,0.14810176197242456,0.9511768543350806,0.7062356217848602,0.6195756497561574,0.802842370687795,0.0,f2,f25,False,adjust,completo,covertype
rf_G1_covertype,15,0.608,0.5507781565382363,0.5813560649338285,0.608,1,0.5113587674457083,0.5510107683560788,0.6910427630122732,0.6690152794567878,0.3672168327358599,0.4418604651162791,0.6910427630122732,0.7380305589135756,0.7344336654717198,0.7710696709757654,0.6,0.0,f0,f0,True,adjust,completo,covertype
rf_G1_covertype,16,0.587,0.5235423378841759,0.5641436625464656,0.587,1,0.5577605193617703,0.28056346362204815,0.0,0.7113648088427611,0.30792477941716984,0.06896551724137931,0.0,0.6,0.6158495588343397,0.3285385681011364,0.8227296176855223,0.0,f5,f25,False,adjust,completo,covertype
rf_G1_covertype,17,0.647,0.6069774043801441,0.5885437199800387,0.647,1,0.5840309297571407,0.4544051641348346,0.0,0.676826209764035,0.746116584433965,0.4090909090909091,0.1940645517892428,0.7536524195280699,0.49223483553181885,0.0,0.6,0.9999983333361111,f9,f9,True,adjust,completo,covertype
rf_G1_covertype,18,0.663,0.6218220709985814,0.6061173633447976,0.663,1,0.6551063757278427,0.27360964348530026,0.0,0.6583958289726375,0.346702287473803,0.03333333333333333,0.0,0.7083687587807308,0.693404574947606,0.27234858681359186,0.6084228991645442,0.0,f2,f25,False,adjust,completo,covertype
rf_G1_covertype,19,0.603,0.5512031368922264,0.5681110746630537,0.603,1,0.5295294324467809,0.4736116686964066,0.6930647708100033,0.6024620702604624,0.14549382819906198,0.47619047619047616,0.6930647708100033,0.6049241405209247,0.29098765639812396,0.7442860715588085,0.6,0.0,f0,f0,True,adjust,completo,covertype
torch_G1_covertype,0,0.717,0.7105194190053794,0.7088258087259656,0.717,1,0.44878897070884705,0.7762916709603686,0.8855234777677189,0.9999998899600792,0.6126846228245008,0.5121951219512195,0.9911338922009957,0.9999999921133789,0.558703023426483,0.8855234777677189,0.9999997878067794,0.6666662222225185,f0,f0,True,soft_adjust,completo,covertype
torch_G1_covertype,1,0.724,0.7199685094564301,0.7234257429524035,0.724,1,0.6750288009643555,0.8074095478762509,0.8572830737253184,0.9865545166978661,0.7738580838520581,0.47619047619047616,0.9923079993611447,0.9764403418609487,0.5477171677031162,0.8572830737253184,0.9966686915347834,0.999999000001,f0,f0,True,keep,completo,covertype
torch_G1_covertype,2,0.724,0.7199685094564301,0.7234257429524035,0.724,1,0.6750288009643555,0.8083722196848727,0.8610252415148553,0.9906107785394209,0.8034943874397484,0.4090909090909091,0.9970924584995534,0.9827645801582012,0.6069897748784968,0.8610252415148553,0.9984569769206406,0.999999000001,f0,f0,True,keep,completo,covertype
torch_G1_covertype,3,0.724,0.7199685094564301,0.7234257429524035,0.724,1,0.6750288009643555,0.8024512502818654,0.8454664716851208,0.9909445605897327,0.799038440884199,0.4090909090909091,0.9862759385757365,0.9827751906457085,0.598077881767398,0.8454664716851208,0.9991139305337569,0.999999000001,f0,f0,True,keep,completo,covertype
torch_G1_covertype,4,0.724,0.7199685094564301,0.7234257429524035,0.724,1,0.6750288009643555,0.8103900050362371,0.856023004913337,0.9964695603427209,0.8103402570430649,0.4090909090909091,0.9977515300157607,0.9935133110643029,0.6206815140851297,0.856023004913337,0.9994258096211389,0.999999000001,f0,f0,True,keep,completo,covertype
torch_G1_covertype,5,0.724,0.7199685094564301,0.7234257429524035,0.724,1,0.6750288009643555,0.8058107113992767,0.860003030612974,0.9915552227996345,0.8108477661626974,0.37777777777777777,0.9893331743374755,0.9835125437462993,0.6216965323243949,0.860003030612974,0.9995979018529696,0.999999000001,f0,f0,True,keep,completo,covertype
torch_G1_covertype,6,0.724,0.7199685094564301,0.7234257429524035,0.724,1,0.6750288009643555,0.8042549629768811,0.8686517073740079,0.9884738466986254,0.7995810747445193,0.37777777777777777,0.9973106646800018,0.9793539591191346,0.5991631494880386,0.8686517073740079,0.997593734278116,0.999999000001,f0,f0,True,soft_adjust,completo,covertype
torch_G1_covertype,7,0.726,0.7205276956936827,0.7230186522149673,0.726,1,0.6735309362411499,0.7994494139374617,0.8728344066356915,0.9743745114722642,0.8194412905187043,0.19230769230769232,0.9980421594354388,0.9508771101988757,0.6388835810364087,0.8728344066356915,0.9978719127456526,0.999999000001,f24,f0,False,keep,completo,covertype
torch_G1_covertype,8,0.726,0.7205276956936827,0.7230186522149673,0.726,1,0.6735309362411499,0.7940537283642063,0.846198015438418,0.9901708858224672,0.8090837722960962,0.21568627450980393,0.9835099328045465,0.9820273042992409,0.6181685445911925,0.846198015438418,0.9983144673456934,0.999999000001,f24,f0,False,keep,completo,covertype
torch_G1_covertype,9,0.726,0.7205276956936827,0.7230186522149673,0.726,1,0.6735309362411499,0.8134351594679641,0.8528537926312877,0.991020312504008,0.8118162459504465,0.4418604651162791,0.9858760021275802,0.9834084975213717,0.623633491899893,0.8528537926312877,0.9986321274866443,0.999999000001,f0,f0,True,keep,completo,covertype
torch_G1_covertype,10,0.726,0.7205276956936827,0.7230186522149673,0.726,1,0.6735309362411499,0.8081936775613114,0.8657941970896493,0.9908772918052358,0.7979081970649045,0.4090909090909091,0.9985600235326345,0.9828867833407205,0.595817394128809,0.8657941970896493,0.998867800269751,0.999999000001,f0,f0,True,keep,completo,covertype
torch_G1_covertype,11,0.726,0.7205276956936827,0.7230186522149673,0.726,1,0.6735309362411499,0.8096632866106996,0.825500892542839,0.9918674248921844,0.8258903095245339,0.4418604651162791,0.989730662650898,0.9846874094241799,0.6517816190480679,0.825500892542839,0.9990474403601889,0.999999000001,f0,f0,True,keep,completo,covertype
torch_G1_covertype,12,0.726,0.7205276956936827,0.7230186522149673,0.726,1,0.6735309362411499,0.8334260795700026,0.8673656638781696,0.9911867470971627,0.8286347511319274,0.5121951219512195,0.9975713687333152,0.9831860013894452,0.6572705022628549,0.8673656638781696,0.9991874928048802,0.999999000001,f0,f0,True,keep,completo,covertype
torch_G1_covertype,13,0.726,0.7205276956936827,0.7230186522149673,0.726,1,0.6735309362411499,0.7913415913545159,0.8202982065648576,0.9800025671922494,0.8119494030677654,0.37777777777777777,0.9922373250500571,0.960706348439486,0.6238998061345308,0.8202982065648576,0.9992987859450128,0.999999000001,f0,f0,True,keep,completo,covertype
torch_G1_covertype,14,0.726,0.7205276956936827,0.7230186522149673,0.726,1,0.6735309362411499,0.8150016266189768,0.8530240839488586,0.9959677907233901,0.8127446132867662,0.4418604651162791,0.9974141649022223,0.9925468965314381,0.6254902265725323,0.8530240839488586,0.9993886849153422,0.999999000001,f0,f0,True,keep,completo,covertype
torch_G1_covertype,15,0.726,0.7205276956936827,0.7230186522149673,0.726,1,0.6735309362411499,0.8016063621326794,0.8395255093342975,0.9927268087513286,0.816334468259638,0.37777777777777777,0.9895298069436353,0.9859912772933043,0.632669936518276,0.8395255093342975,0.9994623402093529,0.999999000001,f0,f0,True,keep,completo,covertype
torch_G1_covertype,16,0.726,0.7205276956936827,0.7230186522149673,0.726,1,0.6735309362411499,0.8014323304828489,0.8648265138002893,0.989109517414934,0.8159350880026448,0.21568627450980393,0.9990372971324004,0.9786955937374909,0.6318711760042895,0.8648265138002893,0.999523441092377,0.999999000001,f24,f0,False,keep,completo,covertype
torch_G1_covertype,17,0.726,0.7205276956936827,0.7230186522149673,0.726,1,0.6735309362411499,0.8112824780425588,0.8558893401263337,0.9958155798338364,0.8139938156085438,0.4090909090909091,0.991121145528068,0.9920564735114497,0.6279886312160875,0.8558893401263337,0.999574686156223,0.999999000001,f0,f0,True,keep,completo,covertype
torch_G1_covertype,18,0.726,0.7205276956936827,0.7230186522149673,0.726,1,0.6735309362411499,0.8179651988441434,0.8519080527262961,0.9955969544617951,0.8240482488112135,0.4418604651162791,0.9979661384653553,0.9915758227652693,0.6480974976214272,0.8519080527262961,0.9996180861583209,0.999999000001,f0,f0,True,keep,completo,covertype
torch_G1_covertype,19,0.726,0.7205276956936827,0.7230186522149673,0.726,1,0.6735309362411499,0.8003176485630421,0.8466977547198343,0.993430101397416,0.8042804337702372,0.37777777777777777,0.9904516344457852,0.9872050386656053,0.6085618675394743,0.8466977547198343,0.999655164129227,0.999999000001,f0,f0,True,keep,completo,covertype
gb_G1_wine,0,0.9722222222222222,0.9717752234993614,0.974074074074074,0.9722222222222222,1,0.7619924453972869,0.837670081347015,0.9110059132539791,0.9999999131571067,0.826964197713676,0.4418604651162791,0.9110059132539791,0.9999999516170138,0.6539298239967398,0.9514923479654795,0.9999998746971996,0.9999985714306122,flavanoids,color_intensity,False,keep,sin_mentor,wine
gb_G1_wine,1,0.9722222222222222,0.9717752234993614,0.974074074074074,0.9722222222222222,1,0.7619924453972869,0.8555848459227946,0.9047526723372042,0.9999989510763168,0.8929341222837075,0.4418604651162791,0.9047526723372042,0.9999980274554338,0.7858696731368027,0.9615508027329622,0.9999998746971996,0.9999985714306122,flavanoids,color_intensity,False,keep,sin_mentor,wine
gb_G1_wine,2,0.9722222222222222,0.9717752234993614,0.974074074074074,0.9722222222222222,1,0.7619924453972869,0.7654097179720403,0.6041684966880895,0.9999994500522378,0.8929341222837075,0.4418604651162791,0.6041684966880895,0.999999025407276,0.7858696731368027,0.939256749882121,0.9999998746971996,0.9999985714306122,flavanoids,color_intensity,False,soft_adjust,sin_mentor,wine
gb_G1_wine,3,0.9722222222222222,0.9717752234993614,0.974074074074074,0.9722222222222222,1,0.7615127040251143,0.8344073358280972,0.9001320351996338,0.99999758474665,0.826964197713676,0.4418604651162791,0.9001320351996338,0.9999974046002407,0.6539298239967398,0.9544195476808027,0.9999977648930592,0.9999985714306122,flavanoids,color_intensity,False,keep,sin_mentor,wine
gb_G1_wine,4,0.9722222222222222,0.9717752234993614,0.974074074074074,0.9722222222222222,1,0.7615127040251143,0.8282186680569985,0.8795023511961402,0.9999985344664475,0.826964197713676,0.4418604651162791,0.8795023511961402,0.9999985445890759,0.6539298239967398,0.9417919297615899,0.999998524343819,0.9999985714306122,flavanoids,color_intensity,False,keep,sin_mentor,wine
gb_G1_wine,5,0.9722222222222222,0.9717752234993614,0.974074074074074,0.9722222222222222,1,0.7615127040251143,0.8511923801448418,0.8901125768428249,0.9999972025577613,0.8929341222837075,0.4418604651162791,0.8901125768428249,0.9999954682051897,0.7858696731368027,0.9448114568382416,0.9999989369103329,0.9999985714306122,flavanoids,color_intensity,False,keep,sin_mentor,wine
gb_G1_wine,6,0.9722222222222222,0.9717752234993614,0.974074074074074,0.9722222222222222,1,0.7615127040251143,0.8304706308174847,0.9162591719532908,0.9992697988185146,0.826964197713676,0.3191489361702128,0.9162591719532908,0.9986067097550786,0.6539298239967398,0.9615783873181873,0.9999328878819508,0.9999985714306122,flavanoids,color_intensity,False,keep,sin_mentor,wine
gb_G1_wine,7,0.9722222222222222,0.9717752234993614,0.974074074074074,0.9722222222222222,1,0.7615127040251143,0.8228418879762807,0.8906930508691681,0.9994341727546459,0.826964197713676,0.3191489361702128,0.8906930508691681,0.9989197847927878,0.6539298239967398,0.939061764013169,0.9999485607165041,0.9999985714306122,flavanoids,color_intensity,False,keep,sin_mentor,wine
gb_G1_wine,8,0.9722222222222222,0.9717752234993614,0.974074074074074,0.9722222222222222,1,0.7615127040251143,0.8211531334341826,0.8849508870985019,0.9995697511110531,0.826964197713676,0.3191489361702128,0.8849508870985019,0.9991801885812629,0.6539298239967398,0.9275414852104624,0.9999593136408433,0.9999985714306122,flavanoids,color_intensity,False,keep,sin_mentor,wine
gb_G1_wine,9,0.9722222222222222,0.9717752234993614,0.974074074074074,0.9722222222222222,1,0.7615127040251143,0.7518785582218521,0.6539663327949308,0.999652915426016,0.826964197713676,0.3191489361702128,0.6539663327949308,0.9993388214087068,0.6539298239967398,0.9455915744817112,0.9999670094433252,0.9999985714306122,flavanoids,color_intensity,False,soft_adjust,sin_mentor,wine
gb_G1_wine,10,0.9722222222222222,0.9717752234993614,0.974074074074074,0.9722222222222222,1,0.7610332025501209,0.7545076849237227,0.6626977883366312,0.9996916755834577,0.826964197713676,0.3191489361702128,0.6626977883366312,0.9994069856513085,0.6539298239967398,0.9449212958737013,0.9999763655156071,0.9999985714306122,flavanoids,color_intensity,False,soft_adjust,sin_mentor,wine
gb_G1_wine,11,0.9722222222222222,0.9717752234993614,0.974074074074074,0.9722222222222222,1,0.7579791322381747,0.75548038378461,0.6660003171638772,0.9996194364343118,0.826964197713676,0.3191489361702128,0.6660003171638772,0.9995354772353247,0.6539298239967398,0.9376068878409641,0.9997033956332989,0.9999985714306122,flavanoids,color_intensity,False,soft_adjust,sin_mentor,wine
gb_G1_wine,12,0.9722222222222222,0.9717752234993614,0.974074074074074,0.9722222222222222,1,0.7975232757878072,0.7717520554049333,0.7020626818756391,0.9988130254089089,0.8458127475908279,0.3191489361702128,0.7020626818756391,0.9987710246484522,0.6916269237510435,0.935939876698557,0.9988550261693657,0.9999985714306122,flavanoids,color_intensity,False,soft_adjust,sin_mentor,wine
gb_G1_wine,13,0.9722222222222222,0.9717752234993614,0.974074074074074,0.9722222222222222,1,0.7959463942008458,0.7676721870982083,0.6882687971239374,0.9990462138840509,0.8458127475908279,0.3191489361702128,0.6882687971239374,0.9990664437290271,0.6916269237510435,0.9354235109244499,0.9990259840390747,0.9999985714306122,flavanoids,color_intensity,False,soft_adjust,sin_mentor,wine
gb_G1_wine,14,0.9722222222222222,0.9717752234993614,0.974074074074074,0.9722222222222222,1,0.7944172990704668,0.7740077352365224,0.7092917250205023,0.9991608929614293,0.8458127475908279,0.3191489361702128,0.7092917250205023,0.9991668996153795,0.6916269237510435,0.9349200797606783,0.9991548863074791,0.9999985714306122,flavanoids,color_intensity,False,soft_adjust,sin_mentor,wine
gb_G1_wine,15,0.9722222222222222,0.9717752234993614,0.974074074074074,0.9722222222222222,1,0.7571563795845718,0.76748247727315,0.7060309757916494,0.9995910200351454,0.826964197713676,0.3191489361702128,0.7060309757916494,0.9997899488251765,0.6539298239967398,0.9388381649094798,0.9993920912451145,0.9999985714306122,flavanoids,color_intensity,False,soft_adjust,sin_mentor,wine
gb_G1_wine,16,0.9722222222222222,0.9717752234993614,0.974074074074074,0.9722222222222222,1,0.755557791216121,0.7555858738785287,0.6663459753561617,0.9996266069792455,0.826964197713676,0.3191489361702128,0.6663459753561617,0.9998379746801991,0.6539298239967398,0.9384005515939785,0.999415239278292,0.9999985714306122,flavanoids,color_intensity,False,soft_adjust,sin_mentor,wine
gb_G1_wine,17,0.9722222222222222,0.9717752234993614,0.974074074074074,0.9722222222222222,1,0.7539621046453157,0.7626383874425835,0.6898091626498289,0.9996808364830644,0.826964197713676,0.3191489361702128,0.6898091626498289,0.9998746026229898,0.6539298239967398,0.9379654234283021,0.999487070343139,0.9999985714306122,flavanoids,color_intensity,False,soft_adjust,sin_mentor,wine
gb_G1_wine,18,0.9722222222222222,0.9717752234993614,0.974074074074074,0.9722222222222222,1,0.7523694045152023,0.7612246469219801,0.685079205238531,0.9997018232942082,0.826964197713676,0.3191489361702128,0.685079205238531,0.9999077788077695,0.6539298239967398,0.937476370900124,0.9994958677806469,0.9999985714306122,flavanoids,color_intensity,False,soft_adjust,sin_mentor,wine
gb_G1_wine,19,0.9722222222222222,0.9717752234993614,0.974074074074074,0.9722222222222222,1,0.7507797739102297,0.7632376392460294,0.6917708926085018,0.9997237677464406,0.826964197713676,0.3191489361702128,0.6917708926085018,0.9998998970357339,0.6539298239967398,0.9369612891109615,0.9995476384571471,0.9999985714306122,flavanoids,color_intensity,False,soft_adjust,sin_mentor,wine
rf_G1_wine,0,0.9722222222222222,0.9721867461331064,0.974074074074074,0.9722222222222222,1,0.4373182576595811,0.7419796623697966,0.7812553201938378,0.9999997087716408,0.5836771303957836,0.55,0.7812553201938378,0.9999997950527376,0.5006887052341598,0.9480005487932144,0.9999996224905439,0.6666655555574075,flavanoids,flavanoids,True,soft_adjust,sin_mentor,wine
rf_G1_wine,1,1.0,1.0,1.0,1.0,1,0.49557579549645714,0.7184154000354877,0.8242816970858025,0.9902771965972373,0.6373621686132234,0.21568627450980393,0.8242816970858025,0.9915966981492802,0.5247252747252747,0.9822349421616642,0.9889576950451945,0.7499990625011719,flavanoids,color_intensity,False,soft_adjust,sin_mentor,wine
rf_G1_wine,2,1.0,1.0,1.0,1.0,2,0.5313400283434657,0.44304898862513825,0.0,0.7878140705951436,0.5254464417160463,0.5897435897435898,0.0,0.6,0.5508941334289674,0.9401424023137295,0.9756281411902873,0.499998750003125,flavanoids,flavanoids,True,soft_adjust,sin_mentor,wine
rf_G1_wine,3,0.9722222222222222,0.9725248123940935,0.9753086419753088,0.9722222222222222,1,0.47463163274956627,0.7488616384783248,0.8670766432306536,0.9715487086284814,0.5445048945066945,0.55,0.8670766432306536,0.9498721366470548,0.489010989010989,0.9610522275554059,0.993225280609908,0.5999988000023999,flavanoids,flavanoids,True,soft_adjust,sin_mentor,wine
rf_G1_wine,4,0.9722222222222222,0.9721867461331064,0.974074074074074,0.9722222222222222,1,0.4942019335135729,0.6983523269133937,0.8327928984129536,0.9228884353379299,0.6181313579285154,0.21568627450980393,0.8327928984129536,0.9075380457185429,0.521978021978022,0.9724117362684406,0.9382388249573169,0.7142846938790087,flavanoids,color_intensity,False,soft_adjust,sin_mentor,wine
rf_G1_wine,5,0.9722222222222222,0.9717752234993614,0.974074074074074,0.9722222222222222,1,0.4882649207013999,0.761987312870802,0.8757710421174162,0.9658558364390328,0.6212115656574917,0.47619047619047616,0.8757710421174162,0.9606696512127253,0.5757575757575758,0.9549227978511916,0.9710420216653404,0.6666655555574075,flavanoids,color_intensity,False,soft_adjust,sin_mentor,wine
rf_G1_wine,6,1.0,1.0,1.0,1.0,1,0.5265528576815341,0.807562918607143,0.8980891984119844,0.9807184644993525,0.7719763553169108,0.4090909090909091,0.8980891984119844,0.9752041691260239,0.5439560439560439,0.9756805901452694,0.986232759872681,0.9999966666777778,flavanoids,color_intensity,False,soft_adjust,sin_mentor,wine
rf_G1_wine,7,1.0,1.0,1.0,1.0,1,0.6568198336428975,0.8092277423903349,0.8877951444346989,0.9668396265138648,0.8543939377344933,0.14814814814814814,0.8877951444346989,0.9565740884477287,0.7087912087912088,0.9739401168047223,0.9771051645800009,0.9999966666777778,flavanoids,color_intensity,False,soft_adjust,sin_mentor,wine
rf_G1_wine,8,0.9722222222222222,0.9721867461331064,0.974074074074074,0.9722222222222222,1,0.5413911875161875,0.8236444546277204,0.8353910843719945,0.953319308466613,0.8406576739982295,0.55,0.8353910843719945,0.9481610488880049,0.6813186813186813,0.9151208095327692,0.9584775680452209,0.9999966666777778,flavanoids,flavanoids,True,soft_adjust,sin_mentor,wine
rf_G1_wine,9,1.0,1.0,1.0,1.0,2,0.49382621782012015,0.4520875128375095,0.0,0.7715280142440218,0.7090655340663341,0.16981132075471697,0.0,0.6,0.6181318681318682,0.9732070980040379,0.9430560284880437,0.7999992000008,flavanoids,color_intensity,False,keep,sin_mentor,wine
rf_G1_wine,10,1.0,1.0,1.0,1.0,2,0.49382621782012015,0.48346896160349484,0.0,0.7770540793075061,0.8090653090667153,0.16981132075471697,0.0,0.6,0.6181318681318682,0.9731731051804974,0.9541081586150123,0.9999987500015625,flavanoids,color_intensity,False,soft_adjust,sin_mentor,wine
rf_G1_wine,11,1.0,1.0,1.0,1.0,2,0.6610859320651096,0.4907570721665943,0.0,0.7664906842695485,0.8365377472537676,0.19230769230769232,0.0,0.6,0.6730769230769231,0.9703232771403955,0.9329813685390969,0.9999985714306122,flavanoids,color_intensity,False,keep,sin_mentor,wine
rf_G1_wine,12,1.0,1.0,1.0,1.0,2,0.6610859320651096,0.458724171163432,0.0,0.7716920749665422,0.7254269183290651,0.19230769230769232,0.0,0.6,0.6730769230769231,0.9694252980185117,0.9433841499330845,0.777776913581207,flavanoids,color_intensity,False,keep,sin_mentor,wine
rf_G1_wine,13,1.0,1.0,1.0,1.0,2,0.6610859320651096,0.4930834187905808,0.0,0.7757960707654945,0.8365377472537676,0.19230769230769232,0.0,0.6,0.6730769230769231,0.9695070211787303,0.9515921415309889,0.9999985714306122,flavanoids,color_intensity,False,keep,sin_mentor,wine
rf_G1_wine,14,1.0,1.0,1.0,1.0,2,0.6610859320651096,0.49390560980351594,0.0,0.779084834817235,0.8365377472537676,0.19230769230769232,0.0,0.6,0.6730769230769231,0.9696287565597125,0.95816966963447,0.9999985714306122,flavanoids,color_intensity,False,keep,sin_mentor,wine
rf_G1_wine,15,1.0,1.0,1.0,1.0,2,0.6610859320651096,0.4976732755360825,0.0,0.7820471210526372,0.8407834156156264,0.21568627450980393,0.0,0.6,0.6815682598006407,0.9743160518203631,0.9640942421052744,0.9999985714306122,flavanoids,color_intensity,False,keep,sin_mentor,wine
rf_G1_wine,16,1.0,1.0,1.0,1.0,2,0.6610859320651096,0.4945000739131675,0.0,0.7842098994537567,0.8284037615383101,0.21568627450980393,0.0,0.6,0.6568089516460079,0.9743534976632555,0.9684197989075136,0.9999985714306122,flavanoids,color_intensity,False,keep,sin_mentor,wine
rf_G1_wine,17,1.0,1.0,1.0,1.0,2,0.6610859320651096,0.4986637672249002,0.0,0.786009087807908,0.8407834156156264,0.21568627450980393,0.0,0.6,0.6815682598006407,0.9743696034944006,0.972018175615816,0.9999985714306122,flavanoids,color_intensity,False,keep,sin_mentor,wine
rf_G1_wine,18,1.0,1.0,1.0,1.0,2,0.6610859320651096,0.4657084682441918,0.0,0.7875208865947174,0.7296725866909239,0.21568627450980393,0.0,0.6,0.6815682598006407,0.9744213346612216,0.975041773189435,0.777776913581207,flavanoids,color_intensity,False,keep,sin_mentor,wine
rf_G1_wine,19,1.0,1.0,1.0,1.0,2,0.6610859320651096,0.4623150386315924,0.0,0.7888027530370993,0.7172929326136075,0.21568627450980393,0.0,0.6,0.6568089516460079,0.9744057977552566,0.9776055060741987,0.777776913581207,flavanoids,color_intensity,False,keep,sin_mentor,wine
torch_G1_wine,0,1.0,1.0,1.0,1.0,2,0.5843595266342163,0.6796057439409667,0.5765256661318848,0.9999994898107587,0.7162081912099911,0.10714285714285714,0.5765256661318848,0.9999999293240172,0.8324175824175823,0.7350897376202986,0.9999990502975004,0.5999988000023999,malic_acid,color_intensity,False,soft_adjust,sin_mentor,wine
torch_G1_wine,1,1.0,1.0,1.0,1.0,2,0.5918802618980408,0.6608253235798665,0.5496613547195431,0.9983237732699586,0.6818675318693318,0.10714285714285714,0.5496613547195431,0.9966689470002472,0.7637362637362637,0.7319798734684825,0.9999785995396699,0.5999988000023999,malic_acid,color_intensity,False,soft_adjust,sin_mentor,wine
torch_G1_wine,2,1.0,1.0,1.0,1.0,2,0.5986266732215881,0.7237218218232957,0.7632395805343608,0.9947400402369965,0.690475079368783,0.06896551724137931,0.8789054995756143,0.9895460169237146,0.7142857142857143,0.7632395805343608,0.9999340635502784,0.6666644444518518,malic_acid,color_intensity,False,keep,sin_mentor,wine
torch_G1_wine,3,1.0,1.0,1.0,1.0,2,0.5986266732215881,0.6294239949289366,0.5675175730857891,0.997664652999936,0.6456037706059581,0.10714285714285714,0.5675175730857891,0.99536610976936,0.7912087912087912,0.7391146636544861,0.9999631962305121,0.499998750003125,malic_acid,color_intensity,False,soft_adjust,sin_mentor,wine
torch_G1_wine,4,1.0,1.0,1.0,1.0,2,0.6063538789749146,0.6972295473615415,0.6009629554522269,0.9984283118967183,0.7467937606874644,0.12727272727272726,0.6009629554522269,0.9970259883114396,0.8269230769230769,0.7751011456337006,0.999830635481997,0.6666644444518518,malic_acid,color_intensity,False,soft_adjust,sin_mentor,wine
torch_G1_wine,5,1.0,1.0,1.0,1.0,2,0.6130630373954773,0.6847742961434473,0.5968432608144703,0.9975019895406985,0.7152003540940577,0.10714285714285714,0.5968432608144703,0.9953219005185767,0.7637362637362637,0.7536874740537888,0.9996820785628201,0.6666644444518518,malic_acid,color_intensity,False,soft_adjust,sin_mentor,wine
torch_G1_wine,6,1.0,1.0,1.0,1.0,2,0.6202627420425415,0.6596647588119509,0.5478142478647028,0.9975463940724567,0.6804939054957054,0.10714285714285714,0.5478142478647028,0.9957395912926472,0.760989010989011,0.7290433253273844,0.9993531968522661,0.5999988000023999,malic_acid,color_intensity,False,soft_adjust,sin_mentor,wine
torch_G1_wine,7,1.0,1.0,1.0,1.0,2,0.625830888748169,0.7000263457950349,0.6034314937903063,0.9989557485959923,0.7582408207441019,0.10714285714285714,0.6034314937903063,0.9986447501553243,0.7664835164835164,0.7829757280546261,0.9992667470366603,0.7499981250046874,malic_acid,color_intensity,False,soft_adjust,sin_mentor,wine
torch_G1_wine,8,1.0,1.0,1.0,1.0,2,0.6312453150749207,0.7116384806410117,0.622184205272655,0.9981757594758065,0.7788452163484976,0.10714285714285714,0.622184205272655,0.9971782035071939,0.8076923076923077,0.7795694644843771,0.9991733154444192,0.7499981250046874,malic_acid,color_intensity,False,soft_adjust,sin_mentor,wine
torch_G1_wine,9,1.0,1.0,1.0,1.0,2,0.6360140442848206,0.7521536842204609,0.7641156600975082,0.9976163390327835,0.7673981562918599,0.12727272727272726,0.8240778271914231,0.9961138821839525,0.8681318681318682,0.7641156600975082,0.9991187958816143,0.6666644444518518,malic_acid,color_intensity,False,soft_adjust,sin_mentor,wine
torch_G1_wine,10,1.0,1.0,1.0,1.0,2,0.6403412818908691,0.7359349004057087,0.7662448287076202,0.9980961861937307,0.7206948595885632,0.08771929824561403,0.8294804703178895,0.9971095068492508,0.7747252747252746,0.7662448287076202,0.9990828655382106,0.6666644444518518,malic_acid,color_intensity,False,keep,sin_mentor,wine
torch_G1_wine,11,1.0,1.0,1.0,1.0,2,0.6403412818908691,0.7451092945333455,0.7838506959700217,0.9963011927817614,0.7303102442039479,0.10714285714285714,0.8095042231655547,0.9933593105133772,0.7939560439560439,0.7838506959700217,0.9992430750501456,0.6666644444518518,malic_acid,color_intensity,False,soft_adjust,sin_mentor,wine
torch_G1_wine,12,1.0,1.0,1.0,1.0,2,0.6440035104751587,0.7428264092476313,0.7862904832272559,0.9974287201170371,0.7193212332149368,0.10714285714285714,0.8244602606654329,0.9956471278721477,0.7719780219780219,0.7862904832272559,0.9992103123619264,0.6666644444518518,malic_acid,color_intensity,False,soft_adjust,sin_mentor,wine
torch_G1_wine,13,1.0,1.0,1.0,1.0,2,0.6487729549407959,0.7542653046219985,0.7880491887322874,0.9982167121513248,0.7550355189292226,0.10714285714285714,0.8254080369076812,0.997363535569654,0.8434065934065934,0.7880491887322874,0.9990698887329956,0.6666644444518518,malic_acid,color_intensity,False,soft_adjust,sin_mentor,wine
torch_G1_wine,14,1.0,1.0,1.0,1.0,2,0.6526894569396973,0.739642521783662,0.7897207097067189,0.9962940760450865,0.7110794749731786,0.08771929824561403,0.804443828418181,0.9935867399221373,0.7554945054945055,0.7897207097067189,0.9990014121680357,0.6666644444518518,malic_acid,color_intensity,False,soft_adjust,sin_mentor,wine
torch_G1_wine,15,1.0,1.0,1.0,1.0,2,0.6565543413162231,0.8006173653194204,0.7948307229962249,0.99691735190897,0.9038436538586538,0.10714285714285714,0.8133203189361984,0.9949035033970361,0.8076923076923077,0.7948307229962249,0.9989312004209039,0.9999950000249999,malic_acid,color_intensity,False,soft_adjust,sin_mentor,wine
torch_G1_wine,16,1.0,1.0,1.0,1.0,2,0.6619809865951538,0.7480522544868288,0.7960244685859584,0.9984095604016254,0.7261893650830687,0.10714285714285714,0.8263561777952712,0.998119871705905,0.7857142857142857,0.7960244685859584,0.9986992490973459,0.6666644444518518,malic_acid,color_intensity,False,soft_adjust,sin_mentor,wine
torch_G1_wine,17,1.0,1.0,1.0,1.0,2,0.6660652160644531,0.7479351401476401,0.7976082637254855,0.9976889005257896,0.7248157387094424,0.10714285714285714,0.8172695165284372,0.9967807848724578,0.782967032967033,0.7976082637254855,0.9985970161791214,0.6666644444518518,malic_acid,color_intensity,False,soft_adjust,sin_mentor,wine
torch_G1_wine,18,1.0,1.0,1.0,1.0,2,0.6700579524040222,0.786719714878155,0.7987215996232997,0.9959130979640597,0.8640084890234889,0.06896551724137931,0.8390685897767894,0.9933160694529822,0.728021978021978,0.7987215996232997,0.9985101264751371,0.9999950000249999,malic_acid,color_intensity,False,soft_adjust,sin_mentor,wine
torch_G1_wine,19,1.0,1.0,1.0,1.0,2,0.6728922724723816,0.7384687430528272,0.7999602246206671,0.9957950597085262,0.6973432112369149,0.08771929824561403,0.8326707649410473,0.9930456386196772,0.728021978021978,0.7999602246206671,0.9985444807973752,0.6666644444518518,malic_acid,color_intensity,False,soft_adjust,sin_mentor,wine
gb_G1_digits,0,0.9138888888888889,0.914217639130665,0.9171501029045408,0.9138888888888889,9,0.49776154191636396,0.48629658098096706,0.0,0.9999994502260005,0.6668223947482232,0.03333333333333333,0.0,0.9999998339165977,0.5003128450496872,0.9488689661321035,0.9999990665354032,0.8333319444467593,pixel_21,pixel_19,False,soft_adjust,sin_mentor,digits
gb_G1_digits,1,0.9138888888888889,0.9151862031518151,0.920126631867211,0.9138888888888889,9,0.3864403050437521,0.4347353391492432,0.0,0.9936406870982397,0.6044172245822775,0.03333333333333333,0.0,0.9961516190366551,0.45883538666338314,0.9589335993471708,0.9911297551598243,0.7499990625011719,pixel_21,pixel_19,False,soft_adjust,sin_mentor,digits
gb_G1_digits,2,0.9222222222222223,0.9228322383837372,0.9275262708968709,0.9222222222222223,9,0.37863563401140826,0.4061775909999205,0.0,0.9870006541810303,0.5232280368707343,0.01639344262295082,0.0,0.9775838596921846,0.5010020241542409,0.9225453944871483,0.9964174486698759,0.5454540495872277,pixel_21,pixel_19,False,soft_adjust,sin_mentor,digits
gb_G1_digits,3,0.9083333333333333,0.90937644191624,0.9148592256103221,0.9083333333333333,9,0.32150271717473555,0.42165329196438694,0.030006501495841248,0.9779665820566212,0.5438656533382642,0.03333333333333333,0.030006501495841248,0.9767382947482837,0.48773190667592825,0.9474494032466974,0.9791948693649588,0.5999994000006,pixel_29,pixel_19,False,soft_adjust,sin_mentor,digits
gb_G1_digits,4,0.9222222222222223,0.9228838111612844,0.9274263014958859,0.9222222222222223,9,0.4180213751856205,0.4240166021984869,0.0,0.9884446303634032,0.5814880940473115,0.01639344262295082,0.0,0.9806159487334467,0.5379769693436465,0.954935822742547,0.9962733119933598,0.6249992187509766,pixel_29,pixel_19,False,soft_adjust,sin_mentor,digits
gb_G1_digits,5,0.9138888888888889,0.9148968184162083,0.9193692354142434,0.9138888888888889,9,0.3927924162677459,0.4204831007781772,0.0028447666971186812,0.9879212562170956,0.5588311890492257,0.03333333333333333,0.0028447666971186812,0.9942322003194887,0.5176629780978512,0.9565474080845375,0.9816103121147026,0.5999994000006,pixel_29,pixel_19,False,soft_adjust,sin_mentor,digits
gb_G1_digits,6,0.9222222222222223,0.922740707166948,0.9266142480761287,0.9222222222222223,9,0.4031248430757245,0.42927429481347407,0.04871657199986489,0.9751027973917216,0.5614153582404717,0.01639344262295082,0.04871657199986489,0.9539051907018992,0.5228313164803435,0.9593638034663405,0.996300404081544,0.5999994000006,pixel_29,pixel_19,False,soft_adjust,sin_mentor,digits
gb_G1_digits,7,0.9138888888888889,0.9150391183616833,0.9200602361362376,0.9138888888888889,9,0.4333628701664064,0.40247268844758227,0.0,0.9702536332758975,0.5248342124505507,0.01639344262295082,0.0,0.9503157790686461,0.5496689249006015,0.9529961165867128,0.990191487483149,0.4999995000005,pixel_29,pixel_19,False,force_adjust,sin_mentor,digits
gb_G1_digits,8,0.9138888888888889,0.9151945944605125,0.919750640020014,0.9138888888888889,9,0.3338338190286527,0.4574272850642441,0.10293430226587832,0.9674882829655831,0.581100320189593,0.06896551724137931,0.10293430226587832,0.9400925850582825,0.5372014216282095,0.960156493055367,0.9948839808728837,0.6249992187509766,pixel_29,pixel_19,False,force_adjust,sin_mentor,digits
gb_G1_digits,9,0.9194444444444444,0.9204339950085086,0.9233913555546992,0.9194444444444444,9,0.37471606990615697,0.42444161402717556,0.02860399386773137,0.9853386818912435,0.5484191513134842,0.03333333333333333,0.02860399386773137,0.9790736098085338,0.5412833643546776,0.9545801254554792,0.9916037539739532,0.5555549382722909,pixel_29,pixel_19,False,force_adjust,sin_mentor,digits
gb_G1_digits,10,0.9194444444444444,0.9199912514973942,0.9223284969291411,0.9194444444444444,9,0.38746268587873933,0.44307241364953603,0.03391645501092949,0.9836448528761831,0.6066208797573713,0.03333333333333333,0.03391645501092949,0.9793568210457674,0.5768787016629771,0.9655455138894725,0.9879328847065988,0.6363630578517656,pixel_29,pixel_19,False,force_adjust,sin_mentor,digits
gb_G1_digits,11,0.9166666666666666,0.9179686912060971,0.9217620474924827,0.9166666666666666,9,0.29316471823325885,0.41532236867025885,0.0029929678164860992,0.9506429573846142,0.5547297046431752,0.06896551724137931,0.0029929678164860992,0.9109194702597183,0.4844601905353738,0.9641343709362803,0.9903664445095103,0.6249992187509766,pixel_29,pixel_19,False,force_adjust,sin_mentor,digits
gb_G1_digits,12,0.9166666666666666,0.9179619386179185,0.921916368480137,0.9166666666666666,9,0.36342521102828007,0.5060936714705508,0.005267727948819985,0.9791478607371314,0.7449212930054067,0.03333333333333333,0.005267727948819985,0.9671414710633223,0.48984458600681335,0.9469485613324152,0.9911542504109406,0.999998000004,pixel_29,pixel_19,False,soft_adjust,sin_mentor,digits
gb_G1_digits,13,0.9166666666666666,0.9179619386179185,0.921916368480137,0.9166666666666666,9,0.36125416327892945,0.4234662092526124,0.02058130785561757,0.9798971866027955,0.5399089755300712,0.06896551724137931,0.02058130785561757,0.9667699639130753,0.5343639014729149,0.9548066028027489,0.9930244092925156,0.5454540495872277,pixel_29,pixel_19,False,force_adjust,sin_mentor,digits
gb_G1_digits,14,0.9166666666666666,0.9181787584568932,0.9225988768071345,0.9166666666666666,9,0.3572276762614726,0.48357645410597105,0.012814565064971006,0.9870461191356747,0.6557351826752037,0.03333333333333333,0.012814565064971006,0.980989190671564,0.5614713028492355,0.9545029842661733,0.9931030475997854,0.7499990625011719,pixel_29,pixel_19,False,force_adjust,sin_mentor,digits
gb_G1_digits,15,0.9138888888888889,0.9147542173131777,0.9175656351261191,0.9138888888888889,9,0.38384718601075124,0.4193341685914457,0.0,0.9804762313673818,0.564050369165334,0.03333333333333333,0.0,0.9794540198856289,0.5031015195796915,0.943549784743681,0.9814984428491347,0.6249992187509766,pixel_29,pixel_19,False,force_adjust,sin_mentor,digits
gb_G1_digits,16,0.9138888888888889,0.9151461786599921,0.9186535091520893,0.9138888888888889,9,0.33330324603044237,0.4392638080745823,0.05236112581621211,0.9804660453539049,0.5781298633041416,0.03333333333333333,0.05236112581621211,0.9715789750729806,0.48959380068153435,0.9557169242508082,0.9893531156348291,0.666665925926749,pixel_29,pixel_19,False,force_adjust,sin_mentor,digits
gb_G1_digits,17,0.9166666666666666,0.91814486111345,0.9225196232500582,0.9166666666666666,9,0.349957588961572,0.4165334500530123,0.017847994112888604,0.9849562380733149,0.5243762455224974,0.05084745762711865,0.017847994112888604,0.978626740389807,0.5032984414577673,0.9520411968654268,0.9912857357568228,0.5454540495872277,pixel_29,pixel_19,False,force_adjust,sin_mentor,digits
gb_G1_digits,18,0.9138888888888889,0.915102563271549,0.9192191504189503,0.9138888888888889,9,0.34736003355105805,0.4935502996017067,0.015095227546938388,0.9913506136117014,0.6831135931156661,0.03333333333333333,0.015095227546938388,0.987283573275978,0.5090855535765217,0.9620117054676932,0.9954176539474248,0.8571416326548105,pixel_29,pixel_19,False,force_adjust,sin_mentor,digits
gb_G1_digits,19,0.9055555555555556,0.9062771699867201,0.9105513604054565,0.9055555555555556,9,0.3354106893827681,0.4165757410759045,0.0152067650695739,0.9847875360902455,0.5445260371300944,0.01639344262295082,0.0152067650695739,0.9809937377632637,0.48905267425958887,0.9631752937387968,0.9885813344172273,0.5999994000006,pixel_29,pixel_19,False,force_adjust,sin_mentor,digits
rf_G1_digits,0,0.8333333333333334,0.8306782158619822,0.8365065272197388,0.8333333333333334,0,0.19142260092145594,0.4415215328744617,0.0,0.999993128823772,0.6129871067481698,0.05084745762711865,0.0,0.999998921268798,0.49870214738003604,0.5328561925049657,0.999987336378746,0.7272720661163036,pixel_42,pixel_38,False,soft_adjust,sin_mentor,digits
rf_G1_digits,1,0.8555555555555555,0.8526038792685416,0.8647913856204189,0.8555555555555555,1,0.17331372360627403,0.4650051644947032,0.0391890483107303,0.7696866641976076,0.7030010445461564,0.21568627450980393,0.0391890483107303,0.6,0.6060028890915128,0.6153263557030291,0.9393733283952151,0.7999992000008,pixel_12,pixel_36,False,soft_adjust,sin_mentor,digits
rf_G1_digits,2,0.8694444444444445,0.8687514572283562,0.8742586421114606,0.8694444444444445,1,0.2226395619328808,0.4981548502058654,0.0,0.7399016997375472,0.823001185013456,0.4418604651162791,0.0,0.6,0.6460036200253496,0.54630188103171,0.8798033994750943,0.9999987500015625,pixel_20,pixel_38,False,soft_adjust,sin_mentor,digits
rf_G1_digits,3,0.875,0.8743491565975957,0.8811962886381492,0.875,8,0.19643725144385396,0.42913194986960584,0.0,0.7370691804389411,0.6556385927893121,0.19230769230769232,0.0,0.6024687523694032,0.7112777855780242,0.39858019467318256,0.8716696085084791,0.5999994000006,pixel_38,pixel_36,False,soft_adjust,sin_mentor,digits
rf_G1_digits,4,0.8527777777777777,0.8494336940420084,0.8574455734089754,0.8527777777777777,3,0.16645812730667076,0.4302698466541986,0.19189621250056424,0.7427269746805436,0.5493233900389041,0.14814814814814814,0.19189621250056424,0.6,0.5531927304905805,0.54052979630318,0.8854539493610872,0.5454540495872277,pixel_42,pixel_36,False,soft_adjust,sin_mentor,digits
rf_G1_digits,5,0.8583333333333333,0.856904576182079,0.8681331747792017,0.8583333333333333,3,0.22855924476777237,0.40107507007596505,0.05223252429192164,0.6949664912628675,0.631471559168165,0.14814814814814814,0.05223252429192164,0.6,0.5486579142543329,0.5059409030791145,0.789932982525735,0.7142852040819971,pixel_30,pixel_38,False,soft_adjust,sin_mentor,digits
rf_G1_digits,6,0.8611111111111112,0.8584827435725776,0.869724719269267,0.8611111111111112,3,0.2756512990555667,0.39826581581007575,0.003493591408711793,0.6256432385784734,0.6901897624761464,0.0,0.003493591408711793,0.6512864771569467,0.630380149951772,0.4404172961508968,0.6,0.7499993750005208,pixel_26,pixel_43,False,soft_adjust,sin_mentor,digits
rf_G1_digits,7,0.8694444444444445,0.8694352788194165,0.8811702796996914,0.8694444444444445,9,0.20899267277246736,0.3777981988866134,0.046777412696339546,0.6610888054377069,0.6449759123942828,0.03333333333333333,0.046777412696339546,0.6,0.4899526247877655,0.6964108841988523,0.7221776108754139,0.7999992000008,pixel_27,pixel_36,False,soft_adjust,sin_mentor,digits
rf_G1_digits,8,0.85,0.8436892168026674,0.861909830359547,0.85,3,0.22665404674474537,0.5045057813350934,0.17827408481658769,0.7429255786362212,0.7498773795421356,0.08771929824561403,0.17827408481658769,0.6759935098741678,0.6426131264294607,0.519478651071755,0.8098576473982745,0.8571416326548105,pixel_42,pixel_36,False,soft_adjust,sin_mentor,digits
rf_G1_digits,9,0.8611111111111112,0.8593934893382845,0.8696698822871812,0.8611111111111112,3,0.23553441085638044,0.47405790537127973,0.0632664387449541,0.756324643998934,0.7700576818377958,0.01639344262295082,0.0632664387449541,0.7755165110192151,0.7067827247861238,0.5658491703450966,0.7371327769786526,0.8333326388894676,pixel_42,pixel_36,False,soft_adjust,sin_mentor,digits
rf_G1_digits,10,0.8527777777777777,0.8502743721466921,0.8666959450057186,0.8527777777777777,3,0.19250354742863368,0.40865258635507534,0.07385365754900854,0.8537528343216702,0.5686642137217088,0.01639344262295082,0.07385365754900854,0.8506779303255134,0.5219442854312192,0.6241420508081277,0.8568277383178269,0.6153841420121985,pixel_29,pixel_36,False,soft_adjust,sin_mentor,digits
rf_G1_digits,11,0.8166666666666667,0.81357909033846,0.832549582238558,0.8166666666666667,3,0.23030529849774792,0.4704224860478325,0.05257752241589595,0.8357020195003473,0.6695420444562192,0.14814814814814814,0.05257752241589595,0.8691337884905845,0.6724179778008643,0.7074328392003284,0.8022702505101099,0.666666111111574,pixel_42,pixel_36,False,soft_adjust,sin_mentor,digits
rf_G1_digits,12,0.85,0.8470330697852244,0.8583943607880565,0.85,3,0.20474027078763077,0.4392916972719848,0.011341757367522578,0.8030571696693788,0.6540082128375997,0.06896551724137931,0.011341757367522578,0.7226255886142153,0.5580170506746784,0.6768423189225211,0.8834887507245422,0.7499993750005208,pixel_26,pixel_9,False,soft_adjust,sin_mentor,digits
rf_G1_digits,13,0.8555555555555555,0.8500240903579628,0.8653004796427688,0.8555555555555555,3,0.20507724557434895,0.5248044999283071,0.10637787425940781,0.8130049564139106,0.7609208739445693,0.4090909090909091,0.10637787425940781,0.8180528451405422,0.6468428416377714,0.49060410075460925,0.807957067687279,0.8749989062513672,pixel_36,pixel_36,True,soft_adjust,sin_mentor,digits
rf_G1_digits,14,0.8722222222222222,0.8716116965879377,0.8783194298983773,0.8722222222222222,8,0.18281940229767343,0.42434552884561816,0.0,0.7209413994083924,0.6641635596080299,0.14814814814814814,0.0,0.6,0.6616611932893107,0.44593189073463513,0.8418827988167847,0.666665925926749,pixel_42,pixel_38,False,soft_adjust,sin_mentor,digits
rf_G1_digits,15,0.8277777777777777,0.8239636530671103,0.8383696118478727,0.8277777777777777,3,0.22557394302166428,0.49155478026623395,0.0,0.757467582390571,0.8577559118582669,0.14814814814814814,0.0,0.6927047442158423,0.7155128237155339,0.5949855580131782,0.8222304205652998,0.999999000001,pixel_21,pixel_60,False,soft_adjust,sin_mentor,digits
rf_G1_digits,16,0.8722222222222222,0.8711555751125011,0.8807416607463684,0.8722222222222222,3,0.19449820689416566,0.48626515149430166,0.0897231761159089,0.8017307347270954,0.7286218920311136,0.08771929824561403,0.0897231761159089,0.7222591174788953,0.657244584061427,0.62077750984512,0.8812023519752956,0.7999992000008,pixel_30,pixel_36,False,soft_adjust,sin_mentor,digits
rf_G1_digits,17,0.8444444444444444,0.8389502590791221,0.8551000527195267,0.8444444444444444,3,0.19971043864381088,0.4079751064231299,0.0,0.8271571016742687,0.6267597875590688,0.08771929824561403,0.0,0.8125554529318507,0.5535202751174376,0.5842324883049304,0.8417587504166868,0.6999993000007,pixel_26,pixel_20,False,soft_adjust,sin_mentor,digits
rf_G1_digits,18,0.8611111111111112,0.8601585105916968,0.8671371000863876,0.8611111111111112,8,0.15047358087161813,0.44678608838303085,0.0,0.737714916261638,0.7020245310587379,0.24,0.0,0.6,0.6040498621166756,0.5478651591730078,0.875429832523276,0.7999992000008,pixel_42,pixel_30,False,soft_adjust,sin_mentor,digits
rf_G1_digits,19,0.85,0.8463371213329667,0.8630474612707164,0.85,3,0.22858976644369422,0.4701761228535084,0.08795666009230166,0.7440268592450254,0.6986977769716155,0.19230769230769232,0.08795666009230166,0.7427341771520783,0.697396253942531,0.6421962735948793,0.7453195413379726,0.6999993000007,pixel_42,pixel_26,False,soft_adjust,sin_mentor,digits
torch_G1_digits,0,0.9722222222222222,0.9722649370869901,0.9727965324060659,0.9722222222222222,5,0.9467095732688904,0.623643969913045,0.7139485324454888,0.9999955495524879,0.5233383546594461,0.01639344262295082,0.9980155934103035,0.9999999993380209,0.5466792093063925,0.7139485324454888,0.9999910997669549,0.4999975000124999,pixel_6,pixel_20,False,keep,sin_mentor,digits
torch_G1_digits,1,0.9722222222222222,0.9722649370869901,0.9727965324060659,0.9722222222222222,5,0.9467095732688904,0.6069149545827804,0.6694875762224428,0.9980026468400951,0.5218934000200794,0.0,0.998312039208823,0.9960141939132354,0.5437893000276589,0.6694875762224428,0.9999910997669549,0.4999975000124999,pixel_6,pixel_20,False,keep,sin_mentor,digits
torch_G1_digits,2,0.9722222222222222,0.9722649370869901,0.9727965324060659,0.9722222222222222,5,0.9467095732688904,0.6346629501567409,0.7409122307795045,0.9984952402825003,0.5171278406939888,0.05084745762711865,0.9977320792041151,0.9969993807980455,0.5342581813754778,0.7409122307795045,0.9999910997669551,0.4999975000124999,pixel_6,pixel_20,False,keep,sin_mentor,digits
torch_G1_digits,3,0.9722222222222222,0.9722649370869901,0.9727965324060659,0.9722222222222222,5,0.9467095732688904,0.6148492829181155,0.6735093246949603,0.9991060945440706,0.5267332062453656,0.03333333333333333,0.9986614146771412,0.9982210893211865,0.5534689124782314,0.6735093246949603,0.9999910997669549,0.4999975000124999,pixel_6,pixel_20,False,keep,sin_mentor,digits
torch_G1_digits,4,0.9722222222222222,0.9722649370869901,0.9727965324060659,0.9722222222222222,5,0.9467095732688904,0.6036981352900227,0.7192393167686111,0.9975930002498852,0.4363365718430007,0.05084745762711865,0.9985231691242686,0.9951949007328156,0.5393409214600755,0.7192393167686111,0.9999910997669549,0.3333322222259259,pixel_6,pixel_20,False,keep,sin_mentor,digits
torch_G1_digits,5,0.9722222222222222,0.9722649370869901,0.9727965324060659,0.9722222222222222,5,0.9467095732688904,0.5898496278172628,0.6762663639233266,0.998743456871214,0.4409461814082044,0.03333333333333333,0.998281659464589,0.9974958139754732,0.548560140590483,0.6762663639233266,0.9999910997669549,0.3333322222259259,pixel_6,pixel_20,False,keep,sin_mentor,digits
torch_G1_digits,6,0.9722222222222222,0.9722649370869901,0.9727965324060659,0.9722222222222222,5,0.9467095732688904,0.6022375532878539,0.72538105946937,0.9966171382074808,0.44336644833910055,0.01639344262295082,0.9986227038159815,0.9935377232198113,0.5534006744522753,0.72538105946937,0.9996965531951503,0.3333322222259259,pixel_6,pixel_20,False,keep,sin_mentor,digits
torch_G1_digits,7,0.9722222222222222,0.9722649370869901,0.9727965324060659,0.9722222222222222,5,0.9467095732688904,0.6315897522737641,0.7245710818770542,0.9975834707372606,0.5149257748004195,0.06896551724137931,0.9989700440805637,0.9954014352566805,0.5298540495883389,0.7245710818770542,0.9997655062178408,0.4999975000124999,pixel_6,pixel_20,False,keep,sin_mentor,digits
torch_G1_digits,8,0.9722222222222222,0.9722649370869901,0.9727965324060659,0.9722222222222222,5,0.9467095732688904,0.6006681066929583,0.7163130263074098,0.9957371735673819,0.4394663513629665,0.03333333333333333,0.9986403068564627,0.9916615440156185,0.5456004805000072,0.7163130263074098,0.9998128031191453,0.3333322222259259,pixel_6,pixel_20,False,keep,sin_mentor,digits
torch_G1_digits,9,0.9722222222222222,0.9722649370869901,0.9727965324060659,0.9722222222222222,5,0.9467095732688904,0.630092445550073,0.7240536231222177,0.9977503889590266,0.5281292045788369,0.03333333333333333,0.9989693779783065,0.9956541312275469,0.556260909145174,0.7240536231222177,0.9998466466905063,0.4999975000124999,pixel_6,pixel_20,False,keep,sin_mentor,digits
torch_G1_digits,10,0.9722222222222222,0.9722649370869901,0.9727965324060659,0.9722222222222222,5,0.9467095732688904,0.6218968099666727,0.6940408554569781,0.9986772466751834,0.5212937433890519,0.05084745762711865,0.9985541016189562,0.9974827991058072,0.542589986765604,0.6940408554569781,0.9998716942445596,0.4999975000124999,pixel_6,pixel_20,False,keep,sin_mentor,digits
torch_G1_digits,11,0.9722222222222222,0.9722649370869901,0.9727965324060659,0.9722222222222222,5,0.9467095732688904,0.6219325811232,0.7011021817346506,0.9981007252612312,0.5148320888114307,0.05084745762711865,0.9990561365421944,0.996310701214399,0.5296666776103616,0.7011021817346506,0.9998907493080633,0.4999975000124999,pixel_6,pixel_20,False,keep,sin_mentor,digits
torch_G1_digits,12,0.9722222222222222,0.9722649370869901,0.9727965324060659,0.9722222222222222,5,0.9467095732688904,0.6229412099726129,0.719974182644254,0.9976942225861181,0.5250846651093573,0.0,0.9985114184220201,0.9954828637811579,0.5501718302062145,0.719974182644254,0.9999055813910783,0.4999975000124999,pixel_6,pixel_20,False,keep,sin_mentor,digits
torch_G1_digits,13,0.9722222222222222,0.9722649370869901,0.9727965324060659,0.9722222222222222,5,0.9467095732688904,0.6023919620112533,0.7199052868134383,0.9987311145365868,0.43912532444358365,0.03333333333333333,0.998757988831408,0.9975448770552907,0.5449184266612414,0.7199052868134383,0.9999173520178829,0.3333322222259259,pixel_6,pixel_20,False,keep,sin_mentor,digits
torch_G1_digits,14,0.9722222222222222,0.9722649370869901,0.9727965324060659,0.9722222222222222,5,0.9467095732688904,0.6290688569001256,0.7195599989237847,0.9984590910103011,0.519863219421157,0.05084745762711865,0.9991986911193397,0.9969913328207703,0.5397289388298141,0.7195599989237847,0.9999268491998317,0.4999975000124999,pixel_6,pixel_20,False,keep,sin_mentor,digits
torch_G1_digits,15,0.9722222222222222,0.9722649370869901,0.9727965324060659,0.9722222222222222,5,0.9467095732688904,0.6088671365442873,0.7437793247980509,0.9974302715420291,0.4379192373978823,0.03333333333333333,0.9989030031356246,0.994925920269142,0.5425062525698386,0.7437793247980509,0.9999346228149162,0.3333322222259259,pixel_6,pixel_20,False,keep,sin_mentor,digits
torch_G1_digits,16,0.9722222222222222,0.9722649370869901,0.9727965324060659,0.9722222222222222,5,0.9467095732688904,0.624891872478526,0.7021066459426335,0.9981258901721277,0.5236709583621206,0.05084745762711865,0.9987877280281737,0.9963107143265367,0.5473444167117415,0.7021066459426335,0.9999410660177187,0.4999975000124999,pixel_6,pixel_20,False,keep,sin_mentor,digits
torch_G1_digits,17,0.9722222222222222,0.9722649370869901,0.9727965324060659,0.9722222222222222,5,0.9467095732688904,0.6078488808546777,0.7240273033782385,0.9963695856462818,0.43734488614476286,0.06896551724137931,0.9987668643460967,0.9927927053548571,0.5413575500635998,0.7240273033782385,0.9999464659377064,0.3333322222259259,pixel_6,pixel_20,False,keep,sin_mentor,digits
torch_G1_digits,18,0.9722222222222222,0.9722649370869901,0.9727965324060659,0.9722222222222222,5,0.9467095732688904,0.6145075771173208,0.6859490729181511,0.997368643093509,0.5230722602501856,0.01639344262295082,0.9991348979908641,0.9947862499601678,0.5461470204878713,0.6859490729181511,0.9999510362268502,0.4999975000124999,pixel_6,pixel_20,False,keep,sin_mentor,digits
torch_G1_digits,19,0.9722222222222222,0.9722649370869901,0.9727965324060659,0.9722222222222222,5,0.9467095732688904,0.5979178780973277,0.7094602105375578,0.997583596057582,0.4356130530722161,0.03333333333333333,0.9986793809483744,0.9952122535949197,0.5378938839185063,0.7094602105375578,0.9999549385202442,0.3333322222259259,pixel_6,pixel_20,False,keep,sin_mentor,digits
gb_G1_covertype,0,0.712,0.7064547839115479,0.711136125602566,0.712,1,0.5268024833968711,0.7214203761742904,0.5915766949715546,0.999999765625927,0.6849529593826793,0.5897435897435898,0.5915766949715546,0.9999997947039552,0.5365732798758909,0.7932600859971539,0.9999997365478986,0.8333326388894676,f0,f0,True,keep,sin_mentor,covertype
gb_G1_covertype,1,0.712,0.7064547839115479,0.711136125602566,0.712,1,0.5268024833968711,0.769499821104599,0.668508427764185,0.9999996493290859,0.7682861399384454,0.5897435897435898,0.668508427764185,0.9999995621102732,0.5365732798758909,0.8126706900968567,0.9999997365478986,0.999999000001,f0,f0,True,keep,sin_mentor,covertype
gb_G1_covertype,2,0.712,0.7064547839115479,0.711136125602566,0.712,1,0.5268024833968711,0.7112480334402146,0.5576689586549987,0.9999996782694907,0.6849529593826793,0.5897435897435898,0.5576689586549987,0.9999996199910827,0.5365732798758909,0.8037129623352524,0.9999997365478986,0.8333326388894676,f0,f0,True,keep,sin_mentor,covertype
gb_G1_covertype,3,0.712,0.7064547839115479,0.711136125602566,0.712,1,0.5268024833968711,0.713557350107568,0.5653666513214425,0.999999713739172,0.6849529593826793,0.5897435897435898,0.5653666513214425,0.9999996909304453,0.5365732798758909,0.8023886841870621,0.9999997365478986,0.8333326388894676,f0,f0,True,soft_adjust,sin_mentor,covertype
gb_G1_covertype,4,0.712,0.706313573818062,0.71493166639953,0.712,1,0.5275345647095222,0.6901110590763381,0.5261603743818332,0.9997911626172059,0.6849529593826793,0.5121951219512195,0.5261603743818332,0.9999846772516057,0.5365732798758909,0.7911455802314162,0.9995976479828061,0.8333326388894676,f0,f0,True,keep,sin_mentor,covertype
gb_G1_covertype,5,0.712,0.706313573818062,0.71493166639953,0.712,1,0.5275345647095222,0.7513995491814373,0.6470693576242765,0.9998545264797509,0.7682861399384454,0.5121951219512195,0.6470693576242765,0.9999884413531891,0.5365732798758909,0.798386307276268,0.9997206116063129,0.999999000001,f0,f0,True,keep,sin_mentor,covertype
gb_G1_covertype,6,0.712,0.706313573818062,0.71493166639953,0.712,1,0.5275345647095222,0.7055375946774908,0.5775865823919559,0.9997858554096691,0.6849529593826793,0.5121951219512195,0.5775865823919559,0.9998163137175361,0.5365732798758909,0.809132585359849,0.9997553971018022,0.8333326388894676,f0,f0,True,keep,sin_mentor,covertype
gb_G1_covertype,7,0.712,0.706313573818062,0.71493166639953,0.712,1,0.5275345647095222,0.7279013425445663,0.6520873339028828,0.999839945064859,0.6849529593826793,0.5121951219512195,0.6520873339028828,0.9998674932975502,0.5365732798758909,0.8001864476233352,0.9998123968321677,0.8333326388894676,f0,f0,True,keep,sin_mentor,covertype
gb_G1_covertype,8,0.712,0.706313573818062,0.71493166639953,0.712,1,0.5275345647095222,0.7490785715782234,0.6393161873643678,0.9998744203787865,0.7682861399384454,0.5121951219512195,0.6393161873643678,0.9998972893353193,0.5365732798758909,0.8226461196634213,0.9998515514222537,0.999999000001,f0,f0,True,keep,sin_mentor,covertype
gb_G1_covertype,9,0.712,0.706313573818062,0.71493166639953,0.712,1,0.5275345647095222,0.7594458652438933,0.6738560131413959,0.9998958041090324,0.7682861399384454,0.5121951219512195,0.6738560131413959,0.9999120073691633,0.5365732798758909,0.8120454408365635,0.9998796008489017,0.999999000001,f0,f0,True,keep,sin_mentor,covertype
gb_G1_covertype,10,0.712,0.706313573818062,0.71493166639953,0.712,1,0.5275345647095222,0.7300676266012401,0.5759127296578592,0.9999147897186632,0.7682861399384454,0.5121951219512195,0.5759127296578592,0.9999291999886184,0.5365732798758909,0.8026648209201058,0.999900379448708,0.999999000001,f0,f0,True,keep,sin_mentor,covertype
gb_G1_covertype,11,0.712,0.706313573818062,0.71493166639953,0.712,1,0.5275345647095222,0.730822259675869,0.5784163070070931,0.9999290291980982,0.7682861399384454,0.5121951219512195,0.5784163070070931,0.9999418593804343,0.5365732798758909,0.7969381797453489,0.9999161990157622,0.999999000001,f0,f0,True,keep,sin_mentor,covertype
gb_G1_covertype,12,0.712,0.706313573818062,0.71493166639953,0.712,1,0.5275345647095222,0.707488925930177,0.5839675448255378,0.9999340255001157,0.6849529593826793,0.5121951219512195,0.5839675448255378,0.9999395304029267,0.5365732798758909,0.8098898093871378,0.9999285205973046,0.8333326388894676,f0,f0,True,keep,sin_mentor,covertype
gb_G1_covertype,13,0.712,0.706313573818062,0.71493166639953,0.712,1,0.5275345647095222,0.7122810055151604,0.5999293302962575,0.9999482012751859,0.6849529593826793,0.5121951219512195,0.5999293302962575,0.9999580982627582,0.5365732798758909,0.8040425517282306,0.9999383042876135,0.8333326388894676,f0,f0,True,keep,sin_mentor,covertype
gb_G1_covertype,14,0.712,0.706313573818062,0.71493166639953,0.712,1,0.5275345647095222,0.7288994238874072,0.6553201923262393,0.9999528403281952,0.6849529593826793,0.5121951219512195,0.6553201923262393,0.9999594786094832,0.5365732798758909,0.8048672420051771,0.9999462020469071,0.8333326388894676,f0,f0,True,keep,sin_mentor,covertype
gb_G1_covertype,15,0.712,0.706313573818062,0.71493166639953,0.712,1,0.5275345647095222,0.7162968801172729,0.6133071054874224,0.9999583694542381,0.6849529593826793,0.5121951219512195,0.6133071054874224,0.9999640697290245,0.5365732798758909,0.8176385000113391,0.9999526691794517,0.8333326388894676,f0,f0,True,keep,sin_mentor,covertype
gb_G1_covertype,16,0.712,0.706313573818062,0.71493166639953,0.712,1,0.5275345647095222,0.7160187466817255,0.6123755919714141,0.9999636519312585,0.6849529593826793,0.5121951219512195,0.6123755919714141,0.9999692724153462,0.5365732798758909,0.8063937923781965,0.9999580314471708,0.8333326388894676,f0,f0,True,keep,sin_mentor,covertype
gb_G1_covertype,17,0.712,0.706313573818062,0.71493166639953,0.712,1,0.5275345647095222,0.745624222454848,0.6277226744741762,0.9999692393535151,0.7682861399384454,0.5121951219512195,0.6277226744741762,0.9999759518007679,0.5365732798758909,0.8032823811315148,0.9999625269062623,0.999999000001,f0,f0,True,keep,sin_mentor,covertype
gb_G1_covertype,18,0.712,0.706313573818062,0.71493166639953,0.712,1,0.5275345647095222,0.6969508121188791,0.5488092745257801,0.9999714946146334,0.6849529593826793,0.5121951219512195,0.5488092745257801,0.9999766564402071,0.5365732798758909,0.7952988694098181,0.9999663327890598,0.8333326388894676,f0,f0,True,keep,sin_mentor,covertype
gb_G1_covertype,19,0.712,0.706313573818062,0.71493166639953,0.712,1,0.5275345647095222,0.7604359068299346,0.6770911832698088,0.9999737662991017,0.7682861399384454,0.5121951219512195,0.6770911832698088,0.9999779493557627,0.5365732798758909,0.8151935059670218,0.9999695832424409,0.999999000001,f0,f0,True,keep,sin_mentor,covertype
rf_G1_covertype,0,0.626,0.5802102609783654,0.5902902778168124,0.626,1,0.521994671704392,0.5542392172194094,0.03614239018915769,0.9996098340106738,0.8485720928896339,0.06896551724137931,0.03614239018915769,0.999265530517124,0.6971541856792687,0.43663549753858766,0.9999541375042238,0.999990000099999,f5,f42,False,adjust,sin_mentor,covertype
rf_G1_covertype,1,0.595,0.5308109086462027,0.5688776875298616,0.595,1,0.5027541003580672,0.6413685961242749,0.6684536149719258,0.9713499243341519,0.2988723240527529,0.7222222222222222,0.6768975742039713,0.990440839943078,0.5977446481055058,0.6684536149719258,0.952259008725226,0.0,f0,f0,True,adjust,sin_mentor,covertype
rf_G1_covertype,2,0.648,0.6002363750698688,0.586582960880688,0.648,1,0.54925449785602,0.46819017192994494,0.0,0.7724001550599279,0.7872257312395319,0.06896551724137931,0.0,0.6,0.5744614623790648,0.4259869011810039,0.9448003101198558,0.999990000099999,f3,f10,False,adjust,sin_mentor,covertype
rf_G1_covertype,3,0.66,0.6236380895481368,0.6030630102416165,0.66,1,0.5302834817635056,0.5619148201828521,0.3530253226654804,0.8456600627181913,0.6547304359352775,0.19230769230769232,0.5319960262017056,0.8712338944953096,0.3094658718455551,0.3530253226654804,0.8200862309410729,0.9999950000249999,f0,f9,False,adjust,sin_mentor,covertype
rf_G1_covertype,4,0.655,0.6210239055508904,0.5978118975014756,0.655,1,0.5720565628502668,0.4803249471711335,0.0,0.7841960120909157,0.7481299587555513,0.34782608695652173,0.47117133151035123,0.9489513069484294,0.4962649174861028,0.0,0.6194407172334021,0.9999950000249999,f0,f9,False,adjust,sin_mentor,covertype
rf_G1_covertype,5,0.615,0.5648969263383526,0.5768934567382246,0.615,1,0.5534238366717927,0.26620095024949775,0.0,0.6,0.37913977952018374,0.01639344262295082,0.0,0.6,0.7582795590403675,0.0,0.6,0.0,f9,f0,False,force_adjust,sin_mentor,covertype
rf_G1_covertype,6,0.665,0.6300861126549059,0.6097957150911483,0.665,1,0.5586040045850695,0.6809830053387438,0.38667302142112164,0.875553603733794,0.8158044887586915,0.6756756756756757,0.38667302142112164,0.936851363579026,0.6316114775111329,0.6515059535294248,0.814255843888562,0.99999750000625,f9,f9,True,adjust,sin_mentor,covertype
rf_G1_covertype,7,0.559,0.46669663657195115,0.5752143370434655,0.559,1,0.522933725726591,0.26064185688839336,0.0,0.6589020763632808,0.2852383673712208,0.06896551724137931,0.0005447506379874468,0.6,0.5704767347424416,0.0,0.7178041527265616,0.0,f9,f10,False,force_adjust,sin_mentor,covertype
rf_G1_covertype,8,0.64,0.5999915361888383,0.5909057170542636,0.64,1,0.48138690942928425,0.6920383864943312,0.6582296691247632,0.7996014450772881,0.7441351768633628,0.47619047619047616,0.6582296691247632,0.9409728917153842,0.4882803536267266,0.8200414203898585,0.6582299984391922,0.999990000099999,f0,f0,True,adjust,sin_mentor,covertype
rf_G1_covertype,9,0.644,0.6015017123206982,0.5894703065435046,0.644,1,0.531591364359935,0.4801238897088577,0.40585191752338984,0.9180616168831796,0.30950970077015305,0.24,0.5429267451850797,0.9391519015761857,0.6190194015403061,0.40585191752338984,0.8969713321901734,0.0,f0,f10,False,adjust,sin_mentor,covertype
rf_G1_covertype,10,0.657,0.6225595823824291,0.600327226766998,0.657,1,0.5648522594285948,0.43346669446556163,0.0,0.6,0.8151476022415272,0.06896551724137931,0.01486030850913823,0.6,0.6302968711469433,0.0,0.6,0.9999983333361111,f9,f0,False,adjust,sin_mentor,covertype
rf_G1_covertype,11,0.666,0.6337910518014874,0.6078811868701077,0.666,1,0.5742657596453643,0.40966272547704585,0.0,0.6,0.7447090849234862,0.03333333333333333,0.0398000102363522,0.6,0.4894231698219725,0.0,0.6,0.9999950000249999,f6,f0,False,adjust,sin_mentor,covertype
rf_G1_covertype,12,0.676,0.644596252630626,0.6183621182210668,0.676,1,0.5555890793002141,0.6147427242309151,0.369147025626724,0.8392099803408701,0.831116701155231,0.14814814814814814,0.369147025626724,0.8082019272307785,0.662238402285462,0.48903034948744045,0.8702180334509618,0.9999950000249999,f5,f9,False,adjust,sin_mentor,covertype
rf_G1_covertype,13,0.654,0.620076487891062,0.5964535806570691,0.654,1,0.5540439012437315,0.509907878050731,0.00304831811033167,0.7188465313874669,0.8415082715936064,0.5121951219512195,0.00304831811033167,0.6,0.6830190431809628,0.149423922755455,0.8376930627749338,0.99999750000625,f9,f9,True,adjust,sin_mentor,covertype
rf_G1_covertype,14,0.659,0.6250453312826421,0.6039070800734087,0.659,1,0.5206372106012253,0.6476885978426377,0.5162793873012759,0.8876512805448296,0.7304732050534919,0.24,0.6856579396839477,0.9196252521573596,0.4609514100819838,0.5162793873012759,0.8556773089322994,0.9999950000249999,f0,f9,False,adjust,sin_mentor,covertype
rf_G1_covertype,15,0.608,0.5507781565382363,0.5813560649338285,0.608,1,0.5113587674457083,0.5730454958511537,0.6233831714064877,0.8383456993640309,0.3672168327358599,0.4418604651162791,0.6233831714064877,0.961271526617872,0.7344336654717198,0.7592359224774157,0.7154198721101899,0.0,f0,f0,True,adjust,sin_mentor,covertype
rf_G1_covertype,16,0.646,0.6108580028780218,0.5917082630260265,0.646,1,0.5644367121543536,0.23032977774263158,0.05912139723893794,0.6,0.19197786190316737,0.03333333333333333,0.16448539446206847,0.6,0.38395572380633475,0.05912139723893794,0.6,0.0,f5,f6,False,force_adjust,sin_mentor,covertype
rf_G1_covertype,17,0.647,0.6069774043801441,0.5885437199800387,0.647,1,0.5840309297571407,0.46544556259794356,0.0,0.7209878036164709,0.746116584433965,0.4090909090909091,0.20046739908026606,0.6592105898759485,0.49223483553181885,0.0,0.7827650173569932,0.9999983333361111,f9,f9,True,soft_adjust,sin_mentor,covertype
rf_G1_covertype,18,0.646,0.6103576364985825,0.5920074639958542,0.646,1,0.5559911668150446,0.4067723241549306,0.0,0.6,0.706370710146065,0.14814814814814814,0.016339279259283704,0.6,0.4127424202911301,0.0,0.6,0.999999000001,f9,f0,False,adjust,sin_mentor,covertype
rf_G1_covertype,19,0.603,0.5512031368922264,0.5681110746630537,0.603,1,0.5295294324467809,0.5184590617823346,0.6931576257319906,0.7817402166977894,0.14549382819906198,0.47619047619047616,0.6931576257319906,0.8958697244951276,0.29098765639812396,0.7123582142418383,0.6676107089004512,0.0,f0,f0,True,adjust,sin_mentor,covertype
torch_G1_covertype,0,0.727,0.7222017826111649,0.7194180919581448,0.727,1,0.49187833070755005,0.7731390964413204,0.8825917733891216,0.9999999178907165,0.688705283173016,0.24,0.9842362925366833,0.9999999902465231,0.663125362264035,0.8825917733891216,0.99999984553491,0.7142852040819971,f10,f0,False,soft_adjust,sin_mentor,covertype
torch_G1_covertype,1,0.726,0.7204326260646895,0.723677893565401,0.726,1,0.4683595597743988,0.7748754162755684,0.8875185908898054,0.9921366086741774,0.63052371803837,0.47619047619047616,0.9853015524813629,0.9849972257899613,0.636047826701496,0.8875185908898054,0.9992759915583936,0.6249996093752441,f0,f0,True,soft_adjust,sin_mentor,covertype
torch_G1_covertype,2,0.736,0.7287350635017172,0.7361599433353306,0.736,1,0.4690217077732086,0.7647806201688583,0.8883102696456079,0.9875926195655653,0.6654646146126159,0.24,0.982702190838081,0.9752627991551844,0.7059296198499876,0.8883102696456079,0.9999224399759461,0.6249996093752441,f10,f0,False,soft_adjust,sin_mentor,covertype
torch_G1_covertype,3,0.725,0.7176899808570986,0.7289476471809226,0.725,1,0.5411211848258972,0.7602427606447429,0.8809680394286226,0.9895756559469053,0.6789910790610625,0.14814814814814814,0.9843666486714481,0.9795539434092355,0.6436969540401278,0.8809680394286226,0.9995973684845751,0.7142852040819971,f10,f0,False,keep,sin_mentor,covertype
torch_G1_covertype,4,0.725,0.7176899808570986,0.7289476471809226,0.725,1,0.5411211848258972,0.7666240222271622,0.890986043585957,0.99087988304018,0.689157090934063,0.14814814814814814,0.9837321093129053,0.982018943435113,0.6640289777861289,0.890986043585957,0.9997408226452471,0.7142852040819971,f10,f0,False,soft_adjust,sin_mentor,covertype
torch_G1_covertype,5,0.728,0.7218798628091647,0.7237010155185335,0.728,1,0.4907442331314087,0.7952826224475785,0.8988337541488356,0.9902558859788269,0.6887998442654992,0.47619047619047616,0.9840349354968776,0.9810402342771685,0.6633144844490014,0.8988337541488356,0.9994715376804854,0.7142852040819971,f0,f0,True,soft_adjust,sin_mentor,covertype
torch_G1_covertype,6,0.725,0.7214547344977843,0.7315357716857235,0.725,1,0.49480193853378296,0.7551264683806495,0.8846268706481997,0.9929705495989714,0.6554488622511186,0.14814814814814814,0.9784546386725592,0.9877719735248479,0.6858981151269932,0.8846268706481997,0.9981691256730947,0.6249996093752441,f10,f0,False,soft_adjust,sin_mentor,covertype
torch_G1_covertype,7,0.726,0.7202355850707488,0.7226201743604866,0.726,1,0.4870629906654358,0.7839068800069292,0.9037144134334312,0.9845309893043019,0.6507707907408434,0.47619047619047616,0.9859500458822078,0.9709044691297326,0.6765419721064427,0.9037144134334312,0.9981575094788714,0.6249996093752441,f0,f0,True,soft_adjust,sin_mentor,covertype
torch_G1_covertype,8,0.728,0.7213570942692648,0.7313511366982948,0.728,1,0.49503496289253235,0.7639959480133046,0.8898963368110079,0.9944420930487667,0.6555550790260352,0.24,0.9806303614384886,0.9904401343000632,0.6861105486768262,0.8898963368110079,0.9984440517974704,0.6249996093752441,f10,f0,False,soft_adjust,sin_mentor,covertype
torch_G1_covertype,9,0.732,0.7239072954021323,0.7316466342685886,0.732,1,0.45713701844215393,0.7885925321999292,0.9040071022899119,0.9925134591036,0.6594448843616141,0.47619047619047616,0.9865843198477906,0.9873173156093927,0.693890159347984,0.9040071022899119,0.9977096025978073,0.6249996093752441,f0,f0,True,soft_adjust,sin_mentor,covertype
torch_G1_covertype,10,0.742,0.7345475989967796,0.7375676766382367,0.742,1,0.4353535771369934,0.7670878214043457,0.9084195559659519,0.9895830312610492,0.6513873226643262,0.24,0.9791995641376597,0.9809109550796689,0.6777750359534083,0.9084195559659519,0.9982551074424295,0.6249996093752441,f10,f0,False,soft_adjust,sin_mentor,covertype
torch_G1_covertype,11,0.731,0.7229348174446928,0.7312875243553816,0.731,1,0.508171021938324,0.7779389659740261,0.9037003873188596,0.9849865633506945,0.696107363135649,0.24,0.9829975569391513,0.9706595030153629,0.6779295221893009,0.9037003873188596,0.9993136236860262,0.7142852040819971,f10,f0,False,soft_adjust,sin_mentor,covertype
torch_G1_covertype,12,0.732,0.7239134747450813,0.731427487952059,0.732,1,0.4941588342189789,0.7725893927118892,0.8960253884699501,0.9925407696552633,0.6796552791902948,0.24,0.9773438489378133,0.9859312855995646,0.692644336158071,0.8960253884699501,0.999150253710962,0.6666662222225185,f10,f0,False,soft_adjust,sin_mentor,covertype
torch_G1_covertype,13,0.729,0.721656424938152,0.7287273658270054,0.729,1,0.5038193464279175,0.7674264660281583,0.8936869383660324,0.9899223007449636,0.6669660311070262,0.24,0.9855019412700617,0.9803696982788526,0.7089324528388082,0.8936869383660324,0.9994749032110747,0.6249996093752441,f10,f0,False,soft_adjust,sin_mentor,covertype
torch_G1_covertype,14,0.728,0.7239539446976717,0.7343305761270383,0.728,1,0.5293982625007629,0.7962963163646131,0.887697120728383,0.9904794126726575,0.7031291851645415,0.47619047619047616,0.9800552201457815,0.9822971455065178,0.6919731662470858,0.887697120728383,0.9986616798387972,0.7142852040819971,f0,f0,True,soft_adjust,sin_mentor,covertype
torch_G1_covertype,15,0.732,0.7267263594582745,0.7290337278153953,0.732,1,0.4720309376716614,0.7787828422626493,0.8922285575428297,0.9944348496889714,0.7025185419251919,0.24,0.9814684739021546,0.9896374007852854,0.6907518797683867,0.8922285575428297,0.9992322985926575,0.7142852040819971,f10,f0,False,soft_adjust,sin_mentor,covertype
torch_G1_covertype,16,0.734,0.7273902891524563,0.7301080888503864,0.734,1,0.49567580223083496,0.7980223054943703,0.9007155461482175,0.9946474746105788,0.6923906718956295,0.47619047619047616,0.9851242833237475,0.9898910218369541,0.6704961397092619,0.9007155461482175,0.9994039273842035,0.7142852040819971,f0,f0,True,soft_adjust,sin_mentor,covertype
torch_G1_covertype,17,0.73,0.7227779008116874,0.731807572364905,0.73,1,0.49245381355285645,0.8013893188486534,0.9040358560524241,0.9889341488638397,0.7050548446279827,0.47619047619047616,0.9835285200790531,0.9783888152599295,0.6958244851739682,0.9040358560524241,0.9994794824677498,0.7142852040819971,f0,f0,True,soft_adjust,sin_mentor,covertype
torch_G1_covertype,18,0.731,0.7248175314614749,0.7323543602789748,0.731,1,0.4854904115200043,0.7804182042348012,0.9046271727639167,0.9883596424624619,0.7006338059667028,0.24,0.9847876557139765,0.9771775144265772,0.6869824078514085,0.9046271727639167,0.9995417704983466,0.7142852040819971,f10,f0,False,soft_adjust,sin_mentor,covertype
torch_G1_covertype,19,0.736,0.7291834229764439,0.7316272836061788,0.736,1,0.47049036622047424,0.7814451851910733,0.896223175505478,0.9902609411701644,0.6452814193943914,0.47619047619047616,0.9849127260971364,0.9810530850322692,0.6655632294135388,0.896223175505478,0.9994687973080597,0.6249996093752441,f0,f0,True,soft_adjust,sin_mentor,covertype
gb_G1_wine,0,0.9722222222222222,0.9717752234993614,0.974074074074074,0.9722222222222222,1,0.7619924453972869,0.8351435001140508,0.9025839757741425,0.9999999132010537,0.826964197713676,0.4418604651162791,0.9025839757741425,0.9999999517049079,0.6539298239967398,0.9162852722775497,0.9999998746971996,0.9999985714306122,flavanoids,color_intensity,False,keep,sin_cooldown,wine
gb_G1_wine,1,0.9722222222222222,0.9717752234993614,0.974074074074074,0.9722222222222222,1,0.7619924453972869,0.8027317682531006,0.7945456865303272,0.9999989328498313,0.826964197713676,0.4418604651162791,0.7945456865303272,0.9999979910024629,0.6539298239967398,0.9009631034615496,0.9999998746971996,0.9999985714306122,flavanoids,color_intensity,False,keep,sin_cooldown,wine
gb_G1_wine,2,0.9722222222222222,0.9717752234993614,0.974074074074074,0.9722222222222222,1,0.7619924453972869,0.8318062362759935,0.8254919316257996,0.9999974013427981,0.8929341222837075,0.4418604651162791,0.8254919316257996,0.9999949279883967,0.7858696731368027,0.888715242802976,0.9999998746971996,0.9999985714306122,flavanoids,color_intensity,False,keep,sin_cooldown,wine
gb_G1_wine,3,0.9722222222222222,0.9717752234993614,0.974074074074074,0.9722222222222222,1,0.7619924453972869,0.8418617406832716,0.8590100239938178,0.9999977081302889,0.8929341222837075,0.4418604651162791,0.8590100239938178,0.999995541563378,0.7858696731368027,0.9089984480266677,0.9999998746971996,0.9999985714306122,flavanoids,color_intensity,False,keep,sin_cooldown,wine
gb_G1_wine,4,0.9722222222222222,0.9717752234993614,0.974074074074074,0.9722222222222222,1,0.7619924453972869,0.8302760778235099,0.8203899385331709,0.9999991592440186,0.8929341222837075,0.4418604651162791,0.8203899385331709,0.9999984437908376,0.7858696731368027,0.907527622413303,0.9999998746971996,0.9999985714306122,flavanoids,color_intensity,False,keep,sin_cooldown,wine
gb_G1_wine,5,0.9722222222222222,0.9717752234993614,0.974074074074074,0.9722222222222222,1,0.7619924453972869,0.817521034457698,0.8438434266487695,0.9999987095260898,0.826964197713676,0.4418604651162791,0.8438434266487695,0.9999975443549799,0.6539298239967398,0.8937634336201968,0.9999998746971996,0.9999985714306122,flavanoids,color_intensity,False,keep,sin_cooldown,wine
gb_G1_wine,6,0.9722222222222222,0.9717752234993614,0.974074074074074,0.9722222222222222,1,0.7619924453972869,0.8063459518100373,0.8358852716427104,0.9992197631614212,0.826964197713676,0.3191489361702128,0.8358852716427104,0.9985041759915614,0.6539298239967398,0.896972832059872,0.9999353503312812,0.9999985714306122,flavanoids,color_intensity,False,keep,sin_cooldown,wine
gb_G1_wine,7,0.9722222222222222,0.9717752234993614,0.974074074074074,0.9722222222222222,1,0.7619924453972869,0.8017286314511007,0.8203382455488923,0.9994069130382568,0.826964197713676,0.3191489361702128,0.8203382455488923,0.9988633777960667,0.6539298239967398,0.8902400122584346,0.9999504482804469,0.9999985714306122,flavanoids,color_intensity,False,keep,sin_cooldown,wine
gb_G1_wine,8,0.9722222222222222,0.9717752234993614,0.974074074074074,0.9722222222222222,1,0.7619924453972869,0.7962156273937337,0.8018282992909382,0.9995668323183337,0.826964197713676,0.3191489361702128,0.8018282992909382,0.9991728582056083,0.6539298239967398,0.8729939449004929,0.999960806431059,0.9999985714306122,flavanoids,color_intensity,False,keep,sin_cooldown,wine
gb_G1_wine,9,0.9722222222222222,0.9717752234993614,0.974074074074074,0.9722222222222222,1,0.7619924453972869,0.7146892175732726,0.5299976728044754,0.9996579448202446,0.826964197713676,0.3191489361702128,0.5299976728044754,0.999347670141708,0.6539298239967398,0.9038148485978612,0.9999682194987812,0.9999985714306122,flavanoids,color_intensity,False,keep,sin_cooldown,wine
gb_G1_wine,10,0.9722222222222222,0.9717752234993614,0.974074074074074,0.9722222222222222,1,0.7619924453972869,0.763490678924913,0.6926451822803965,0.9996867788557005,0.826964197713676,0.3191489361702128,0.6926451822803965,0.9993998510352213,0.6539298239967398,0.8755958412721233,0.9999737066761795,0.9999985714306122,flavanoids,color_intensity,False,keep,sin_cooldown,wine
gb_G1_wine,11,0.9722222222222222,0.9717752234993614,0.974074074074074,0.9722222222222222,1,0.7619924453972869,0.738076769487991,0.6078558636695602,0.9997783234410162,0.826964197713676,0.3191489361702128,0.6078558636695602,0.999578765291784,0.6539298239967398,0.8949746406381425,0.9999778815902486,0.9999985714306122,flavanoids,color_intensity,False,keep,sin_cooldown,wine
gb_G1_wine,12,0.9722222222222222,0.9717752234993614,0.974074074074074,0.9722222222222222,1,0.7619924453972869,0.7703158227936542,0.7152935387100401,0.9998093266150934,0.826964197713676,0.3191489361702128,0.7152935387100401,0.9996375216212952,0.6539298239967398,0.8750596435968586,0.9999811316088916,0.9999985714306122,flavanoids,color_intensity,False,keep,sin_cooldown,wine
gb_G1_wine,13,0.9722222222222222,0.9717752234993614,0.974074074074074,0.9722222222222222,1,0.7619924453972869,0.7966376666993387,0.8030291209214667,0.9998140035841192,0.826964197713676,0.3191489361702128,0.8030291209214667,0.9996442961267865,0.6539298239967398,0.8938671606488484,0.9999837110414518,0.9999985714306122,flavanoids,color_intensity,False,keep,sin_cooldown,wine
gb_G1_wine,14,0.9722222222222222,0.9717752234993614,0.974074074074074,0.9722222222222222,1,0.7619924453972869,0.771174131990311,0.7181209781929899,0.999849636022181,0.826964197713676,0.3191489361702128,0.7181209781929899,0.9997134796031056,0.6539298239967398,0.8902811459588115,0.9999857924412564,0.9999985714306122,flavanoids,color_intensity,False,keep,sin_cooldown,wine
gb_G1_wine,15,0.9722222222222222,0.9717752234993614,0.974074074074074,0.9722222222222222,1,0.7619924453972869,0.7859778733060705,0.7674646307645812,0.9998522181993094,0.826964197713676,0.3191489361702128,0.7674646307645812,0.99971694016764,0.6539298239967398,0.8897114630613405,0.9999874962309787,0.9999985714306122,flavanoids,color_intensity,False,keep,sin_cooldown,wine
gb_G1_wine,16,0.9722222222222222,0.9717752234993614,0.974074074074074,0.9722222222222222,1,0.7619924453972869,0.7684600783246902,0.7090554431995827,0.9998720633517866,0.826964197713676,0.3191489361702128,0.7090554431995827,0.9997552181834071,0.6539298239967398,0.8896677597237602,0.9999889085201661,0.9999985714306122,flavanoids,color_intensity,False,keep,sin_cooldown,wine
gb_G1_wine,17,0.9722222222222222,0.9717752234993614,0.974074074074074,0.9722222222222222,1,0.7619924453972869,0.7740835854740058,0.7277879073726324,0.9998871349413894,0.826964197713676,0.3191489361702128,0.7277879073726324,0.9997841776802241,0.6539298239967398,0.8883004838028713,0.9999900922025545,0.9999985714306122,flavanoids,color_intensity,False,keep,sin_cooldown,wine
gb_G1_wine,18,0.9722222222222222,0.9717752234993614,0.974074074074074,0.9722222222222222,1,0.7619924453972869,0.7438409263810599,0.6269809898956059,0.9998847995420376,0.826964197713676,0.3191489361702128,0.6269809898956059,0.999778505002857,0.6539298239967398,0.8745335835725976,0.9999910940812181,0.9999985714306122,flavanoids,color_intensity,False,keep,sin_cooldown,wine
gb_G1_wine,19,0.9722222222222222,0.9717752234993614,0.974074074074074,0.9722222222222222,1,0.7619924453972869,0.6918180731980597,0.4535505202632488,0.9999099503688651,0.826964197713676,0.3191489361702128,0.4535505202632488,0.9998279511706181,0.6539298239967398,0.8866597352269565,0.9999919495671122,0.9999985714306122,flavanoids,color_intensity,False,soft_adjust,sin_cooldown,wine
rf_G1_wine,0,0.9722222222222222,0.9721867461331064,0.974074074074074,0.9722222222222222,1,0.4373182576595811,0.7342527554152619,0.755498964655208,0.9999997075998576,0.5836771303957836,0.55,0.755498964655208,0.9999997927091713,0.5006887052341598,0.9502653854224334,0.9999996224905439,0.6666655555574075,flavanoids,flavanoids,True,soft_adjust,sin_cooldown,wine
rf_G1_wine,1,0.9722222222222222,0.9717752234993614,0.974074074074074,0.9722222222222222,1,0.9864400899447796,0.7218806988412417,0.7524974157468561,0.9380537428337914,0.7056385594016725,0.21568627450980393,0.7524974157468561,0.8940597816938864,0.9112796187908452,0.9685687641114451,0.9820477039736962,0.4999975000124999,flavanoids,color_intensity,False,soft_adjust,sin_cooldown,wine
rf_G1_wine,2,1.0,1.0,1.0,1.0,1,0.9892443815462073,0.7793900811709152,0.6010598184826395,0.9367766671209597,0.9601623351773352,0.5121951219512195,0.6010598184826395,0.8989210547895751,0.9203296703296704,0.9700321196394633,0.9746322794523444,0.9999950000249999,color_intensity,color_intensity,True,soft_adjust,sin_cooldown,wine
rf_G1_wine,3,0.9722222222222222,0.9725248123940935,0.9753086419753088,0.9722222222222222,1,0.47463163274956627,0.7197384419098888,0.8338747409366772,0.9031399633492674,0.5376367626385625,0.55,0.8338747409366772,0.8337569598684578,0.47527472527472525,0.9548954828444758,0.972522966830077,0.5999988000023999,flavanoids,flavanoids,True,soft_adjust,sin_cooldown,wine
rf_G1_wine,4,0.9722222222222222,0.9721867461331064,0.974074074074074,0.9722222222222222,1,0.9884616047922288,0.7989106499000607,0.7075276999926589,0.9456401773481421,0.9680177968116279,0.34782608695652173,0.7075276999926589,0.9096984467060604,0.9360389269454781,0.9723975601213465,0.9815819079902238,0.9999966666777778,flavanoids,color_intensity,False,soft_adjust,sin_cooldown,wine
rf_G1_wine,5,0.9722222222222222,0.9717752234993614,0.974074074074074,0.9722222222222222,1,0.4882649207013999,0.6993199353083659,0.7676193830287124,0.8598443501535846,0.6088148714426156,0.47619047619047616,0.7676193830287124,0.7578847309277326,0.5509641873278237,0.9580245379178909,0.9618039693794367,0.6666655555574075,flavanoids,color_intensity,False,soft_adjust,sin_cooldown,wine
rf_G1_wine,6,1.0,1.0,1.0,1.0,1,0.9884109986407411,0.8774018984349279,0.8044072988502462,0.9690389708218465,0.9748953824101371,0.6756756756756757,0.8044072988502462,0.970645808886168,0.9497940981424964,0.965223280438323,0.9674321327575252,0.9999966666777778,flavanoids,flavanoids,True,soft_adjust,sin_cooldown,wine
rf_G1_wine,7,1.0,1.0,1.0,1.0,1,0.6568198336428975,0.7984431884353497,0.8547391208914764,0.9633686389457903,0.8543939377344933,0.14814814814814814,0.8547391208914764,0.9462474200371022,0.7087912087912088,0.9714132223440862,0.9804898578544785,0.9999966666777778,flavanoids,color_intensity,False,soft_adjust,sin_cooldown,wine
rf_G1_wine,8,1.0,1.0,1.0,1.0,1,0.9883420785855963,0.8017867316285916,0.7495168158518848,0.9348206595200172,0.9835114835664831,0.19230769230769232,0.7495168158518848,0.9230751867664354,0.967032967032967,0.9304885800320041,0.9465661322735991,0.999990000099999,flavanoids,color_intensity,False,soft_adjust,sin_cooldown,wine
rf_G1_wine,9,1.0,1.0,1.0,1.0,2,0.49382621782012015,0.48306713258459133,0.0,0.775446763231892,0.8090653090667153,0.16981132075471697,0.0,0.6,0.6181318681318682,0.9500921501087541,0.9508935264637839,0.9999987500015625,flavanoids,color_intensity,False,soft_adjust,sin_cooldown,wine
rf_G1_wine,10,0.9722222222222222,0.9717752234993614,0.974074074074074,0.9722222222222222,1,0.9951768357381008,0.7851672354457211,0.631608693892749,0.8906565969636739,0.9684015934565929,0.55,0.631608693892749,0.8165623384820333,0.9368131868131868,0.9447466497488525,0.9647508554453145,0.999990000099999,color_intensity,color_intensity,True,soft_adjust,sin_cooldown,wine
rf_G1_wine,11,1.0,1.0,1.0,1.0,2,0.6610859320651096,0.4917535614976756,0.0,0.7704766415938736,0.8365377472537676,0.19230769230769232,0.0,0.6,0.6730769230769231,0.9444837149696802,0.9409532831877473,0.9999985714306122,flavanoids,color_intensity,False,soft_adjust,sin_cooldown,wine
rf_G1_wine,12,0.9722222222222222,0.9721867461331064,0.974074074074074,0.9722222222222222,1,0.9854124171286676,0.6163982858603332,0.6736244497810123,0.9412657817260957,0.4766483516483517,0.24,0.6736244497810123,0.9092431601638564,0.9532967032967034,0.928157911291893,0.9732884032883349,0.0,flavanoids,color_intensity,False,soft_adjust,sin_cooldown,wine
rf_G1_wine,13,0.9722222222222222,0.9721867461331064,0.974074074074074,0.9722222222222222,1,0.47959499207590106,0.7426937662491488,0.7727277821951715,0.877569160424574,0.7335152335196085,0.47619047619047616,0.7727277821951715,0.7676501759059657,0.46703296703296704,0.9654998166095593,0.9874881449431823,0.99999750000625,flavanoids,color_intensity,False,soft_adjust,sin_cooldown,wine
rf_G1_wine,14,0.9722222222222222,0.9717752234993614,0.974074074074074,0.9722222222222222,1,0.9910745527138468,0.8082292050515689,0.7639623241168131,0.9636741887602578,0.9381843131993131,0.37777777777777777,0.7639623241168131,0.9505798857797819,0.8763736263736264,0.9673120306055556,0.9767684917407338,0.9999950000249999,flavanoids,color_intensity,False,soft_adjust,sin_cooldown,wine
rf_G1_wine,15,0.9722222222222222,0.9721867461331064,0.974074074074074,0.9722222222222222,1,0.49051068770222284,0.6941174418530428,0.7396173361088936,0.8671013547526241,0.646977553228608,0.4090909090909091,0.7396173361088936,0.7591181843060638,0.5439560439560439,0.9578060412816244,0.9750845251991844,0.7499990625011719,flavanoids,color_intensity,False,soft_adjust,sin_cooldown,wine
rf_G1_wine,16,1.0,1.0,1.0,1.0,1,0.9875657537835962,0.7584847070635472,0.7157222965800446,0.9691792997929183,0.800365189258893,0.4090909090909091,0.7157222965800446,0.9688937942014063,0.9340659340659341,0.9715989443520209,0.9694648053844304,0.6666644444518518,flavanoids,color_intensity,False,soft_adjust,sin_cooldown,wine
rf_G1_wine,17,1.0,1.0,1.0,1.0,1,0.569694827483729,0.75360062989149,0.7334137622175806,0.87963426191935,0.7506879909494659,0.5897435897435898,0.7334137622175806,0.8591628171762993,0.5013774104683195,0.9306118731095371,0.9001057066624008,0.9999985714306122,flavanoids,flavanoids,True,soft_adjust,sin_cooldown,wine
rf_G1_wine,18,1.0,1.0,1.0,1.0,1,0.9921154115460364,0.7002363358124282,0.46491873747785706,0.8710635684015544,0.8054782370577704,0.6756756756756757,0.46491873747785706,0.7772941096688656,0.944292029663689,0.9466197731124573,0.9648330271342432,0.6666644444518518,color_intensity,color_intensity,True,soft_adjust,sin_cooldown,wine
rf_G1_wine,19,0.9444444444444444,0.9414340448823206,0.9481481481481482,0.9444444444444444,2,0.4718710839598998,0.49307705833847293,0.0,0.7683464682553935,0.848348640726736,0.16981132075471697,0.0,0.6,0.6966989481173608,0.9249593490646255,0.9366929365107872,0.9999983333361111,flavanoids,color_intensity,False,soft_adjust,sin_cooldown,wine
torch_G1_wine,0,0.9166666666666666,0.9167836896031623,0.9234567901234567,0.9166666666666666,2,0.6003931760787964,0.6597284964238617,0.40436172210666094,0.9999998004837349,0.8008231758261758,0.19230769230769232,0.40436172210666094,0.9999999210685351,0.6016483516483516,0.7671991669785554,0.9999996798989347,0.999998000004,malic_acid,od280/od315_of_diluted_wines,False,soft_adjust,sin_cooldown,wine
torch_G1_wine,1,0.9166666666666666,0.9167836896031623,0.9234567901234567,0.9166666666666666,2,0.5170654654502869,0.6849091858648676,0.5575034140924172,0.9959080384888507,0.657508601954528,0.47619047619047616,0.5575034140924172,0.9935579634733336,0.6483516483516484,0.8099827194222523,0.9982581135043678,0.6666655555574075,od280/od315_of_diluted_wines,od280/od315_of_diluted_wines,True,soft_adjust,sin_cooldown,wine
torch_G1_wine,2,0.9444444444444444,0.9441595441595442,0.9513888888888888,0.9444444444444444,1,0.5573673844337463,0.5414628713801466,0.5628723721182118,0.796449157521985,0.5247248059758607,0.10714285714285714,0.5628723721182118,0.6,0.29945054945054944,0.8360665764251979,0.9928983150439699,0.7499990625011719,nonflavanoid_phenols,od280/od315_of_diluted_wines,False,soft_adjust,sin_cooldown,wine
torch_G1_wine,3,0.9444444444444444,0.9441595441595442,0.9513888888888888,0.9444444444444444,1,0.6479561924934387,0.536940044469145,0.6023217203970225,0.8583854231132544,0.4467335130921894,0.05084745762711865,0.6023217203970225,0.7278712740651246,0.33791208791208793,0.8157869680845493,0.9888995721613841,0.5555549382722909,nonflavanoid_phenols,od280/od315_of_diluted_wines,False,soft_adjust,sin_cooldown,wine
torch_G1_wine,4,0.9444444444444444,0.9441595441595442,0.9513888888888888,0.9444444444444444,1,0.6912205219268799,0.5974362690804728,0.6320455801269421,0.9200132373233556,0.5673072235582782,0.05084745762711865,0.6320455801269421,0.8495360326659075,0.3846153846153846,0.8272614706433592,0.9904904419808037,0.7499990625011719,nonflavanoid_phenols,od280/od315_of_diluted_wines,False,soft_adjust,sin_cooldown,wine
torch_G1_wine,5,0.9722222222222222,0.9721867461331064,0.974074074074074,0.9722222222222222,1,0.7126733064651489,0.6200995365411694,0.6392662949288412,0.9525510721468449,0.6085158712724601,0.05084745762711865,0.6392662949288412,0.91195168846771,0.35989010989010983,0.8430820965263714,0.9931504558259797,0.8571416326548105,nonflavanoid_phenols,color_intensity,False,soft_adjust,sin_cooldown,wine
torch_G1_wine,6,0.9722222222222222,0.9721867461331064,0.974074074074074,0.9722222222222222,1,0.7495529055595398,0.6205207981013298,0.6435272291892316,0.9738480998067613,0.5879116191626739,0.05084745762711865,0.6435272291892316,0.9544753634888773,0.4258241758241758,0.8478035181443269,0.9932208361246453,0.7499990625011719,nonflavanoid_phenols,color_intensity,False,soft_adjust,sin_cooldown,wine
torch_G1_wine,7,0.9722222222222222,0.9721867461331064,0.974074074074074,0.9722222222222222,1,0.7749727368354797,0.5967903584064077,0.699314034919938,0.9825113797007893,0.4458039478705369,0.05084745762711865,0.699314034919938,0.9710362620353801,0.34615384615384615,0.8599727024470472,0.9939864973661985,0.5454540495872277,nonflavanoid_phenols,color_intensity,False,soft_adjust,sin_cooldown,wine
torch_G1_wine,8,0.9722222222222222,0.9721867461331064,0.974074074074074,0.9722222222222222,1,0.7948020696640015,0.6438727786131034,0.7105538912074834,0.9802307930320784,0.59340598116257,0.05084745762711865,0.7105538912074834,0.9658871036388708,0.32967032967032966,0.8738740468401334,0.994574482425286,0.8571416326548105,nonflavanoid_phenols,color_intensity,False,soft_adjust,sin_cooldown,wine
torch_G1_wine,9,0.9722222222222222,0.9721867461331064,0.974074074074074,0.9722222222222222,1,0.7932838797569275,0.6521678991370572,0.8408400889574776,0.9896847832728455,0.48289185995844897,0.05084745762711865,0.9058344115356136,0.9833583148099707,0.42032967032967034,0.8408400889574776,0.9960112517357204,0.5454540495872277,nonflavanoid_phenols,color_intensity,False,soft_adjust,sin_cooldown,wine
torch_G1_wine,10,0.9722222222222222,0.9721867461331064,0.974074074074074,0.9722222222222222,1,0.8061516880989075,0.6742874616676481,0.7821485150675547,0.9928990535412482,0.6126367503933393,0.05084745762711865,0.7821485150675547,0.9895145408518565,0.36813186813186816,0.8766890810224665,0.9962835662306398,0.8571416326548105,nonflavanoid_phenols,color_intensity,False,soft_adjust,sin_cooldown,wine
torch_G1_wine,11,0.9722222222222222,0.9721867461331064,0.974074074074074,0.9722222222222222,1,0.8241020441055298,0.6815434875379348,0.8513769818506066,0.9899477257881032,0.570054476305531,0.05084745762711865,0.8683781051493366,0.9836061939536813,0.3901098901098901,0.8513769818506066,0.9962892576225251,0.7499990625011719,nonflavanoid_phenols,color_intensity,False,soft_adjust,sin_cooldown,wine
torch_G1_wine,12,0.9722222222222222,0.9721867461331064,0.974074074074074,0.9722222222222222,1,0.8284557461738586,0.6666340575369837,0.7928686321758956,0.9906299155038415,0.5782962345472893,0.05084745762711865,0.7928686321758956,0.9845026520601832,0.4065934065934066,0.8728947408467584,0.9967571789474998,0.7499990625011719,nonflavanoid_phenols,color_intensity,False,soft_adjust,sin_cooldown,wine
torch_G1_wine,13,0.9722222222222222,0.9721867461331064,0.974074074074074,0.9722222222222222,1,0.8274151086807251,0.6366288625429449,0.7003619831695439,0.9915072242254181,0.570054476305531,0.05084745762711865,0.7003619831695439,0.9856227286106841,0.3901098901098901,0.8611872203981604,0.9973917198401521,0.7499990625011719,nonflavanoid_phenols,color_intensity,False,soft_adjust,sin_cooldown,wine
torch_G1_wine,14,0.9722222222222222,0.9721867461331064,0.974074074074074,0.9722222222222222,1,0.834061861038208,0.664046638631928,0.7764915727016009,0.9949876563077175,0.5824171136681684,0.05084745762711865,0.7764915727016009,0.992542424487539,0.4148351648351648,0.8652174721749519,0.9974328881278959,0.7499990625011719,nonflavanoid_phenols,color_intensity,False,soft_adjust,sin_cooldown,wine
torch_G1_wine,15,0.9722222222222222,0.9721867461331064,0.974074074074074,0.9722222222222222,1,0.8465765714645386,0.6553344230265772,0.7464032530757967,0.9962447774372792,0.5824171136681684,0.05084745762711865,0.7464032530757967,0.9952100996253188,0.4148351648351648,0.864672442498887,0.9972794552492397,0.7499990625011719,nonflavanoid_phenols,color_intensity,False,soft_adjust,sin_cooldown,wine
torch_G1_wine,16,0.9722222222222222,0.9721867461331064,0.974074074074074,0.9722222222222222,1,0.8538290858268738,0.6710822882675904,0.7560199097934251,0.991652466489753,0.6291202668768558,0.05084745762711865,0.7560199097934251,0.9859846402677416,0.4010989010989011,0.8694559783569639,0.9973202927117645,0.8571416326548105,nonflavanoid_phenols,color_intensity,False,soft_adjust,sin_cooldown,wine
torch_G1_wine,17,0.9722222222222222,0.9721867461331064,0.974074074074074,0.9722222222222222,1,0.8631837368011475,0.6544181512809731,0.7683343665116129,0.9957874835537917,0.5393769190073305,0.08771929824561403,0.7683343665116129,0.9943487931690927,0.41208791208791207,0.8618719596338261,0.9972261739384904,0.666665925926749,nonflavanoid_phenols,color_intensity,False,soft_adjust,sin_cooldown,wine
torch_G1_wine,18,1.0,1.0,1.0,1.0,1,0.8788343071937561,0.6903918071177967,0.8346223175286693,0.9976445756852084,0.6098894976460866,0.05084745762711865,0.8346223175286693,0.9984661729907763,0.3626373626373627,0.880203867686812,0.9968229783796404,0.8571416326548105,nonflavanoid_phenols,color_intensity,False,soft_adjust,sin_cooldown,wine
torch_G1_wine,19,1.0,1.0,1.0,1.0,1,0.8904525637626648,0.7569251772921212,0.8659189710739528,0.9932172203384562,0.6950541117230006,0.08771929824561403,0.9411192105300418,0.9899130428040658,0.3901098901098901,0.8659189710739528,0.9965213978728464,0.9999983333361111,nonflavanoid_phenols,color_intensity,False,keep,sin_cooldown,wine
gb_G1_digits,0,0.9138888888888889,0.914217639130665,0.9171501029045408,0.9138888888888889,9,0.49776154191636396,0.49321229767741026,0.0,0.9999994535594361,0.6898747809585042,0.03333333333333333,0.0,0.9999998405834691,0.5464176174702491,0.9626489099431044,0.9999990665354032,0.8333319444467593,pixel_21,pixel_19,False,soft_adjust,sin_cooldown,digits
gb_G1_digits,1,0.9138888888888889,0.9151862031518151,0.920126631867211,0.9138888888888889,9,0.3864403050437521,0.4189285856592071,0.0,0.9935886510191418,0.5517714096814056,0.03333333333333333,0.0,0.9960475468784595,0.4368768934360622,0.9716203498142942,0.9911297551598243,0.666665925926749,pixel_21,pixel_19,False,soft_adjust,sin_cooldown,digits
gb_G1_digits,2,0.9222222222222223,0.9228322383837372,0.9275262708968709,0.9222222222222223,9,0.37863563401140826,0.4859478434696185,0.0,0.9871458725455393,0.676371251110779,0.03333333333333333,0.0,0.9778742964212026,0.4956008695667475,0.936428674389318,0.9964174486698759,0.8571416326548105,pixel_21,pixel_19,False,soft_adjust,sin_cooldown,digits
gb_G1_digits,3,0.9083333333333333,0.90937644191624,0.9148592256103221,0.9083333333333333,9,0.32150271717473555,0.4240282720379508,0.0,0.9760419289382205,0.5833926326779857,0.03333333333333333,0.0,0.9728889885114821,0.5001193394292225,0.9601893850089158,0.9791948693649588,0.666665925926749,pixel_29,pixel_19,False,soft_adjust,sin_cooldown,digits
gb_G1_digits,4,0.9222222222222223,0.9228838111612844,0.9274263014958859,0.9222222222222223,9,0.4180213751856205,0.4139501894356211,0.0,0.9906307811733135,0.546111592496167,0.01639344262295082,0.0,0.9849882503532673,0.5366682467200431,0.9691381154550385,0.9962733119933598,0.5555549382722909,pixel_29,pixel_19,False,soft_adjust,sin_cooldown,digits
gb_G1_digits,5,0.9138888888888889,0.9148968184162083,0.9193692354142434,0.9138888888888889,9,0.3927924162677459,0.42076504234844714,0.0,0.9879392969242924,0.5626007270579134,0.03333333333333333,0.0,0.9942682817338822,0.5252020541152268,0.9691470838483675,0.9816103121147026,0.5999994000006,pixel_29,pixel_19,False,soft_adjust,sin_cooldown,digits
gb_G1_digits,6,0.9222222222222223,0.922740707166948,0.9266142480761287,0.9222222222222223,9,0.4031248430757245,0.4183394048294173,0.01590111365564534,0.9726883424979091,0.5597932290493457,0.01639344262295082,0.01590111365564534,0.9490762809142743,0.5195870580980915,0.9765170575272543,0.996300404081544,0.5999994000006,pixel_29,pixel_19,False,soft_adjust,sin_cooldown,digits
gb_G1_digits,7,0.9138888888888889,0.9150391183616833,0.9200602361362376,0.9138888888888889,9,0.4333628701664064,0.48489082542211387,0.0,0.978328720900552,0.6801954839899196,0.03333333333333333,0.0,0.9664659543179549,0.5270590235330799,0.9659108441349569,0.990191487483149,0.8333319444467593,pixel_29,pixel_19,False,force_adjust,sin_cooldown,digits
gb_G1_digits,8,0.9138888888888889,0.9151945944605125,0.919750640020014,0.9138888888888889,9,0.3338338190286527,0.4164559751191472,0.0,0.9679356820694915,0.547090756718558,0.06896551724137931,0.0,0.9409873832660993,0.5386265751648251,0.9736012606672609,0.9948839808728837,0.5555549382722909,pixel_29,pixel_19,False,force_adjust,sin_cooldown,digits
gb_G1_digits,9,0.9194444444444444,0.9204339950085086,0.9233913555546992,0.9194444444444444,9,0.37471606990615697,0.4156486489315484,0.0,0.9857585110455529,0.547363403900534,0.03333333333333333,0.0,0.9799132681171527,0.5391718695287769,0.969778905927312,0.9916037539739532,0.5555549382722909,pixel_29,pixel_19,False,force_adjust,sin_cooldown,digits
gb_G1_digits,10,0.9194444444444444,0.9199912514973942,0.9223284969291411,0.9194444444444444,9,0.38746268587873933,0.44009227047820654,0.0,0.9855924973745491,0.6289804871152308,0.03333333333333333,0.0,0.9832521100424996,0.5579616742297616,0.9780954562980234,0.9879328847065988,0.6999993000007,pixel_29,pixel_19,False,force_adjust,sin_cooldown,digits
gb_G1_digits,11,0.9166666666666666,0.9179686912060971,0.9217620474924827,0.9166666666666666,9,0.29316471823325885,0.4256462449117483,0.0,0.9413478248495731,0.5998815370438271,0.06896551724137931,0.0,0.892329205189636,0.48547838020864537,0.9765222681331387,0.9903664445095103,0.7142846938790087,pixel_29,pixel_19,False,force_adjust,sin_cooldown,digits
gb_G1_digits,12,0.9166666666666666,0.9179619386179185,0.921916368480137,0.9166666666666666,9,0.36342521102828007,0.42649780682209953,0.0,0.9738883572371133,0.5756029664220477,0.06896551724137931,0.0,0.9566224640632861,0.5262067140931188,0.9605048982794737,0.9911542504109406,0.6249992187509766,pixel_29,pixel_19,False,force_adjust,sin_cooldown,digits
gb_G1_digits,13,0.9166666666666666,0.9179619386179185,0.921916368480137,0.9166666666666666,9,0.36053451838000894,0.4303870261639883,0.0,0.9805678227613202,0.5830008096248378,0.06896551724137931,0.0,0.9680461090713119,0.4993356933229265,0.9695060632403348,0.9930895364513282,0.666665925926749,pixel_29,pixel_19,False,force_adjust,sin_cooldown,digits
gb_G1_digits,14,0.9166666666666666,0.9181787584568932,0.9225988768071345,0.9166666666666666,9,0.3561771417089294,0.4200308739105362,0.0,0.9853870431025566,0.5622803771163234,0.03333333333333333,0.0,0.977994581946989,0.5245613542320469,0.9683455599098785,0.9927795042581244,0.5999994000006,pixel_29,pixel_19,False,force_adjust,sin_cooldown,digits
gb_G1_digits,15,0.9111111111111111,0.912047240897709,0.9146175675780323,0.9111111111111111,9,0.3692604444089326,0.4233106831707388,0.029215954195416612,0.9790197538757885,0.5577731401657468,0.01639344262295082,0.029215954195416612,0.9779049660389264,0.5155468803308935,0.9616465801984849,0.9801345417126507,0.5999994000006,pixel_29,pixel_19,False,force_adjust,sin_cooldown,digits
gb_G1_digits,16,0.9138888888888889,0.9150186689364587,0.9183262402569387,0.9138888888888889,9,0.3281187868943744,0.4333183568989478,0.008376571929893871,0.9794065926795972,0.5853630318795782,0.06896551724137931,0.008376571929893871,0.9688405142632364,0.5457268450081798,0.9681069902374533,0.989972671095958,0.6249992187509766,pixel_29,pixel_19,False,force_adjust,sin_cooldown,digits
gb_G1_digits,17,0.9111111111111111,0.9121899820260737,0.9155610431893462,0.9111111111111111,9,0.3506857902789848,0.4103684526224656,0.0,0.9866916525306458,0.5289851316326803,0.03333333333333333,0.0,0.9828073499722867,0.5579707632648608,0.9655842115066405,0.990575955089005,0.4999995000005,pixel_29,pixel_19,False,force_adjust,sin_cooldown,digits
gb_G1_digits,18,0.9,0.9007189359123283,0.9051633453588862,0.9,1,0.31384749303957227,0.516766906214589,0.0656141766763009,0.7971647100688355,0.6548004144771282,0.6756756756756757,0.0656141766763009,0.6,0.673237771102491,0.972004407154783,0.9943294201376709,0.6363630578517656,pixel_19,pixel_19,True,force_adjust,sin_cooldown,digits
gb_G1_digits,19,0.9027777777777778,0.9035422968261193,0.9078857923623791,0.9027777777777778,1,0.29056185201795737,0.4942004735499058,0.0982380430854841,0.7947443785402961,0.6118098866306219,0.55,0.0982380430854841,0.6,0.6402869260386164,0.9756157146594016,0.9894887570805924,0.5833328472226273,pixel_19,pixel_19,True,force_adjust,sin_cooldown,digits
rf_G1_digits,0,0.8333333333333334,0.8306782158619822,0.8365065272197388,0.8333333333333334,0,0.19142260092145594,0.4512699421411071,0.0,0.9999931317742401,0.6270458815356834,0.08771929824561403,0.0,0.999998927169734,0.5268196969550633,0.5372883074650678,0.999987336378746,0.7272720661163036,pixel_42,pixel_38,False,soft_adjust,sin_cooldown,digits
rf_G1_digits,1,0.8555555555555555,0.8526038792685416,0.8647913856204189,0.8555555555555555,1,0.17331372360627403,0.4547694949822702,0.00580402694737139,0.7696866641976076,0.7022671675347387,0.21568627450980393,0.00580402694737139,0.6,0.6045351350686773,0.6318409375523978,0.9393733283952151,0.7999992000008,pixel_12,pixel_36,False,soft_adjust,sin_cooldown,digits
rf_G1_digits,2,0.8694444444444445,0.8687514572283562,0.8742586421114606,0.8694444444444445,1,0.2226395619328808,0.471406639855384,0.0,0.7399016997375472,0.7338404838451845,0.4418604651162791,0.0,0.6,0.667681767689569,0.541551240856976,0.8798033994750943,0.7999992000008,pixel_20,pixel_38,False,soft_adjust,sin_cooldown,digits
rf_G1_digits,3,0.875,0.8743491565975957,0.8811962886381492,0.875,8,0.19643725144385396,0.48942928563289,0.0,0.7358348042542395,0.8576583588208441,0.19230769230769232,0.0,0.6,0.715318384305577,0.4017894615334136,0.8716696085084791,0.9999983333361111,pixel_38,pixel_36,False,soft_adjust,sin_cooldown,digits
rf_G1_digits,4,0.8527777777777777,0.8494336940420084,0.8574455734089754,0.8527777777777777,3,0.16645812730667076,0.41414759588338074,0.13804709623042727,0.7427269746805436,0.5494316704063149,0.14814814814814814,0.13804709623042727,0.6,0.5534092912254023,0.5476577764009498,0.8854539493610872,0.5454540495872277,pixel_42,pixel_36,False,soft_adjust,sin_cooldown,digits
rf_G1_digits,5,0.8583333333333333,0.856904576182079,0.8681331747792017,0.8583333333333333,3,0.22855924476777237,0.41644528568264805,0.0,0.6949664912628675,0.6594751725194001,0.14814814814814814,0.0,0.6,0.549720167523552,0.5132690219733311,0.789932982525735,0.7692301775152481,pixel_30,pixel_38,False,soft_adjust,sin_cooldown,digits
rf_G1_digits,6,0.8611111111111112,0.8584827435725776,0.869724719269267,0.8611111111111112,3,0.2756512990555667,0.38831015568487476,0.0,0.6247541790973679,0.6612387030351093,0.0,0.0,0.6495083581947356,0.6301702463064954,0.43371567878834394,0.6,0.6923071597637233,pixel_26,pixel_43,False,soft_adjust,sin_cooldown,digits
rf_G1_digits,7,0.8694444444444445,0.8694352788194165,0.8811702796996914,0.8694444444444445,9,0.20899267277246736,0.3291963749954456,0.017960498966892238,0.6610888054377069,0.5117867464865039,0.03333333333333333,0.017960498966892238,0.6,0.4902405151949929,0.7095434186819912,0.7221776108754139,0.5333329777780149,pixel_27,pixel_36,False,adjust,sin_cooldown,digits
rf_G1_digits,8,0.85,0.8436892168026674,0.861909830359547,0.85,3,0.22665404674474537,0.4857053181303138,0.045737375033836875,0.7410537571476237,0.8213057298827859,0.08771929824561403,0.045737375033836875,0.6722498668969727,0.6426131264294607,0.5274720564602414,0.8098576473982745,0.9999983333361111,pixel_42,pixel_36,False,soft_adjust,sin_cooldown,digits
rf_G1_digits,9,0.8611111111111112,0.8593934893382845,0.8696698822871812,0.8611111111111112,3,0.23553441085638044,0.4684324142255911,0.04509777054632406,0.7556250812545355,0.7700576818377958,0.01639344262295082,0.04509777054632406,0.7741173855304183,0.7067827247861238,0.5561984975660849,0.7371327769786526,0.8333326388894676,pixel_42,pixel_36,False,soft_adjust,sin_cooldown,digits
rf_G1_digits,10,0.8527777777777777,0.8502743721466921,0.8666959450057186,0.8527777777777777,3,0.19250354742863368,0.4038201692933065,0.03252885285162598,0.8529046969146936,0.5945877427190089,0.01639344262295082,0.03252885285162598,0.8489816555115602,0.5225093743264437,0.6352590258829313,0.8568277383178269,0.666666111111574,pixel_29,pixel_36,False,soft_adjust,sin_cooldown,digits
rf_G1_digits,11,0.8166666666666667,0.81357909033846,0.832549582238558,0.8166666666666667,3,0.23030529849774792,0.4716359724551997,0.02690437591713012,0.8347865709071378,0.7000230194738837,0.14814814814814814,0.02690437591713012,0.8673028913041658,0.6727739728314637,0.719925465185871,0.8022702505101099,0.7272720661163036,pixel_42,pixel_36,False,soft_adjust,sin_cooldown,digits
rf_G1_digits,12,0.85,0.8470330697852244,0.8583943607880565,0.85,3,0.20474027078763077,0.4590785971969751,0.0,0.8049420593755363,0.7297355618666252,0.06896551724137931,0.0,0.7263953680265303,0.5594720237323506,0.677643009495946,0.8834887507245422,0.8999991000009,pixel_26,pixel_9,False,soft_adjust,sin_cooldown,digits
rf_G1_digits,13,0.8555555555555555,0.8500240903579628,0.8653004796427688,0.8555555555555555,3,0.20507724557434895,0.5146119124551319,0.07459396960544028,0.8103752921059709,0.7609208739445693,0.4090909090909091,0.07459396960544028,0.8127935165246628,0.6468428416377714,0.4903918316630276,0.807957067687279,0.8749989062513672,pixel_36,pixel_36,True,soft_adjust,sin_cooldown,digits
rf_G1_digits,14,0.8722222222222222,0.8716116965879377,0.8783194298983773,0.8722222222222222,8,0.18281940229767343,0.38292626416289105,0.0,0.7209413994083924,0.6015623069619024,0.14814814814814814,0.0,0.6,0.6576705643365771,0.4510011159956394,0.8418827988167847,0.5454540495872277,pixel_42,pixel_38,False,soft_adjust,sin_cooldown,digits
rf_G1_digits,15,0.8277777777777777,0.8239636530671103,0.8383696118478727,0.8277777777777777,3,0.22557394302166428,0.46312451325269577,0.0,0.7591525252272939,0.7615842361158704,0.14814814814814814,0.0,0.696074629889288,0.6898358333422733,0.5921379135326702,0.8222304205652998,0.8333326388894676,pixel_21,pixel_60,False,soft_adjust,sin_cooldown,digits
rf_G1_digits,16,0.8722222222222222,0.8711555751125011,0.8807416607463684,0.8722222222222222,3,0.19449820689416566,0.5048624228521942,0.05260272357966027,0.801963253749951,0.827539483241291,0.08771929824561403,0.05260272357966027,0.7227241555246064,0.6550802164810196,0.6166998623637983,0.8812023519752956,0.9999987500015625,pixel_30,pixel_36,False,soft_adjust,sin_cooldown,digits
rf_G1_digits,17,0.8444444444444444,0.8389502590791221,0.8551000527195267,0.8444444444444444,3,0.19971043864381088,0.3975888836587848,0.0,0.8227828059649749,0.5957842914356634,0.08771929824561403,0.0,0.803806861513263,0.5552055250195611,0.5653207292679908,0.8417587504166868,0.6363630578517656,pixel_26,pixel_20,False,soft_adjust,sin_cooldown,digits
rf_G1_digits,18,0.8611111111111112,0.8601585105916968,0.8671371000863876,0.8611111111111112,8,0.15047358087161813,0.476855426016297,0.0,0.737714916261638,0.8022556565029582,0.24,0.0,0.6,0.604512563004354,0.5738599005218957,0.875429832523276,0.9999987500015625,pixel_42,pixel_30,False,soft_adjust,sin_cooldown,digits
rf_G1_digits,19,0.85,0.8463371213329667,0.8630474612707164,0.85,3,0.22858976644369422,0.4513978116303069,0.02505837323227845,0.7441948181318128,0.6988617273486442,0.19230769230769232,0.02505837323227845,0.7430700949256529,0.6977241546965884,0.6503572248737433,0.7453195413379726,0.6999993000007,pixel_42,pixel_26,False,soft_adjust,sin_cooldown,digits
torch_G1_digits,0,0.9722222222222222,0.9721868775855089,0.9723933575955634,0.9722222222222222,5,0.9466193318367004,0.6031450946358092,0.5969280827254336,0.9999836949635731,0.5266643916861915,0.10714285714285714,0.9981666546298892,0.9999999993858827,0.5533312833598832,0.5969280827254336,0.9999673905412635,0.4999975000124999,pixel_6,pixel_20,False,keep,sin_cooldown,digits
torch_G1_digits,1,0.9722222222222222,0.9721868775855089,0.9723933575955634,0.9722222222222222,5,0.9466193318367004,0.5596564481050806,0.5465973063146947,0.9990977980196107,0.4424830398964247,0.08771929824561403,0.9985627313549525,0.998228205497958,0.5516338575669235,0.5465973063146947,0.9999673905412635,0.3333322222259259,pixel_6,pixel_20,False,keep,sin_cooldown,digits
torch_G1_digits,2,0.9722222222222222,0.9721868775855089,0.9723933575955634,0.9722222222222222,5,0.9466193318367004,0.59544812344677,0.6370420083445517,0.9977569255160902,0.4422468911405324,0.14814814814814814,0.9982536725982095,0.9955464604909169,0.5511615600551389,0.6370420083445517,0.9999673905412635,0.3333322222259259,pixel_6,pixel_20,False,keep,sin_cooldown,digits
torch_G1_digits,3,0.9722222222222222,0.9721868775855089,0.9723933575955634,0.9722222222222222,5,0.9466193318367004,0.5594297344708299,0.5510051096336382,0.9973882212065412,0.43874417180753655,0.08771929824561403,0.9987961716777413,0.9948090518718189,0.5441561213891472,0.5510051096336382,0.9999673905412635,0.3333322222259259,pixel_6,pixel_20,False,keep,sin_cooldown,digits
torch_G1_digits,4,0.9722222222222222,0.9721868775855089,0.9723933575955634,0.9722222222222222,5,0.9466193318367004,0.5904885421392332,0.6090254917764182,0.996787517946191,0.4437077233551744,0.16981132075471697,0.9983777881251112,0.9936076453511186,0.5540832244844228,0.6090254917764182,0.9999673905412635,0.3333322222259259,pixel_6,pixel_20,False,keep,sin_cooldown,digits
torch_G1_digits,5,0.9722222222222222,0.9721868775855089,0.9723933575955634,0.9722222222222222,5,0.9466193318367004,0.6034381531844656,0.5588526464076569,0.9986235667312284,0.5242677124440256,0.19230769230769232,0.9982379194521832,0.9972797429211933,0.5485379248755513,0.5588526464076569,0.9999673905412635,0.4999975000124999,pixel_6,pixel_20,False,keep,sin_cooldown,digits
torch_G1_digits,6,0.9722222222222222,0.9721868775855089,0.9723933575955634,0.9722222222222222,5,0.9466193318367004,0.5766477068253427,0.6051651709110633,0.9976214460931007,0.4417829976396883,0.08771929824561403,0.9985663178063457,0.9956221441672554,0.5502337730534507,0.6051651709110633,0.999620748018946,0.3333322222259259,pixel_6,pixel_20,False,keep,sin_cooldown,digits
torch_G1_digits,7,0.9722222222222222,0.9721868775855089,0.9723933575955634,0.9722222222222222,5,0.9466193318367004,0.6055660229832822,0.6020638891980222,0.9982662571442125,0.531029544554646,0.10714285714285714,0.9988919788970854,0.9968294007827073,0.562061589096792,0.6020638891980222,0.9997031135057177,0.4999975000124999,pixel_6,pixel_20,False,keep,sin_cooldown,digits
torch_G1_digits,8,0.9722222222222222,0.9721868775855089,0.9723933575955634,0.9722222222222222,5,0.9466193318367004,0.5797579495805447,0.6058580294870635,0.9979495618316621,0.44147240568360535,0.10714285714285714,0.998745672977206,0.996139795675959,0.5496125891412849,0.6058580294870635,0.999759327987365,0.3333322222259259,pixel_6,pixel_20,False,keep,sin_cooldown,digits
torch_G1_digits,9,0.9722222222222222,0.9721868775855089,0.9723933575955634,0.9722222222222222,5,0.9466193318367004,0.5784322309436309,0.6103861556143528,0.9976380556817699,0.44249658534013503,0.08771929824561403,0.9987809084074394,0.9954767161756815,0.5516609484543441,0.6103861556143528,0.9997993951878582,0.3333322222259259,pixel_6,pixel_20,False,keep,sin_cooldown,digits
torch_G1_digits,10,0.9722222222222222,0.9721868775855089,0.9723933575955634,0.9722222222222222,5,0.9466193318367004,0.5742225393389853,0.5658115840841558,0.9950396815478493,0.4449897383485132,0.14814814814814814,0.9985130759941971,0.9902504074128301,0.5566472544711005,0.5658115840841558,0.9998289556828683,0.3333322222259259,pixel_6,pixel_20,False,keep,sin_cooldown,digits
torch_G1_digits,11,0.9722222222222222,0.9721868775855089,0.9723933575955634,0.9722222222222222,5,0.9466193318367004,0.5654143406652764,0.5842466395771986,0.9952376547843875,0.44567938817317365,0.05084745762711865,0.9990225295518005,0.9906239234477419,0.5580265541204213,0.5842466395771986,0.9998513861210333,0.3333322222259259,pixel_6,pixel_20,False,keep,sin_cooldown,digits
torch_G1_digits,12,0.9722222222222222,0.9721868775855089,0.9723933575955634,0.9722222222222222,5,0.9466193318367004,0.57462687641074,0.6033589051637174,0.9970579769998962,0.44669961008481285,0.06896551724137931,0.9987284594058294,0.9942471458849168,0.5600669979436997,0.6033589051637174,0.9998688081148754,0.3333322222259259,pixel_6,pixel_20,False,keep,sin_cooldown,digits
torch_G1_digits,13,0.9722222222222222,0.9721868775855089,0.9723933575955634,0.9722222222222222,5,0.9466193318367004,0.6041715606743152,0.598115560916969,0.9971238297439107,0.5312816879727276,0.10714285714285714,0.9989264160612399,0.9943650504227909,0.5625658759329552,0.598115560916969,0.9998826090650306,0.4999975000124999,pixel_6,pixel_20,False,keep,sin_cooldown,digits
torch_G1_digits,14,0.9722222222222222,0.9721868775855089,0.9723933575955634,0.9722222222222222,5,0.9466193318367004,0.578436989642364,0.596137589149117,0.9990490367174751,0.4458734171561053,0.10714285714285714,0.9992704360795522,0.998204346211454,0.5584146120862847,0.596137589149117,0.9998937272234963,0.3333322222259259,pixel_6,pixel_20,False,keep,sin_cooldown,digits
torch_G1_digits,15,0.9722222222222222,0.9721868775855089,0.9723933575955634,0.9722222222222222,5,0.9466193318367004,0.5794545008547645,0.5979075034424353,0.9982509957684813,0.4481602410282832,0.10714285714285714,0.9986566969115809,0.9965991760182112,0.5629882598306406,0.5979075034424353,0.9999028155187513,0.3333322222259259,pixel_6,pixel_20,False,keep,sin_cooldown,digits
torch_G1_digits,16,0.9722222222222222,0.9721868775855089,0.9723933575955634,0.9722222222222222,5,0.9466193318367004,0.5717023266265153,0.5731481963180359,0.998494913530263,0.4468757025903678,0.10714285714285714,0.9988622621018171,0.9970794873798341,0.5604191829548097,0.5731481963180359,0.9999103396806918,0.3333322222259259,pixel_6,pixel_20,False,keep,sin_cooldown,digits
torch_G1_digits,17,0.9722222222222222,0.9721868775855089,0.9723933575955634,0.9722222222222222,5,0.9466193318367004,0.5923690723343823,0.6046655503772486,0.9974858398008358,0.4425059780828161,0.19230769230769232,0.9988244732731067,0.9950550404628364,0.5516797339397063,0.6046655503772486,0.9999166391388352,0.3333322222259259,pixel_6,pixel_20,False,keep,sin_cooldown,digits
torch_G1_digits,18,0.9722222222222222,0.9721868775855089,0.9723933575955634,0.9722222222222222,5,0.9466193318367004,0.5792206320594091,0.5662064475623316,0.9978969321725786,0.43679436967137053,0.19230769230769232,0.9992345314997716,0.9958718983439435,0.5402565171168151,0.5662064475623316,0.9999219660012136,0.3333322222259259,pixel_6,pixel_20,False,keep,sin_cooldown,digits
torch_G1_digits,19,0.9722222222222222,0.9721868775855089,0.9723933575955634,0.9722222222222222,5,0.9466193318367004,0.5757142876136295,0.5665318787892143,0.9968472223232265,0.4477356539127877,0.14814814814814814,0.9993028803773982,0.9937679339586251,0.5621390855996494,0.5665318787892143,0.9999265106878279,0.3333322222259259,pixel_6,pixel_20,False,keep,sin_cooldown,digits
gb_G1_covertype,0,0.712,0.7064547839115479,0.711136125602566,0.712,1,0.5268024833968711,0.7844879880982621,0.7184688879075617,0.9999997651316865,0.7682861399384454,0.5897435897435898,0.7184688879075617,0.9999997937154744,0.5365732798758909,0.8189137654142109,0.9999997365478986,0.999999000001,f0,f0,True,keep,sin_cooldown,covertype
gb_G1_covertype,1,0.712,0.7064547839115479,0.711136125602566,0.712,1,0.5268024833968711,0.755249166166594,0.6210063750181616,0.9999994928722935,0.7682861399384454,0.5897435897435898,0.6210063750181616,0.9999992491966885,0.5365732798758909,0.8134297634304759,0.9999997365478986,0.999999000001,f0,f0,True,soft_adjust,sin_cooldown,covertype
gb_G1_covertype,2,0.712,0.706313573818062,0.71493166639953,0.712,1,0.5275345647095222,0.754690985320488,0.658041047284936,0.9998542434431628,0.7682861399384454,0.5121951219512195,0.658041047284936,0.9999878752800127,0.5365732798758909,0.8262854680810036,0.9997206116063129,0.999999000001,f0,f0,True,soft_adjust,sin_cooldown,covertype
gb_G1_covertype,3,0.699,0.6904175765937834,0.6951880441539203,0.699,1,0.8589511359714346,0.48863412226425257,0.0,0.7944496753034995,0.7813223447945924,0.2916666666666667,0.0,0.6,0.7293120506997172,0.8036168212182243,0.9888993506069992,0.8333326388894676,f5,f0,False,keep,sin_cooldown,covertype
gb_G1_covertype,4,0.699,0.6904175765937834,0.6951880441539203,0.699,1,0.8589511359714346,0.5141190710882502,0.0,0.7963896539325703,0.8646555253503585,0.2916666666666667,0.0,0.6,0.7293120506997172,0.797939724699352,0.9927793078651406,0.999999000001,f5,f0,False,soft_adjust,sin_cooldown,covertype
gb_G1_covertype,5,0.711,0.7055839392671007,0.7157317452356788,0.711,1,0.5217808573525428,0.7168263828738617,0.6016898191650689,0.9920042597881163,0.6860612405910396,0.55,0.6016898191650689,0.9857804732254895,0.5387898422926115,0.8040938854929184,0.9982280463507432,0.8333326388894676,f0,f0,True,soft_adjust,sin_cooldown,covertype
gb_G1_covertype,6,0.711,0.7055839392671007,0.7157317452356788,0.711,1,0.522079407943835,0.7259587370408073,0.6490785729128636,0.9941188053182428,0.6862539851490153,0.5121951219512195,0.6490785729128636,0.9896109191717313,0.5391753314085629,0.8214149620772999,0.9986266914647545,0.8333326388894676,f0,f0,True,soft_adjust,sin_cooldown,covertype
gb_G1_covertype,7,0.707,0.7007396572422236,0.7094185564357387,0.707,1,0.5557584966477934,0.7361006803115661,0.5851981668330218,0.9962063837225286,0.7225093074192144,0.631578947368421,0.5851981668330218,0.9954778796602897,0.4450196148374289,0.8075881224653685,0.9969348877847676,0.999999000001,f0,f0,True,soft_adjust,sin_cooldown,covertype
gb_G1_covertype,8,0.709,0.7037410955548417,0.7095050064537727,0.709,1,0.5155339807055502,0.7485578071553373,0.6497768151589737,0.9952029586009727,0.7212082816528784,0.5897435897435898,0.6497768151589737,0.9935463133473966,0.44241756330475684,0.8332974947304603,0.9968596038545487,0.999999000001,f0,f0,True,soft_adjust,sin_cooldown,covertype
gb_G1_covertype,9,0.71,0.7038780925274006,0.7092426075650613,0.71,1,0.5274056142936526,0.7234823398377658,0.6398508887890394,0.9953508568454639,0.6265083896147496,0.631578947368421,0.6398508887890394,0.9929443223027478,0.41968414034003176,0.812404710475182,0.9977573913881799,0.8333326388894676,f0,f0,True,soft_adjust,sin_cooldown,covertype
gb_G1_covertype,10,0.713,0.7066865085749803,0.7113289324162679,0.713,1,0.5290745230033309,0.7120773183167032,0.604426144620261,0.9964163316836765,0.6230284996814754,0.631578947368421,0.604426144620261,0.9952452305130511,0.4127243604734834,0.7990637888277703,0.997587432854302,0.8333326388894676,f0,f0,True,soft_adjust,sin_cooldown,covertype
gb_G1_covertype,11,0.712,0.7056421306073276,0.7112852564102564,0.712,1,0.5469231433989461,0.7953513347142475,0.6171170077716319,0.9582261532417535,0.7667823135743983,0.9375,0.6171170077716319,0.9894423769613686,0.5335656271477965,0.7556497037312804,0.9270099295221383,0.999999000001,f0,f0,True,soft_adjust,sin_cooldown,covertype
gb_G1_covertype,12,0.711,0.7048679562663667,0.7148926588391823,0.711,1,0.5399806168730967,0.7192910628561086,0.5757189104788908,0.9639071840447376,0.6575508678930789,0.7222222222222222,0.5757189104788908,0.9894070262017807,0.4817690968966902,0.7684215342478729,0.9384073418876946,0.8333326388894676,f0,f0,True,soft_adjust,sin_cooldown,covertype
gb_G1_covertype,13,0.703,0.6961219948444517,0.7067611064844171,0.703,1,0.5627627921652576,0.7723876111527721,0.6112464250510694,0.9707396272985782,0.6856792560426891,0.9375,0.6112464250510694,0.9909277715572636,0.5380258731959106,0.7671453816928964,0.9505514830398928,0.8333326388894676,f0,f0,True,soft_adjust,sin_cooldown,covertype
gb_G1_covertype,14,0.71,0.7030237498577352,0.7137162797638972,0.71,1,0.5467845400323804,0.7315592201561854,0.5845042023896877,0.9714687753168889,0.6833581075890787,0.7222222222222222,0.5845042023896877,0.9911209435923349,0.5333835762886898,0.7698377712765943,0.951816607041443,0.8333326388894676,f0,f0,True,soft_adjust,sin_cooldown,covertype
gb_G1_covertype,15,0.722,0.7158230796881938,0.7228000061402895,0.722,1,0.528209885019113,0.7551226167474955,0.6359853441381479,0.9948453446297514,0.7959546968531015,0.5121951219512195,0.6359853441381479,0.9970425394078002,0.591910393705203,0.8311634585544061,0.9926481498517026,0.999999000001,f0,f0,True,soft_adjust,sin_cooldown,covertype
gb_G1_covertype,16,0.71,0.7031842636120207,0.7090143840579709,0.71,1,0.5507328876480749,0.7701353820370616,0.5781623166024253,0.9967522623615321,0.7972176271087255,0.7222222222222222,0.5781623166024253,0.9981914809936236,0.594436254216451,0.8212497344427215,0.9953130437294406,0.999999000001,f0,f0,True,soft_adjust,sin_cooldown,covertype
gb_G1_covertype,17,0.714,0.7072565422920996,0.7113709770808233,0.714,1,0.5542172011559665,0.7343090767960252,0.5351744483360759,0.9964536215354909,0.7663549826868887,0.631578947368421,0.5351744483360759,0.9982907508059432,0.5327109653727774,0.8127409435491969,0.9946164922650386,0.999999000001,f0,f0,True,soft_adjust,sin_cooldown,covertype
gb_G1_covertype,18,0.706,0.6987591118138332,0.7029706518013026,0.706,1,0.5236029640420755,0.6961009278373519,0.5860361130392485,0.9946374726454713,0.6673405144521272,0.47619047619047616,0.5860361130392485,0.9955244771956383,0.33468202890325427,0.8063090276056861,0.9937504680953043,0.999999000001,f0,f0,True,soft_adjust,sin_cooldown,covertype
gb_G1_covertype,19,0.706,0.6987591118138332,0.7029706518013026,0.706,1,0.524261962122304,0.7123783804099295,0.5621445904990172,0.9951840272772924,0.6673405144521272,0.631578947368421,0.5621445904990172,0.9960005179363823,0.33468202890325427,0.8268402101365456,0.9943675366182024,0.999999000001,f0,f0,True,soft_adjust,sin_cooldown,covertype
rf_G1_covertype,0,0.626,0.5802102609783654,0.5902902778168124,0.626,1,0.521994671704392,0.5650738558025044,0.07225785213280748,0.9996098340106738,0.8485720928896339,0.06896551724137931,0.07225785213280748,0.999265530517124,0.6971541856792687,0.40865238705403195,0.9999541375042238,0.999990000099999,f5,f42,False,adjust,sin_cooldown,covertype
rf_G1_covertype,1,0.606,0.5434268494345219,0.5321129906479775,0.606,1,0.64925388448016,0.3655659031310333,0.0,0.9817210605735943,0.38378545995878255,0.03333333333333333,0.0,0.9923608142152128,0.7675709199175651,0.5452544227895157,0.9710813069319758,0.0,f2,f25,False,adjust,sin_cooldown,covertype
rf_G1_covertype,2,0.648,0.6002363750698688,0.586582960880688,0.648,1,0.54925449785602,0.4377583533409889,0.0,0.6506728807041036,0.7872257312395319,0.06896551724137931,0.0,0.6,0.5744614623790648,0.4061529499415966,0.7013457614082073,0.999990000099999,f3,f10,False,adjust,sin_cooldown,covertype
rf_G1_covertype,3,0.652,0.615704727984556,0.5996736393115191,0.652,1,0.6421504701050906,0.3383457174576355,0.0,0.8901771352609325,0.37780805749653235,0.01639344262295082,0.0,0.9524111169364597,0.7556161149930647,0.4404724378414817,0.8279431535854052,0.0,f9,f25,False,adjust,sin_cooldown,covertype
rf_G1_covertype,4,0.655,0.6210239055508904,0.5978118975014756,0.655,1,0.5720565628502668,0.43427594414840454,0.0,0.6,0.7481299587555513,0.34782608695652173,0.4233118089698317,0.6,0.4962649174861028,0.0,0.6,0.9999950000249999,f0,f9,False,adjust,sin_cooldown,covertype
rf_G1_covertype,5,0.615,0.5648969263383526,0.5768934567382246,0.615,1,0.5534238366717927,0.2869069563732266,0.0,0.6828240244949153,0.37913977952018374,0.01639344262295082,0.0,0.7656480489898307,0.7582795590403675,0.0,0.6,0.0,f9,f0,False,adjust,sin_cooldown,covertype
rf_G1_covertype,6,0.665,0.6300861126549059,0.6097957150911483,0.665,1,0.5586040045850695,0.6666118407832324,0.4234940983838438,0.7738836531564819,0.8158044887586915,0.6756756756756757,0.4234940983838438,0.8485548858099087,0.6316114775111329,0.662995587549669,0.699212420503055,0.99999750000625,f9,f9,True,adjust,sin_cooldown,covertype
rf_G1_covertype,7,0.559,0.46669663657195115,0.5752143370434655,0.559,1,0.522933725726591,0.25437953137587316,0.0,0.6338527743132001,0.2852383673712208,0.06896551724137931,0.0,0.6536929162889408,0.5704767347424416,0.01945338267894253,0.6140126323374595,0.0,f9,f10,False,adjust,sin_cooldown,covertype
rf_G1_covertype,8,0.64,0.5999915361888383,0.5909057170542636,0.64,1,0.48138690942928425,0.6584198379450426,0.6842215340664233,0.6339370129501414,0.7441351768633628,0.47619047619047616,0.6842215340664233,0.6456655288228266,0.4882803536267266,0.7989002558653026,0.6222084970774563,0.999990000099999,f0,f0,True,adjust,sin_cooldown,covertype
rf_G1_covertype,9,0.644,0.6015017123206982,0.5894703065435046,0.644,1,0.531591364359935,0.470500789646016,0.40870848156026446,0.8761413397875631,0.30950970077015305,0.24,0.4977181073093048,0.9557907513158961,0.6190194015403061,0.40870848156026446,0.7964919282592302,0.0,f0,f10,False,adjust,sin_cooldown,covertype
rf_G1_covertype,10,0.657,0.6225595823824291,0.600327226766998,0.657,1,0.5648522594285948,0.44369412435143885,0.0,0.6409097195435091,0.8151476022415272,0.06896551724137931,0.0,0.6818194390870181,0.6302968711469433,0.0,0.6,0.9999983333361111,f9,f0,False,adjust,sin_cooldown,covertype
rf_G1_covertype,11,0.666,0.6337910518014874,0.6078811868701077,0.666,1,0.5742657596453643,0.40966272547704585,0.0,0.6,0.7447090849234862,0.03333333333333333,0.037157619204065795,0.6,0.4894231698219725,0.0,0.6,0.9999950000249999,f6,f0,False,adjust,sin_cooldown,covertype
rf_G1_covertype,12,0.676,0.644596252630626,0.6183621182210668,0.676,1,0.5555890793002141,0.6094616829024795,0.3431662188817769,0.8492627831210642,0.831116701155231,0.14814814814814814,0.3431662188817769,0.8752463756220671,0.662238402285462,0.4982663722103329,0.8232791906200614,0.9999950000249999,f5,f9,False,adjust,sin_cooldown,covertype
rf_G1_covertype,13,0.654,0.620076487891062,0.5964535806570691,0.654,1,0.5540439012437315,0.5033250393955055,0.0,0.6961731584989628,0.8415082715936064,0.5121951219512195,0.0,0.6660889339307242,0.6830190431809628,0.1441038271803349,0.7262573830672012,0.99999750000625,f9,f9,True,adjust,sin_cooldown,covertype
rf_G1_covertype,14,0.659,0.6250453312826421,0.6039070800734087,0.659,1,0.5206372106012253,0.6252883938092311,0.5304439073802509,0.7810530403164332,0.7304732050534919,0.24,0.6311696545539692,0.7615778666543893,0.4609514100819838,0.5304439073802509,0.8005282139784771,0.9999950000249999,f0,f9,False,adjust,sin_cooldown,covertype
rf_G1_covertype,15,0.608,0.5507781565382363,0.5813560649338285,0.608,1,0.5113587674457083,0.5765647156268063,0.6528545830403492,0.8170568845060076,0.3672168327358599,0.4418604651162791,0.6528545830403492,0.8709225067246003,0.7344336654717198,0.7645190379384159,0.7631912622874147,0.0,f0,f0,True,adjust,sin_cooldown,covertype
rf_G1_covertype,16,0.646,0.6108580028780218,0.5917082630260265,0.646,1,0.5644367121543536,0.23214865494027764,0.06518432123109145,0.6,0.19197786190316737,0.03333333333333333,0.11442781643003223,0.6,0.38395572380633475,0.06518432123109145,0.6,0.0,f5,f6,False,adjust,sin_cooldown,covertype
rf_G1_covertype,17,0.647,0.6069774043801441,0.5885437199800387,0.647,1,0.5840309297571407,0.4756104052786834,0.0,0.7616471743394303,0.746116584433965,0.4090909090909091,0.161296056153006,0.8110603696595113,0.49223483553181885,0.0,0.7122339790193493,0.9999983333361111,f9,f9,True,adjust,sin_cooldown,covertype
rf_G1_covertype,18,0.646,0.6103576364985825,0.5920074639958542,0.646,1,0.5559911668150446,0.4067723241549306,0.0,0.6,0.706370710146065,0.14814814814814814,0.0,0.6,0.4127424202911301,0.0,0.6,0.999999000001,f9,f0,False,adjust,sin_cooldown,covertype
rf_G1_covertype,19,0.603,0.5512031368922264,0.5681110746630537,0.603,1,0.5295294324467809,0.47261422419794297,0.575383665856737,0.7396896182105275,0.14549382819906198,0.47619047619047616,0.575383665856737,0.7706550960395382,0.29098765639812396,0.7190039900490249,0.7087241403815167,0.0,f0,f0,True,adjust,sin_cooldown,covertype
torch_G1_covertype,0,0.716,0.7099789066588809,0.7257966861235684,0.716,1,0.3886035680770874,0.7748411072623299,0.8860043057802964,0.9999999129280956,0.6745772354318351,0.37777777777777777,0.9924271674738828,0.9999999936622165,0.6348692667816732,0.8860043057802964,0.9999998321939749,0.7142852040819971,f0,f0,True,soft_adjust,sin_cooldown,covertype
torch_G1_covertype,1,0.729,0.7235809727873207,0.7330093126615823,0.729,1,0.6155784726142883,0.7777880101352194,0.8477879782863912,0.9911919679905725,0.7638925853168503,0.16981132075471697,0.994026945419238,0.9872007795256126,0.6186950879883213,0.8477879782863912,0.9951831564555325,0.9090900826453794,f24,f0,False,keep,sin_cooldown,covertype
torch_G1_covertype,2,0.729,0.7235809727873207,0.7330093126615823,0.729,1,0.6155784726142883,0.7942827401833376,0.8459478881811676,0.9956922893749829,0.7830287823952499,0.37777777777777777,0.9946693097394337,0.9936276459741579,0.6569674821451204,0.8459478881811676,0.997756932775808,0.9090900826453794,f0,f0,True,keep,sin_cooldown,covertype
torch_G1_covertype,3,0.729,0.7235809727873207,0.7330093126615823,0.729,1,0.6155784726142883,0.7893144963165423,0.855691328750779,0.9949736956738612,0.7912594157207982,0.16981132075471697,0.9982567014485959,0.9912387482351479,0.673428748796217,0.855691328750779,0.9987086431125745,0.9090900826453794,f24,f0,False,soft_adjust,sin_cooldown,covertype
torch_G1_covertype,4,0.734,0.7282020524740593,0.7384988404551439,0.734,1,0.6526451706886292,0.7840896804005648,0.8479937454607022,0.9913399813363262,0.7789449483506525,0.19230769230769232,0.998697184583401,0.9857855740018464,0.6487998140559257,0.8479937454607022,0.9968943886708058,0.9090900826453794,f24,f0,False,keep,sin_cooldown,covertype
torch_G1_covertype,5,0.734,0.7282020524740593,0.7384988404551439,0.734,1,0.6526451706886292,0.7859974419404018,0.837413184258845,0.9946181253199479,0.7931529280322815,0.19230769230769232,0.9926680464962492,0.9914453452523925,0.6772157734191838,0.837413184258845,0.9977909053875033,0.9090900826453794,f24,f0,False,keep,sin_cooldown,covertype
torch_G1_covertype,6,0.734,0.7282020524740593,0.7384988404551439,0.734,1,0.6526451706886292,0.7770207632283073,0.8187763250119302,0.9932154492373132,0.7886605145293206,0.16981132075471697,0.9929691109379987,0.9908416329412625,0.6682309464132618,0.8187763250119302,0.9955892655333639,0.9090900826453794,f24,f0,False,keep,sin_cooldown,covertype
torch_G1_covertype,7,0.734,0.7282020524740593,0.7384988404551439,0.734,1,0.6526451706886292,0.7886811532220221,0.8384446331559178,0.9937115984595251,0.8074467153458728,0.16981132075471697,0.9930529906532177,0.9908460984954086,0.7058033480463661,0.8384446331559178,0.9965770984236416,0.9090900826453794,f24,f0,False,keep,sin_cooldown,covertype
torch_G1_covertype,8,0.734,0.7282020524740593,0.7384988404551439,0.734,1,0.6526451706886292,0.779112203509862,0.8174918645540056,0.9918005218106147,0.7980955487813427,0.16981132075471697,0.9911093603078404,0.9863339541091071,0.687101014917306,0.8174918645540056,0.9972670895121225,0.9090900826453794,f24,f0,False,keep,sin_cooldown,covertype
torch_G1_covertype,9,0.734,0.7282020524740593,0.7384988404551439,0.734,1,0.6526451706886292,0.7758250291631854,0.834673616716944,0.9880623277309294,0.7730717105292202,0.16981132075471697,0.9937218089386385,0.9783567977084455,0.6370533384130609,0.834673616716944,0.9977678577534133,0.9090900826453794,f24,f0,False,keep,sin_cooldown,covertype
torch_G1_covertype,10,0.734,0.7282020524740593,0.7384988404551439,0.734,1,0.6526451706886292,0.7978319276163501,0.8428468882772983,0.9945266791701153,0.8328678076134266,0.16981132075471697,0.9936541922965137,0.990910650122057,0.6657366152258533,0.8428468882772983,0.9981427082181736,0.999999000001,f24,f0,False,keep,sin_cooldown,covertype
torch_G1_covertype,11,0.734,0.7282020524740593,0.7384988404551439,0.734,1,0.6526451706886292,0.7731798025437088,0.806756665860144,0.9970949415261016,0.7846440611584546,0.16981132075471697,0.9951908080674421,0.9957593380277753,0.66019803967153,0.806756665860144,0.9984305450244279,0.9090900826453794,f24,f0,False,keep,sin_cooldown,covertype
torch_G1_covertype,12,0.734,0.7282020524740593,0.7384988404551439,0.734,1,0.6526451706886292,0.767501911492555,0.7923225107606953,0.9948820687654144,0.7819959733879636,0.16981132075471697,0.9913913085095514,0.9911077984092688,0.6549018641305476,0.7923225107606953,0.99865633912156,0.9090900826453794,f24,f0,False,keep,sin_cooldown,covertype
torch_G1_covertype,13,0.734,0.7282020524740593,0.7384988404551439,0.734,1,0.6526451706886292,0.7659401601882679,0.7997837577001229,0.9962910365447484,0.7681547489514673,0.16981132075471697,0.9940092047563818,0.993745362040238,0.6272194152575553,0.7997837577001229,0.9988367110492588,0.9090900826453794,f24,f0,False,keep,sin_cooldown,covertype
torch_G1_covertype,14,0.734,0.7282020524740593,0.7384988404551439,0.734,1,0.6526451706886292,0.782369833528732,0.791948728408845,0.9906556765476234,0.8354514893752297,0.16981132075471697,0.9903273822227684,0.9823282838152383,0.6709039787494595,0.791948728408845,0.9989830692800086,0.999999000001,f24,f0,False,keep,sin_cooldown,covertype
torch_G1_covertype,15,0.734,0.7282020524740593,0.7384988404551439,0.734,1,0.6526451706886292,0.7685456092856621,0.8115375729662864,0.9971955407420725,0.7643320105121809,0.16981132075471697,0.9901976020403954,0.9952876269649485,0.6195739383789826,0.8115375729662864,0.9991034545191966,0.9090900826453794,f24,f0,False,keep,sin_cooldown,covertype
torch_G1_covertype,16,0.734,0.7282020524740593,0.7384988404551439,0.734,1,0.6526451706886292,0.7786446239262341,0.8211886270269774,0.9945639798139736,0.7905373060268126,0.16981132075471697,0.995124662760009,0.9899242941465678,0.6719845294082458,0.8211886270269774,0.9992036654813794,0.9090900826453794,f24,f0,False,keep,sin_cooldown,covertype
torch_G1_covertype,17,0.734,0.7282020524740593,0.7384988404551439,0.734,1,0.6526451706886292,0.7767289264001508,0.8280718775549851,0.9917646288253107,0.7796011895690793,0.16981132075471697,0.9916808744462378,0.9842412886244647,0.6501122964927794,0.8280718775549851,0.9992879690261567,0.9090900826453794,f24,f0,False,keep,sin_cooldown,covertype
torch_G1_covertype,18,0.734,0.7282020524740593,0.7384988404551439,0.734,1,0.6526451706886292,0.7853940318859187,0.8424760565908229,0.9944995889086653,0.7918015620830058,0.16981132075471697,0.993472260906978,0.9896396166569575,0.6745130415206322,0.8424760565908229,0.9993595611603731,0.9090900826453794,f24,f0,False,keep,sin_cooldown,covertype
torch_G1_covertype,19,0.734,0.7282020524740593,0.7384988404551439,0.734,1,0.6526451706886292,0.7745861756730581,0.8233185917922307,0.9949154884153921,0.7745862565831239,0.16981132075471697,0.9927498877330607,0.9904101028468988,0.6400824305208682,0.8233185917922307,0.9994208739838855,0.9090900826453794,f24,f0,False,keep,sin_cooldown,covertype
gb_G1_wine,0,0.9722222222222222,0.9717752234993614,0.974074074074074,0.9722222222222222,1,0.7619924453972869,0.8454160104609312,0.9368256768523977,0.9999999132946693,0.826964197713676,0.4418604651162791,0.9488482113289374,0.9999999518899462,0.6539298239967398,0.9368256768523977,0.9999998746993923,0.9999985714306122,flavanoids,color_intensity,False,keep,voto_simple,wine
gb_G1_wine,1,0.9722222222222222,0.9717752234993614,0.974074074074074,0.9722222222222222,1,0.7619924453972869,0.84248279353625,0.8610788692060991,0.9999993052874646,0.8929341222837075,0.4418604651162791,0.8610788692060991,0.9999987358755369,0.7858696731368027,0.9173069501679549,0.9999998746993923,0.9999985714306122,flavanoids,color_intensity,False,keep,voto_simple,wine
gb_G1_wine,2,0.9722222222222222,0.9717752234993614,0.974074074074074,0.9722222222222222,1,0.7619924453972869,0.7395651874399825,0.5839897350443739,0.9999997513805025,0.826964197713676,0.4418604651162791,0.5839897350443739,0.9999996280616126,0.6539298239967398,0.9116890316105403,0.9999998746993923,0.9999985714306122,flavanoids,color_intensity,False,soft_adjust,voto_simple,wine
gb_G1_wine,3,0.9722222222222222,0.9717752234993614,0.974074074074074,0.9722222222222222,1,0.7615127040251143,0.7928482842092748,0.7616018145855915,0.9999976430082105,0.826964197713676,0.4418604651162791,0.7616018145855915,0.9999977354865366,0.6539298239967398,0.8904805928951732,0.9999975505298845,0.9999985714306122,flavanoids,color_intensity,False,soft_adjust,voto_simple,wine
gb_G1_wine,4,0.9722222222222222,0.9717752234993614,0.974074074074074,0.9722222222222222,1,0.7599180950102615,0.836557521276732,0.9072990943571977,0.9999978555521125,0.826964197713676,0.4418604651162791,0.9072990943571977,0.9999966450146702,0.6539298239967398,0.9180821229629919,0.9999990660895548,0.9999985714306122,flavanoids,color_intensity,False,keep,voto_simple,wine
gb_G1_wine,5,0.9722222222222222,0.9717752234993614,0.974074074074074,0.9722222222222222,1,0.7599180950102615,0.8364317210907453,0.8409092790307365,0.9999985237158808,0.8929341222837075,0.4418604651162791,0.8409092790307365,0.9999977344826274,0.7858696731368027,0.9026831576147465,0.9999993129491344,0.9999985714306122,flavanoids,color_intensity,False,keep,voto_simple,wine
gb_G1_wine,6,0.9722222222222222,0.9717752234993614,0.974074074074074,0.9722222222222222,1,0.7599180950102615,0.8277852317320382,0.9073203716526993,0.999254762837438,0.826964197713676,0.3191489361702128,0.9073203716526993,0.998575142065018,0.6539298239967398,0.9278161634891271,0.999934383609858,0.9999985714306122,flavanoids,color_intensity,False,keep,voto_simple,wine
gb_G1_wine,7,0.9722222222222222,0.9717752234993614,0.974074074074074,0.9722222222222222,1,0.7599180950102615,0.8225931603418462,0.8898682721951373,0.9994289966257444,0.826964197713676,0.3191489361702128,0.8898682721951373,0.9989082929748949,0.6539298239967398,0.8983959495434488,0.9999497002765938,0.9999985714306122,flavanoids,color_intensity,False,keep,voto_simple,wine
gb_G1_wine,8,0.9722222222222222,0.9717752234993614,0.974074074074074,0.9722222222222222,1,0.7599180950102615,0.8195615813684523,0.8796452847259482,0.999570265695196,0.826964197713676,0.3191489361702128,0.8796452847259482,0.9991803208245961,0.6539298239967398,0.8832062331506311,0.999960210565796,0.9999985714306122,flavanoids,color_intensity,False,keep,voto_simple,wine
gb_G1_wine,9,0.9722222222222222,0.9717752234993614,0.974074074074074,0.9722222222222222,1,0.7599180950102615,0.8054579532714911,0.8325719102657025,0.9996438026596459,0.826964197713676,0.3191489361702128,0.8325719102657025,0.9993198716299073,0.6539298239967398,0.897198167019516,0.9999677336893845,0.9999985714306122,flavanoids,color_intensity,False,keep,voto_simple,wine
gb_G1_wine,10,0.9722222222222222,0.9717752234993614,0.974074074074074,0.9722222222222222,1,0.7599180950102615,0.8196886327445208,0.8799617391555347,0.9996987258839658,0.826964197713676,0.3191489361702128,0.8799617391555347,0.9994241487354529,0.6539298239967398,0.9147622248360233,0.9999733030324788,0.9999985714306122,flavanoids,color_intensity,False,keep,voto_simple,wine
gb_G1_wine,11,0.9722222222222222,0.9717752234993614,0.974074074074074,0.9722222222222222,1,0.7599180950102615,0.7888759514242532,0.7772108302007641,0.9997490913486204,0.826964197713676,0.3191489361702128,0.7772108302007641,0.9995206417945197,0.6539298239967398,0.8677124815815168,0.9999775409027211,0.9999985714306122,flavanoids,color_intensity,False,keep,voto_simple,wine
gb_G1_wine,12,0.9722222222222222,0.9717752234993614,0.974074074074074,0.9722222222222222,1,0.7599180950102615,0.8134069863764881,0.8589578357589256,0.9997768244877667,0.826964197713676,0.3191489361702128,0.8589578357589256,0.9995728087574227,0.6539298239967398,0.8866838834205192,0.9999808402181106,0.9999985714306122,flavanoids,color_intensity,False,keep,voto_simple,wine
gb_G1_wine,13,0.9722222222222222,0.9717752234993614,0.974074074074074,0.9722222222222222,1,0.7599180950102615,0.7982325049403489,0.808328101444448,0.9998345799205828,0.826964197713676,0.3191489361702128,0.808328101444448,0.9996857008710153,0.6539298239967398,0.8985836080040386,0.9999834589701502,0.9999985714306122,flavanoids,color_intensity,False,keep,voto_simple,wine
gb_G1_wine,14,0.9722222222222222,0.9717752234993614,0.974074074074074,0.9722222222222222,1,0.7599180950102615,0.7170789288479607,0.5378174861499353,0.9998330139044449,0.826964197713676,0.3191489361702128,0.5378174861499353,0.9996804555761711,0.6539298239967398,0.884455159280454,0.9999855722327186,0.9999985714306122,flavanoids,color_intensity,False,keep,voto_simple,wine
gb_G1_wine,15,0.9722222222222222,0.9717752234993614,0.974074074074074,0.9722222222222222,1,0.7599180950102615,0.7772658795978393,0.7384079727794477,0.9998722329485448,0.826964197713676,0.3191489361702128,0.7384079727794477,0.9997571636962691,0.6539298239967398,0.8802918691116124,0.9999873022008205,0.9999985714306122,flavanoids,color_intensity,False,soft_adjust,voto_simple,wine
gb_G1_wine,16,0.9722222222222222,0.9717752234993614,0.974074074074074,0.9722222222222222,1,0.9928688311057132,0.8297755868630095,0.7880875381051686,0.9856052917094971,0.9710766750136155,0.2916666666666667,0.7880875381051686,0.9863407323113587,0.9421547785966189,0.8515069152784573,0.9848698511076355,0.9999985714306122,flavanoids,color_intensity,False,keep,voto_simple,wine
gb_G1_wine,17,0.9722222222222222,0.9717752234993614,0.974074074074074,0.9722222222222222,1,0.9928688311057132,0.8617439864471013,0.8938457446724638,0.9866932214767578,0.9641026248780222,0.3191489361702128,0.8938457446724638,0.986897202724839,0.9282066783254322,0.9004589176788259,0.9864892402286765,0.9999985714306122,flavanoids,color_intensity,False,keep,voto_simple,wine
gb_G1_wine,18,0.9722222222222222,0.9717752234993614,0.974074074074074,0.9722222222222222,1,0.9928688311057132,0.8372706792151009,0.8096336692836076,0.9881807109828415,0.9654974349051408,0.3191489361702128,0.8096336692836076,0.9884980940585912,0.9309962983796696,0.8567400862595147,0.9878633279070919,0.9999985714306122,flavanoids,color_intensity,False,keep,voto_simple,wine
gb_G1_wine,19,0.9722222222222222,0.9717752234993614,0.974074074074074,0.9722222222222222,1,0.9928688311057132,0.8005341508095125,0.6860346982998007,0.9895533625410564,0.9654974349051408,0.3191489361702128,0.6860346982998007,0.9900677080959154,0.9309962983796696,0.8747502394297237,0.9890390169861976,0.9999985714306122,flavanoids,color_intensity,False,keep,voto_simple,wine
rf_G1_wine,0,0.9722222222222222,0.9721867461331064,0.974074074074074,0.9722222222222222,1,0.4373182576595811,0.7603454614401922,0.842474650913455,0.9999997081896828,0.5836771303957836,0.55,0.842474650913455,0.9999997938888218,0.5006887052341598,0.9423920011711325,0.9999996224905439,0.6666655555574075,flavanoids,flavanoids,True,soft_adjust,voto_simple,wine
rf_G1_wine,1,1.0,1.0,1.0,1.0,1,0.9851749590413977,0.6389459888453508,0.7819861583930692,0.9461728909602574,0.45151325803631714,0.21568627450980393,0.7819861583930692,0.9073516205716133,0.9030265160726343,0.9641946675289947,0.9849941613489015,0.0,flavanoids,color_intensity,False,soft_adjust,voto_simple,wine
rf_G1_wine,2,1.0,1.0,1.0,1.0,2,0.5313400283434657,0.4417174469704884,0.0,0.7890903861511132,0.519944373237239,0.5897435897435898,0.0,0.6,0.5398899964713529,0.9415355106404896,0.9781807723022262,0.499998750003125,flavanoids,flavanoids,True,soft_adjust,voto_simple,wine
rf_G1_wine,3,1.0,1.0,1.0,1.0,2,0.9846579831490235,0.49383688438609596,0.3598162154331112,0.7993189947755661,0.43131868131868134,0.37777777777777777,0.3598162154331112,0.64627652821024,0.8626373626373627,0.9161310808805834,0.9523614613408922,0.0,od280/od315_of_diluted_wines,color_intensity,False,soft_adjust,voto_simple,wine
rf_G1_wine,4,0.9722222222222222,0.9721867461331064,0.974074074074074,0.9722222222222222,1,0.4942019335135729,0.6811160069682238,0.8881717087434344,0.7874885831606734,0.6181313579285154,0.21568627450980393,0.8881717087434344,0.6161837485757427,0.521978021978022,0.9695791755437757,0.9587934177456041,0.7142846938790087,flavanoids,color_intensity,False,soft_adjust,voto_simple,wine
rf_G1_wine,5,0.9722222222222222,0.9717752234993614,0.974074074074074,0.9722222222222222,1,0.9912757759621265,0.8523829175797095,0.8430090041299813,0.9728892309145258,0.9665961294821396,0.4418604651162791,0.8430090041299813,0.9582456733777845,0.9331955922865014,0.9465106969560595,0.9875327884512671,0.9999966666777778,flavanoids,color_intensity,False,soft_adjust,voto_simple,wine
rf_G1_wine,6,1.0,1.0,1.0,1.0,1,0.5265528576815341,0.7789437970192022,0.8918331273905802,0.8737492633732744,0.7719763553169108,0.4090909090909091,0.8918331273905802,0.7781030595037728,0.5439560439560439,0.9648612278758171,0.969395467242776,0.9999966666777778,flavanoids,color_intensity,False,soft_adjust,voto_simple,wine
rf_G1_wine,7,0.9722222222222222,0.9721867461331064,0.974074074074074,0.9722222222222222,1,0.9949993039494606,0.8089822911079272,0.7496286671980676,0.9609901999595711,0.9466972814562497,0.34782608695652173,0.7496286671980676,0.9544628097971626,0.8933978962347215,0.9818491019661131,0.9675175901219796,0.9999966666777778,flavanoids,color_intensity,False,soft_adjust,voto_simple,wine
rf_G1_wine,8,0.9722222222222222,0.9721867461331064,0.974074074074074,0.9722222222222222,1,0.5413911875161875,0.8284957220001752,0.8827383537789539,0.9307428195032457,0.8282950366355921,0.55,0.8827383537789539,0.896406620015662,0.6565934065934066,0.9187106351789617,0.9650790189908293,0.9999966666777778,flavanoids,flavanoids,True,soft_adjust,voto_simple,wine
rf_G1_wine,9,0.9722222222222222,0.9721867461331064,0.974074074074074,0.9722222222222222,1,0.9924533063846216,0.7670884557746154,0.6306783179733774,0.9410019077313534,0.9696149448325463,0.24,0.6306783179733774,0.9172210014352636,0.9392332229873148,0.9695655671703812,0.964782814027443,0.9999966666777778,flavanoids,color_intensity,False,soft_adjust,voto_simple,wine
rf_G1_wine,10,0.9722222222222222,0.9721867461331064,0.974074074074074,0.9722222222222222,1,0.5916615779337917,0.7918629458157777,0.8743033551439828,0.9157346607170186,0.8167109136444273,0.2916666666666667,0.8743033551439828,0.8556816990576027,0.6334251606110769,0.9508085645168163,0.9757876223764345,0.9999966666777778,flavanoids,color_intensity,False,soft_adjust,voto_simple,wine
rf_G1_wine,11,0.9722222222222222,0.9721867461331064,0.974074074074074,0.9722222222222222,1,0.988104171463203,0.773916036853931,0.6538236788477771,0.8482701540731548,0.9629070879620875,0.5121951219512195,0.6538236788477771,0.7829080352167878,0.9258241758241759,0.9564673596425555,0.9136322729295216,0.999990000099999,color_intensity,color_intensity,True,soft_adjust,voto_simple,wine
rf_G1_wine,12,1.0,1.0,1.0,1.0,1,0.519514216155117,0.7628217293515542,0.844441612436694,0.8775463945663464,0.7815921565965316,0.2916666666666667,0.844441612436694,0.7904027429965987,0.5631868131868132,0.9294142927268474,0.9646900461360941,0.99999750000625,flavanoids,color_intensity,False,soft_adjust,voto_simple,wine
rf_G1_wine,13,0.9166666666666666,0.9165602383993188,0.9182336182336184,0.9166666666666666,1,0.9942698358906685,0.8538353416613527,0.7502422172180399,0.9179831089074995,0.9697785531191087,0.7222222222222222,0.7502422172180399,0.8864194653916556,0.9395604395604396,0.9568190706376319,0.9495467524233434,0.9999966666777778,color_intensity,color_intensity,True,soft_adjust,voto_simple,wine
rf_G1_wine,14,1.0,1.0,1.0,1.0,2,0.5169076135674338,0.5045241521592074,0.0,0.7953901262919061,0.840095538008525,0.2653061224489796,0.0,0.6,0.6801927426809389,0.9653072138386615,0.9907802525838121,0.9999983333361111,flavanoids,color_intensity,False,soft_adjust,voto_simple,wine
rf_G1_wine,15,0.9444444444444444,0.9439974457215836,0.9462962962962962,0.9444444444444444,1,0.9895157229952243,0.7401427952357038,0.5603892711662546,0.8514966471930117,0.9590776021966771,0.47619047619047616,0.5603892711662546,0.7628158479762144,0.9181572043893544,0.9462986242492759,0.940177446409809,0.999998000004,color_intensity,color_intensity,True,keep,voto_simple,wine
rf_G1_wine,16,0.9444444444444444,0.9439974457215836,0.9462962962962962,0.9444444444444444,1,0.9895157229952243,0.7519088820674553,0.5742944569822417,0.8818747715408334,0.9590776021966771,0.47619047619047616,0.5742944569822417,0.8160484978152556,0.9181572043893544,0.9271605274092577,0.9477010452664112,0.999998000004,color_intensity,color_intensity,True,soft_adjust,voto_simple,wine
rf_G1_wine,17,1.0,1.0,1.0,1.0,1,0.569694827483729,0.7909658256868176,0.9118783420713314,0.8149375492761596,0.7506879909494659,0.5897435897435898,0.9118783420713314,0.7449698074700143,0.5013774104683195,0.9239592242706797,0.8849052910823049,0.9999985714306122,flavanoids,flavanoids,True,soft_adjust,voto_simple,wine
rf_G1_wine,18,1.0,1.0,1.0,1.0,1,0.9929210664055687,0.7473922702008539,0.5947050457687811,0.9154980798116437,0.7958496172198577,0.6756756756756757,0.5947050457687811,0.8579350338233974,0.9250347899878635,0.9475714755147413,0.9730611257998898,0.6666644444518518,color_intensity,color_intensity,True,soft_adjust,voto_simple,wine
rf_G1_wine,19,0.9444444444444444,0.9414340448823206,0.9481481481481482,0.9444444444444444,2,0.4718710839598998,0.4568289432978462,0.0,0.7733535705938501,0.7233490053092664,0.16981132075471697,0.0,0.6,0.6966989481173608,0.9148486643768903,0.9467071411877004,0.7499990625011719,flavanoids,color_intensity,False,soft_adjust,voto_simple,wine
torch_G1_wine,0,0.9722222222222222,0.9725248123940935,0.9753086419753088,0.9722222222222222,2,0.6363508105278015,0.6505739323363496,0.42465215821598523,0.9999996871038752,0.738094543651951,0.24,0.42465215821598523,0.9999998563369797,0.6428571428571428,0.7493557043654253,0.9999995178707707,0.8333319444467593,malic_acid,hue,False,soft_adjust,voto_simple,wine
torch_G1_wine,1,0.9722222222222222,0.9725248123940935,0.9753086419753088,0.9722222222222222,2,0.5986042022705078,0.6700493355207352,0.4836251037101726,0.9969971397777757,0.7695046945070945,0.14814814814814814,0.4836251037101726,0.9954176267405477,0.739010989010989,0.800899737468011,0.9985766528150039,0.7999984000031999,malic_acid,hue,False,soft_adjust,voto_simple,wine
torch_G1_wine,2,0.9722222222222222,0.9725248123940935,0.9753086419753088,0.9722222222222222,2,0.5953311920166016,0.7012425560700083,0.8019550511397693,0.9974700377560252,0.6406587406605406,0.12727272727272726,0.8319814958217359,0.9958289065958253,0.6813186813186813,0.8019550511397693,0.999111168916225,0.5999988000023999,malic_acid,hue,False,keep,voto_simple,wine
torch_G1_wine,3,0.9722222222222222,0.9725248123940935,0.9753086419753088,0.9722222222222222,2,0.5953311920166016,0.7518972017504092,0.6612767469583459,0.9974702990565432,0.8695038278443834,0.12727272727272726,0.6612767469583459,0.9954209106851365,0.739010989010989,0.828475852515556,0.9995196874279498,0.9999966666777778,malic_acid,hue,False,keep,voto_simple,wine
torch_G1_wine,4,0.9722222222222222,0.9725248123940935,0.9753086419753088,0.9722222222222222,2,0.5953311920166016,0.6527852566588324,0.5066955569821544,0.995305285451734,0.7005485130517943,0.10714285714285714,0.5066955569821544,0.990910817059225,0.6510989010989011,0.7993818512210906,0.999699753844243,0.7499981250046874,malic_acid,hue,False,soft_adjust,voto_simple,wine
torch_G1_wine,5,0.9722222222222222,0.9725248123940935,0.9753086419753088,0.9722222222222222,2,0.5532676577568054,0.6530405774332572,0.5665103979566394,0.9950428065429244,0.6602558547017807,0.03333333333333333,0.5665103979566394,0.9934278413572594,0.6538461538461539,0.8170624855455139,0.9966577717285896,0.6666655555574075,malic_acid,color_intensity,False,soft_adjust,voto_simple,wine
torch_G1_wine,6,0.9722222222222222,0.9725248123940935,0.9753086419753088,0.9722222222222222,2,0.5040726661682129,0.6387550684789967,0.4595453225967666,0.9818111491306454,0.7170324568296143,0.08771929824561403,0.4595453225967666,0.9713194379074618,0.7197802197802198,0.7932443895532882,0.992302860353829,0.7142846938790087,malic_acid,color_intensity,False,soft_adjust,voto_simple,wine
torch_G1_wine,7,1.0,1.0,1.0,1.0,1,0.477225124835968,0.5300163479899249,0.4963931928423282,0.7947236753225266,0.5544868091172206,0.10714285714285714,0.4963931928423282,0.6,0.4423076923076923,0.8425394260311516,0.9894473506450532,0.666665925926749,malic_acid,color_intensity,False,soft_adjust,voto_simple,wine
torch_G1_wine,8,1.0,1.0,1.0,1.0,1,0.518855631351471,0.5136561560875835,0.5882078579871342,0.7940912710132085,0.4368128743135774,0.05084745762711865,0.5882078579871342,0.6,0.37362637362637363,0.8502019863175364,0.9881825420264171,0.49999937500078123,malic_acid,color_intensity,False,soft_adjust,voto_simple,wine
torch_G1_wine,9,1.0,1.0,1.0,1.0,1,0.5543269515037537,0.5446837574531851,0.6344750873745777,0.794037745689867,0.4755796669383432,0.08771929824561403,0.6344750873745777,0.6,0.3956043956043956,0.8472779691127205,0.9880754913797339,0.5555549382722909,malic_acid,color_intensity,False,soft_adjust,voto_simple,wine
torch_G1_wine,10,1.0,1.0,1.0,1.0,1,0.5520651936531067,0.5588621390012881,0.5913506506308328,0.7955530747770033,0.5236565900152663,0.16981132075471697,0.5913506506308328,0.6,0.49175824175824173,0.8269762949813138,0.9911061495540067,0.5555549382722909,malic_acid,color_intensity,False,soft_adjust,voto_simple,wine
torch_G1_wine,11,1.0,1.0,1.0,1.0,1,0.5800515413284302,0.5886941637346347,0.6741965731245865,0.7956858469376654,0.5401401064987827,0.16981132075471697,0.6741965731245865,0.6,0.5247252747252747,0.8790850932483981,0.9913716938753309,0.5555549382722909,malic_acid,color_intensity,False,soft_adjust,voto_simple,wine
torch_G1_wine,12,1.0,1.0,1.0,1.0,1,0.614341139793396,0.568241068416882,0.6218068219131865,0.7952392652482443,0.5247250247255247,0.16981132075471697,0.6218068219131865,0.6,0.5494505494505495,0.8604337384475196,0.9904785304964887,0.4999995000005,malic_acid,color_intensity,False,soft_adjust,voto_simple,wine
torch_G1_wine,13,1.0,1.0,1.0,1.0,1,0.638798713684082,0.5874845208437571,0.6254830376345932,0.8648477284862348,0.5776094994853784,0.06896551724137931,0.6254830376345932,0.7393100070498628,0.5302197802197802,0.8526644936295464,0.9903854499226068,0.6249992187509766,magnesium,color_intensity,False,soft_adjust,voto_simple,wine
torch_G1_wine,14,1.0,1.0,1.0,1.0,1,0.6591734290122986,0.6838057573348931,0.8745418008892121,0.9284714284042341,0.587224884100763,0.08771929824561403,0.897436586107534,0.8666392716085162,0.5494505494505495,0.8745418008892121,0.9903035851999522,0.6249992187509766,proline,color_intensity,False,soft_adjust,voto_simple,wine
torch_G1_wine,15,1.0,1.0,1.0,1.0,1,0.6776305437088013,0.603073894044093,0.6826655447958359,0.9371689401769969,0.5027470027475027,0.08771929824561403,0.6826655447958359,0.8839943564682143,0.5054945054945055,0.8760494768803042,0.9903435238857795,0.4999995000005,proline,color_intensity,False,soft_adjust,voto_simple,wine
torch_G1_wine,16,1.0,1.0,1.0,1.0,1,0.7051326632499695,0.5969731669245159,0.6223227957400312,0.9513111942202109,0.5309687830353721,0.08771929824561403,0.6223227957400312,0.9128493844093019,0.5164835164835165,0.8746067482986223,0.98977300403112,0.5454540495872277,magnesium,color_intensity,False,soft_adjust,voto_simple,wine
torch_G1_wine,17,1.0,1.0,1.0,1.0,1,0.7327969670295715,0.5992643208893378,0.5472230559712676,0.9700216029778717,0.5570676841342732,0.16981132075471697,0.5472230559712676,0.9511442238641913,0.5686813186813187,0.8294276741904707,0.9888989820915521,0.5454540495872277,magnesium,color_intensity,False,soft_adjust,voto_simple,wine
torch_G1_wine,18,1.0,1.0,1.0,1.0,1,0.7375003695487976,0.6226080526178158,0.6442562263881279,0.9799682451325067,0.5706040956046956,0.08771929824561403,0.6442562263881279,0.97044308100086,0.5412087912087912,0.8818244644542667,0.9894934092641535,0.5999994000006,magnesium,color_intensity,False,soft_adjust,voto_simple,wine
torch_G1_wine,19,1.0,1.0,1.0,1.0,1,0.7479532361030579,0.7427732276551432,0.793968064745191,0.9702032566378058,0.7390101556790446,0.08771929824561403,0.793968064745191,0.9507552036019108,0.47802197802197804,0.8621066267924706,0.9896513096737007,0.9999983333361111,magnesium,color_intensity,False,soft_adjust,voto_simple,wine
gb_G1_digits,0,0.9138888888888889,0.914217639130665,0.9171501029045408,0.9138888888888889,9,0.49776154191636396,0.408524814575306,0.0,0.999999447885024,0.5117498420134998,0.03333333333333333,0.0,0.9999998292346449,0.5235001840264998,0.9620676941170265,0.9999990665354032,0.4999995000005,pixel_21,pixel_19,False,soft_adjust,voto_simple,digits
gb_G1_digits,1,0.9138888888888889,0.9151862031518151,0.920126631867211,0.9138888888888889,9,0.3864403050437521,0.4191126006986966,0.0,0.9939907968999239,0.5520496715790522,0.03333333333333333,0.0,0.9968518386400235,0.4374334172313552,0.9606302759376971,0.9911297551598243,0.666665925926749,pixel_21,pixel_19,False,soft_adjust,voto_simple,digits
gb_G1_digits,2,0.9222222222222223,0.9228322383837372,0.9275262708968709,0.9222222222222223,9,0.37863563401140826,0.42473484588016436,0.0,0.9853058464501294,0.5864978929139645,0.01639344262295082,0.0,0.9741942442303828,0.50632985990118,0.9635762424386476,0.9964174486698759,0.666665925926749,pixel_21,pixel_19,False,soft_adjust,voto_simple,digits
gb_G1_digits,3,0.9083333333333333,0.90937644191624,0.9148592256103221,0.9083333333333333,9,0.32150271717473555,0.41444569154787025,0.0,0.9778404091171476,0.549951964228611,0.03333333333333333,0.0,0.9764859488693365,0.49990452845662203,0.9651359434922984,0.9791948693649588,0.5999994000006,pixel_42,pixel_19,False,soft_adjust,voto_simple,digits
gb_G1_digits,4,0.9222222222222223,0.9228838111612844,0.9274263014958859,0.9222222222222223,9,0.4180213751856205,0.49003445936212175,0.0,0.9922156135970961,0.6857685198761592,0.03333333333333333,0.0,0.9881579152008325,0.538205095305559,0.9590986466331219,0.9962733119933598,0.8333319444467593,pixel_29,pixel_19,False,soft_adjust,voto_simple,digits
gb_G1_digits,5,0.9138888888888889,0.9148968184162083,0.9193692354142434,0.9138888888888889,9,0.3927924162677459,0.4310373468245949,0.0,0.9870397192190864,0.5975913900660776,0.03333333333333333,0.0,0.9924691263234702,0.5285168542054062,0.962211711369174,0.9816103121147026,0.666665925926749,pixel_29,pixel_19,False,soft_adjust,voto_simple,digits
gb_G1_digits,6,0.9222222222222223,0.922740707166948,0.9266142480761287,0.9222222222222223,9,0.4031248430757245,0.41206567428500324,0.0,0.9659384194112803,0.5604068434624683,0.01639344262295082,0.0,0.9355764347410168,0.5208142869243366,0.9549623358883281,0.996300404081544,0.5999994000006,pixel_29,pixel_19,False,soft_adjust,voto_simple,digits
gb_G1_digits,7,0.9138888888888889,0.9150391183616833,0.9200602361362376,0.9138888888888889,9,0.4333628701664064,0.40035334485611623,0.0,0.9764888191342875,0.5125737455970056,0.01639344262295082,0.0,0.9627861507854261,0.5251479911935113,0.9474664978483267,0.990191487483149,0.4999995000005,pixel_29,pixel_19,False,force_adjust,voto_simple,digits
gb_G1_digits,8,0.9138888888888889,0.9151945944605125,0.919750640020014,0.9138888888888889,9,0.3338338190286527,0.42832584202378843,0.02209290632919035,0.9701496727831411,0.5805351730974868,0.03333333333333333,0.02209290632919035,0.9454153646933987,0.5360711274439971,0.9605206052512313,0.9948839808728837,0.6249992187509766,pixel_29,pixel_19,False,force_adjust,voto_simple,digits
gb_G1_digits,9,0.9194444444444444,0.9204339950085086,0.9233913555546992,0.9194444444444444,9,0.37471606990615697,0.416284430729,0.0,0.9871949237059219,0.5482856660083986,0.03333333333333333,0.0,0.9827860934378907,0.5410163937445063,0.9617434417902072,0.9916037539739532,0.5555549382722909,pixel_29,pixel_19,False,force_adjust,voto_simple,digits
gb_G1_digits,10,0.9194444444444444,0.9199912514973942,0.9223284969291411,0.9194444444444444,9,0.38746268587873933,0.4779111928084974,0.0,0.9802349692432036,0.6553415016589884,0.03333333333333333,0.0,0.9725370537798085,0.5329060897367698,0.9576380203416572,0.9879328847065988,0.777776913581207,pixel_29,pixel_19,False,force_adjust,voto_simple,digits
gb_G1_digits,11,0.9166666666666666,0.9179686912060971,0.9217620474924827,0.9166666666666666,9,0.29316471823325885,0.3919027826100713,0.0,0.9359136138543018,0.49193183853429645,0.06896551724137931,0.0,0.8814607831990933,0.48386417706809287,0.9529114262877099,0.9903664445095103,0.4999995000005,pixel_29,pixel_19,False,force_adjust,voto_simple,digits
gb_G1_digits,12,0.9166666666666666,0.9179619386179185,0.921916368480137,0.9166666666666666,9,0.36342521102828007,0.4044887542767881,0.0,0.9812569684892734,0.5139150405148993,0.03333333333333333,0.0,0.9713596865676062,0.5278305810292987,0.9630898128273906,0.9911542504109406,0.4999995000005,pixel_29,pixel_19,False,force_adjust,voto_simple,digits
gb_G1_digits,13,0.9166666666666666,0.9179619386179185,0.921916368480137,0.9166666666666666,9,0.36053451838000894,0.4271644382655837,0.0,0.9762823773343693,0.5758300544859483,0.06896551724137931,0.0,0.9594752182174103,0.5516607089712964,0.9610513499801188,0.9930895364513282,0.5999994000006,pixel_29,pixel_19,False,force_adjust,voto_simple,digits
gb_G1_digits,14,0.9166666666666666,0.9181787584568932,0.9225988768071345,0.9166666666666666,9,0.3561771417089294,0.41636343260486486,0.0,0.9806677752354185,0.5539882959867009,0.03333333333333333,0.0,0.9685560462127126,0.5079771919728016,0.9648610906324123,0.9927795042581244,0.5999994000006,pixel_29,pixel_19,False,force_adjust,voto_simple,digits
gb_G1_digits,15,0.9111111111111111,0.912047240897709,0.9146175675780323,0.9111111111111111,9,0.3692604444089326,0.5042423723070002,0.0,0.9753038954745128,0.7514563008055023,0.01639344262295082,0.0,0.970473249236375,0.5029142682748935,0.9438259403144648,0.9801345417126507,0.9999983333361111,pixel_29,pixel_19,False,soft_adjust,voto_simple,digits
gb_G1_digits,16,0.9138888888888889,0.9151461786599921,0.9186535091520893,0.9138888888888889,9,0.33330324603044237,0.4450892597150388,0.012594385779968324,0.9815908056690347,0.6185613832586092,0.06896551724137931,0.012594385779968324,0.9734857433052465,0.4871237040160466,0.9583203137647512,0.9896958680328228,0.7499990625011719,pixel_29,pixel_19,False,force_adjust,voto_simple,digits
gb_G1_digits,17,0.9166666666666666,0.91814486111345,0.9225196232500582,0.9166666666666666,9,0.349957588961572,0.41184469856012074,0.0,0.9879956689864937,0.532819271044991,0.03333333333333333,0.0,0.9844883632446316,0.5201844925027546,0.9601952289689438,0.9915029747283558,0.5454540495872277,pixel_29,pixel_19,False,force_adjust,voto_simple,digits
gb_G1_digits,18,0.9138888888888889,0.915102563271549,0.9192191504189503,0.9138888888888889,9,0.34736003355105805,0.4473947053266768,0.0,0.9927776121653307,0.6473343409511471,0.03333333333333333,0.0,0.989948573328945,0.5446696194011222,0.9592066601954846,0.9956066510017164,0.7499990625011719,pixel_29,pixel_19,False,force_adjust,voto_simple,digits
gb_G1_digits,19,0.9055555555555556,0.9062771699867201,0.9105513604054565,0.9055555555555556,9,0.3354106893827681,0.40916534850540554,0.0,0.9892372692243839,0.522853437331032,0.03333333333333333,0.0,0.9896653882126117,0.5002528250748363,0.950984737024579,0.9888091502361561,0.5454540495872277,pixel_29,pixel_19,False,force_adjust,voto_simple,digits
rf_G1_digits,0,0.8333333333333334,0.8306782158619822,0.8365065272197388,0.8333333333333334,0,0.19142260092145594,0.4411135254608061,0.0,0.9999931294098228,0.6116270815476088,0.05084745762711865,0.0,0.9999989224408996,0.49598209697891404,0.5287237914312651,0.999987336378746,0.7272720661163036,pixel_42,pixel_38,False,keep,voto_simple,digits
rf_G1_digits,1,0.8333333333333334,0.8306782158619822,0.8365065272197388,0.8333333333333334,0,0.19142260092145594,0.447217630344419,0.0,0.9999850506567134,0.6319808301205763,0.05084745762711865,0.0,0.9999827649346806,0.5366895941248488,0.49827812200291377,0.999987336378746,0.7272720661163036,pixel_42,pixel_38,False,keep,voto_simple,digits
rf_G1_digits,2,0.8333333333333334,0.8306782158619822,0.8365065272197388,0.8333333333333334,0,0.19142260092145594,0.44140702767324425,0.0,0.9999640988250219,0.6126296144097366,0.05084745762711865,0.0,0.9999408612712978,0.4979871627031697,0.5201803200463309,0.999987336378746,0.7272720661163036,pixel_42,pixel_38,False,keep,voto_simple,digits
rf_G1_digits,3,0.8333333333333334,0.8306782158619822,0.8365065272197388,0.8333333333333334,0,0.19142260092145594,0.4524317539780805,0.0,0.9999137999237433,0.6494206178435897,0.05084745762711865,0.0,0.9998402634687404,0.49884203568637947,0.47914181645434395,0.999987336378746,0.7999992000008,pixel_42,pixel_38,False,keep,voto_simple,digits
rf_G1_digits,4,0.8333333333333334,0.8306782158619822,0.8365065272197388,0.8333333333333334,0,0.19142260092145594,0.4320404527090432,0.0,0.9999804784218027,0.5813940481984158,0.05084745762711865,0.0,0.9999736204648594,0.49612198528525747,0.5188973031078694,0.999987336378746,0.666666111111574,pixel_42,pixel_38,False,keep,voto_simple,digits
rf_G1_digits,5,0.8333333333333334,0.8306782158619822,0.8365065272197388,0.8333333333333334,0,0.19142260092145594,0.5010962489377442,0.0,0.9999873006810862,0.7117862148181292,0.05084745762711865,0.0,0.9999872649834264,0.5346845284005932,0.5013138346538162,0.999987336378746,0.8888879012356652,pixel_42,pixel_38,False,keep,voto_simple,digits
rf_G1_digits,6,0.8333333333333334,0.8306782158619822,0.8365065272197388,0.8333333333333334,0,0.19142260092145594,0.43712944702975987,0.0,0.9898642968699428,0.5977284840868909,0.06896551724137931,0.0,0.9798307986222294,0.5287908570622079,0.5157132663665069,0.9998977951176562,0.666666111111574,pixel_42,pixel_38,False,keep,voto_simple,digits
rf_G1_digits,7,0.8333333333333334,0.8306782158619822,0.8365065272197388,0.8333333333333334,0,0.19142260092145594,0.43623214273586614,0.0,0.9922654114733427,0.583359650435628,0.08771929824561403,0.0,0.9846120059799056,0.500053189759682,0.5191695390642765,0.9999188169667796,0.666666111111574,pixel_42,pixel_38,False,keep,voto_simple,digits
rf_G1_digits,8,0.8333333333333334,0.8306782158619822,0.8365065272197388,0.8333333333333334,0,0.19142260092145594,0.4896303846114707,0.0,0.9937581537735776,0.6646837729412067,0.10714285714285714,0.0,0.9875830852446154,0.5293683458816134,0.5152203715634265,0.9999332223025398,0.7999992000008,pixel_42,pixel_38,False,keep,voto_simple,digits
rf_G1_digits,9,0.8333333333333334,0.8306782158619822,0.8365065272197388,0.8333333333333334,0,0.19142260092145594,0.45312434653272954,0.0,0.9946286274051988,0.627985870366671,0.10714285714285714,0.0,0.98931373250295,0.5286996746170385,0.512822943892645,0.9999435223074475,0.7272720661163036,pixel_42,pixel_38,False,keep,voto_simple,digits
rf_G1_digits,10,0.8333333333333334,0.8306782158619822,0.8365065272197388,0.8333333333333334,0,0.19142260092145594,0.4534334829431101,0.0,0.9956098622002467,0.6281986294053994,0.10714285714285714,0.0,0.9912685836694415,0.5291251926944952,0.5127016889302196,0.999951140731052,0.7272720661163036,pixel_42,pixel_38,False,keep,voto_simple,digits
rf_G1_digits,11,0.8333333333333334,0.8306782158619822,0.8365065272197388,0.8333333333333334,0,0.19142260092145594,0.44161911477008853,0.0,0.9961147870028702,0.598108410941763,0.08771929824561403,0.0,0.9922726403474091,0.529550710771952,0.5171257897696611,0.9999569336583313,0.666666111111574,pixel_42,pixel_38,False,keep,voto_simple,digits
rf_G1_digits,12,0.8333333333333334,0.8306782158619822,0.8365065272197388,0.8333333333333334,0,0.19142260092145594,0.44029796127350224,0.0,0.9969657327307103,0.5832836650646537,0.10714285714285714,0.0,0.9939700245220896,0.49990121901773327,0.5257264140575619,0.999961440939331,0.666666111111574,pixel_42,pixel_38,False,keep,voto_simple,digits
rf_G1_digits,13,0.8333333333333334,0.8306782158619822,0.8365065272197388,0.8333333333333334,0,0.19142260092145594,0.4446861687903319,0.0,0.9970206515700397,0.5978652577546448,0.10714285714285714,0.0,0.9940762864663646,0.5290644043977157,0.5207305127026597,0.9999650166737148,0.666666111111574,pixel_42,pixel_38,False,keep,voto_simple,digits
rf_G1_digits,14,0.8333333333333334,0.8306782158619822,0.8365065272197388,0.8333333333333334,0,0.19142260092145594,0.4406781003943491,0.0,0.997820657364362,0.5838383582727669,0.10714285714285714,0.0,0.9956734137854328,0.5010106054339598,0.5209275737400612,0.9999679009432912,0.666666111111574,pixel_42,pixel_38,False,keep,voto_simple,digits
rf_G1_digits,15,0.8333333333333334,0.8306782158619822,0.8365065272197388,0.8333333333333334,0,0.19142260092145594,0.4994136701167107,0.0,0.998186648601707,0.6936043122685652,0.10714285714285714,0.0,0.9964030360137442,0.4983207233014653,0.5019165132401828,0.9999702611896698,0.8888879012356652,pixel_42,pixel_38,False,keep,voto_simple,digits
rf_G1_digits,16,0.8333333333333334,0.8306782158619822,0.8365065272197388,0.8333333333333334,0,0.19142260092145594,0.4348860051728838,0.0,0.9981696028020214,0.5833292562872383,0.06896551724137931,0.0,0.9963669885273546,0.4999924014629026,0.4899680769043625,0.9999722170766882,0.666666111111574,pixel_42,pixel_38,False,keep,voto_simple,digits
rf_G1_digits,17,0.8333333333333334,0.8306782158619822,0.8365065272197388,0.8333333333333334,0,0.19142260092145594,0.44074841627079336,0.0,0.998338995227579,0.5836407963082334,0.10714285714285714,0.0,0.9967041344921702,0.5006154815048928,0.5122294875620967,0.9999738559629876,0.666666111111574,pixel_42,pixel_38,False,keep,voto_simple,digits
rf_G1_digits,18,0.8333333333333334,0.8306782158619822,0.8365065272197388,0.8333333333333334,0,0.19142260092145594,0.4440549012807656,0.0,0.9984998507197449,0.6136170367154081,0.06896551724137931,0.0,0.9970244586101596,0.4999620073145128,0.5029201789709258,0.9999752428293301,0.7272720661163036,pixel_42,pixel_38,False,keep,voto_simple,digits
rf_G1_digits,19,0.8333333333333334,0.8306782158619822,0.8365065272197388,0.8333333333333334,0,0.19142260092145594,0.4392404821776843,0.0,0.9983084374616404,0.5977284840868909,0.06896551724137931,0.0,0.9966404481023841,0.5287908570622079,0.5151329902551952,0.9999764268208967,0.666666111111574,pixel_42,pixel_38,False,keep,voto_simple,digits
torch_G1_digits,0,0.9694444444444444,0.9693839044750435,0.96956410100272,0.9694444444444444,5,0.9633750915527344,0.62286939715012,0.5890410563150036,0.999987739811439,0.5577133048553513,0.19230769230769232,0.9974096431412841,0.9999999990786048,0.6154291096982027,0.5890410563150036,0.9999754805442731,0.4999975000124999,pixel_6,pixel_43,False,soft_adjust,voto_simple,digits
torch_G1_digits,1,0.9722222222222222,0.9722021418542321,0.9723192810889388,0.9722222222222222,5,0.9582023024559021,0.5800080954067066,0.5427334233610216,0.9987038457807795,0.4734680294666591,0.16981132075471697,0.9979694423291564,0.9975830616892877,0.6136038367073923,0.5427334233610216,0.9998246298722714,0.3333322222259259,pixel_6,pixel_43,False,soft_adjust,voto_simple,digits
torch_G1_digits,2,0.9694444444444444,0.9693781090792626,0.9695415033111611,0.9694444444444444,5,0.9607823491096497,0.5941996435968261,0.581325251520498,0.9983467108168845,0.471230788634339,0.19230769230769232,0.9983317108014002,0.9971145887609234,0.6091293550427521,0.581325251520498,0.9995788328728457,0.3333322222259259,pixel_6,pixel_43,False,soft_adjust,voto_simple,digits
torch_G1_digits,3,0.9694444444444444,0.9693781090792626,0.9695415033111611,0.9694444444444444,5,0.9588920474052429,0.5780332943253367,0.5314367241639246,0.998098376263342,0.467438430547233,0.19230769230769232,0.9989530334218251,0.9965374514988684,0.6015446388685401,0.5314367241639246,0.9996593010278155,0.3333322222259259,pixel_6,pixel_43,False,soft_adjust,voto_simple,digits
torch_G1_digits,4,0.9694444444444444,0.9693839044750435,0.96956410100272,0.9694444444444444,5,0.959587037563324,0.5905039513927998,0.5827091063260741,0.9987852913582258,0.4571624760308908,0.19230769230769232,0.9985600057061746,0.998056277843827,0.5809927298358557,0.5827091063260741,0.9995143048726247,0.3333322222259259,pixel_6,pixel_43,False,soft_adjust,voto_simple,digits
torch_G1_digits,5,0.9694444444444444,0.9693839044750435,0.96956410100272,0.9694444444444444,5,0.9520045518875122,0.5688487555565945,0.5389347152730779,0.9984076920983664,0.45114731909285777,0.14814814814814814,0.9986491575240917,0.9977844740878069,0.5689624159597896,0.5389347152730779,0.9990309101089261,0.3333322222259259,pixel_6,pixel_43,False,soft_adjust,voto_simple,digits
torch_G1_digits,6,0.9722222222222222,0.9721484493384042,0.9723202015849075,0.9722222222222222,5,0.9741681814193726,0.6169774527721598,0.5872459187190787,0.9981298246632397,0.5414168904815744,0.19230769230769232,0.999033375463725,0.9967829870361614,0.582836280950649,0.5872459187190787,0.9994766622903181,0.4999975000124999,pixel_6,pixel_43,False,soft_adjust,voto_simple,digits
torch_G1_digits,7,0.9694444444444444,0.9693839044750435,0.96956410100272,0.9694444444444444,5,0.9614514112472534,0.6028924789457063,0.629628341681043,0.996040122700623,0.45382597306694616,0.19230769230769232,0.9988153040069802,0.9929999758028059,0.5743197239079664,0.629628341681043,0.9990802695984401,0.3333322222259259,pixel_6,pixel_43,False,force_adjust,voto_simple,digits
torch_G1_digits,8,0.9722222222222222,0.9722021418542321,0.9723192810889388,0.9722222222222222,5,0.9945361614227295,0.5817954812478819,0.5647935123462774,0.9940708188201632,0.44997856330934694,0.19230769230769232,0.999307445095525,0.9927767587707593,0.5666249043927679,0.5647935123462774,0.9953648788695673,0.3333322222259259,pixel_6,pixel_20,False,force_adjust,voto_simple,digits
torch_G1_digits,9,0.975,0.9749514777439778,0.9752690730703131,0.975,5,0.9988248944282532,0.5632923606044223,0.5037087034982457,0.9865686750849441,0.4556380897918626,0.19230769230769232,0.9992192726662762,0.9914344341122442,0.5779439573577994,0.5037087034982457,0.9817029160576438,0.3333322222259259,pixel_6,pixel_20,False,force_adjust,voto_simple,digits
torch_G1_digits,10,0.9694444444444444,0.9693781090792626,0.9695415033111611,0.9694444444444444,5,0.994574785232544,0.6105656309199973,0.563255697886978,0.9928977678545097,0.5483944191470754,0.19230769230769232,0.9993057679448902,0.9934905193365435,0.596791338281651,0.563255697886978,0.9923050163724759,0.4999975000124999,pixel_6,pixel_20,False,force_adjust,voto_simple,digits
torch_G1_digits,11,0.9694444444444444,0.9693781090792626,0.9695415033111611,0.9694444444444444,5,0.9965268969535828,0.5762051156070072,0.5821670915560484,0.994139486563462,0.45649562642632846,0.10714285714285714,0.9995185109635149,0.9924991761230495,0.5796590306267311,0.5821670915560484,0.9957797970038744,0.3333322222259259,pixel_6,pixel_20,False,force_adjust,voto_simple,digits
torch_G1_digits,12,0.9666666666666667,0.9666144685846316,0.9680346094206765,0.9666666666666667,5,0.9992282390594482,0.5619499774699982,0.5044578779304904,0.9849451159728021,0.4517672708383227,0.19230769230769232,0.9993869849928227,0.9924463654436111,0.5702023194507195,0.5044578779304904,0.9774438665019931,0.3333322222259259,pixel_6,pixel_20,False,force_adjust,voto_simple,digits
torch_G1_digits,13,0.9722222222222222,0.9721426539426232,0.9722976038933484,0.9722222222222222,5,0.9987527132034302,0.5831835230990137,0.535347117067567,0.9887980116832351,0.5310281882883541,0.10714285714285714,0.9994288567406877,0.9916761607207094,0.5620588765642083,0.535347117067567,0.9859198626457607,0.4999975000124999,pixel_6,pixel_20,False,force_adjust,voto_simple,digits
torch_G1_digits,14,0.9722222222222222,0.9721426539426232,0.9722976038933484,0.9722222222222222,5,0.997840404510498,0.5772611846089282,0.49181910973159787,0.9830019332325852,0.5283109008936496,0.16981132075471697,0.9994073654365863,0.9917831121809482,0.5566243017747994,0.49181910973159787,0.9742207542842223,0.4999975000124999,pixel_6,pixel_20,False,force_adjust,voto_simple,digits
torch_G1_digits,15,0.975,0.97490974558713,0.9751873737239078,0.975,5,0.9977317452430725,0.6206209034949374,0.6092027195893363,0.9887088760303318,0.5394557158813325,0.19230769230769232,0.9994674150434806,0.9925641816286682,0.5789139317501651,0.6092027195893363,0.9848535704319954,0.4999975000124999,pixel_6,pixel_20,False,force_adjust,voto_simple,digits
torch_G1_digits,16,0.975,0.9749479496070272,0.9750591016548463,0.975,5,0.998890221118927,0.6905830502135115,0.567500785367298,0.9893550191897641,0.7847683349461572,0.05084745762711865,0.9994689679946567,0.987902180860584,0.5695466697923154,0.567500785367298,0.9908078575189442,0.999990000099999,pixel_6,pixel_20,False,soft_adjust,voto_simple,digits
torch_G1_digits,17,0.9722222222222222,0.9721426539426232,0.9722976038933484,0.9722222222222222,5,0.9993129968643188,0.6943087498880153,0.5555765919427353,0.9909416105864222,0.7780484020066176,0.16981132075471697,0.9995929793620855,0.9893508651786461,0.5561068039132363,0.5555765919427353,0.9925323559941982,0.999990000099999,pixel_6,pixel_20,False,soft_adjust,voto_simple,digits
torch_G1_digits,18,0.9722222222222222,0.9721426539426232,0.9722976038933484,0.9722222222222222,5,0.9992081522941589,0.6876564770860897,0.5604523454765286,0.9907541520074798,0.7808955870640906,0.05084745762711865,0.9996188554452187,0.9886129489388725,0.5618011740281821,0.5604523454765286,0.9928953550760872,0.999990000099999,pixel_6,pixel_20,False,soft_adjust,voto_simple,digits
torch_G1_digits,19,0.9722222222222222,0.9721426539426232,0.9722976038933484,0.9722222222222222,5,0.9992094039916992,0.592311970485378,0.610931675569169,0.9927424936847471,0.45125048760077635,0.16981132075471697,0.9996124711282991,0.9957832835978847,0.5691687529756267,0.610931675569169,0.9897017037716094,0.3333322222259259,pixel_6,pixel_20,False,force_adjust,voto_simple,digits
gb_G1_covertype,0,0.712,0.7064547839115479,0.711136125602566,0.712,1,0.5268024833968711,0.5689473218187756,0.0,0.9999997655028141,0.7682861399384454,0.5897435897435898,0.0,0.9999997944577296,0.5365732798758909,0.8434938674743294,0.9999997365478986,0.999999000001,f0,f0,True,keep,voto_simple,covertype
gb_G1_covertype,1,0.712,0.7064547839115479,0.711136125602566,0.712,1,0.5268024833968711,0.7122348767757074,0.560958486221062,0.9999996185321862,0.6849529593826793,0.5897435897435898,0.560958486221062,0.9999995005164738,0.5365732798758909,0.8331911350705078,0.9999997365478986,0.8333326388894676,f0,f0,True,soft_adjust,voto_simple,covertype
gb_G1_covertype,2,0.712,0.706313573818062,0.71493166639953,0.712,1,0.528070129488823,0.7054816119540938,0.5773453219668623,0.9998514370261935,0.6849529593826793,0.5121951219512195,0.5773453219668623,0.9999700844174858,0.5365732798758909,0.8479628209915551,0.9997327896349011,0.8333326388894676,f0,f0,True,soft_adjust,voto_simple,covertype
gb_G1_covertype,3,0.711,0.7055839392671007,0.7157317452356788,0.711,1,0.5215749900755285,0.6930074891374753,0.5159582591650971,0.9996065568425377,0.6860612405910396,0.55,0.5159582591650971,0.9997784934936907,0.5387898422926115,0.8468751308207513,0.9994346201913847,0.8333326388894676,f0,f0,True,soft_adjust,voto_simple,covertype
gb_G1_covertype,4,0.711,0.7050216889007909,0.7141371165161415,0.711,1,0.5419686130441375,0.7399026933086646,0.5968749431106692,0.9989057117299565,0.7212564677923723,0.631578947368421,0.5968749431106692,0.9989167955369139,0.4425139355837447,0.8410788767394153,0.9988946279229991,0.999999000001,f0,f0,True,soft_adjust,voto_simple,covertype
gb_G1_covertype,5,0.71,0.7045796224646496,0.7142462236729712,0.71,1,0.5151407671185534,0.7102424549351041,0.4918858261805568,0.9989947538671845,0.7680933953804696,0.55,0.4918858261805568,0.9993279266100131,0.5361877907599394,0.8341463823993236,0.9986615811243559,0.999999000001,f0,f0,True,soft_adjust,voto_simple,covertype
gb_G1_covertype,6,0.713,0.7072932973594674,0.7111098712111201,0.713,1,0.5159079096736128,0.7086223788265961,0.5665713370496623,0.9986690373991296,0.6254412233685456,0.6756756756756757,0.5665713370496623,0.998034099671215,0.4175498078476236,0.8451998335428044,0.9993039751270442,0.8333326388894676,f0,f0,True,soft_adjust,voto_simple,covertype
gb_G1_covertype,7,0.712,0.7063024317109732,0.7120734831871345,0.712,1,0.5236923865699751,0.6882647114493471,0.5170014444212623,0.999030419298236,0.70659367289946,0.47619047619047616,0.5170014444212623,0.9989850369884339,0.4131883457979199,0.8307179635966571,0.9990758016080381,0.999999000001,f0,f0,True,soft_adjust,voto_simple,covertype
gb_G1_covertype,8,0.715,0.70972433426977,0.7156756199616122,0.715,1,0.5424008778371747,0.7504650639921969,0.5506010614151079,0.9603490974476886,0.6819082373524747,0.9375,0.5506010614151079,0.9880735786843063,0.5304838358154819,0.8184418638281662,0.9326246162110708,0.8333326388894676,f0,f0,True,keep,voto_simple,covertype
gb_G1_covertype,9,0.715,0.70972433426977,0.7156756199616122,0.715,1,0.5424008778371747,0.7324372281500419,0.4845090750728967,0.9675481376897219,0.6819082373524747,0.9375,0.4845090750728967,0.9901089805949832,0.5304838358154819,0.8045766248170053,0.9449872947844606,0.8333326388894676,f0,f0,True,soft_adjust,voto_simple,covertype
gb_G1_covertype,10,0.707,0.7016034426016107,0.7072207151671792,0.707,1,0.5382679935208315,0.738043577175873,0.5218400416111297,0.9717554694446642,0.6597589911045603,0.9375,0.5218400416111297,0.9939300004391315,0.486185343319653,0.7901463029675412,0.949580938450197,0.8333326388894676,f0,f0,True,soft_adjust,voto_simple,covertype
gb_G1_covertype,11,0.711,0.7048679562663667,0.7148926588391823,0.711,1,0.5401674352845603,0.7223108722441742,0.4920897252739558,0.9763416271760028,0.740884048448845,0.7222222222222222,0.4920897252739558,0.993124382571509,0.4817690968966902,0.7927199340110488,0.9595588717804966,0.999999000001,f0,f0,True,soft_adjust,voto_simple,covertype
gb_G1_covertype,12,0.71,0.703748065634812,0.7146502203567665,0.71,1,0.5209855480384639,0.7795533083808102,0.5461246117323321,0.9804330140318581,0.7666089045104866,0.9375,0.5461246117323321,0.9954678494259774,0.5332188090199732,0.8026908875712097,0.9653981786377388,0.999999000001,f0,f0,True,soft_adjust,voto_simple,covertype
gb_G1_covertype,13,0.717,0.7118094387608359,0.7180065376490655,0.717,1,0.5396497232471088,0.7119653358139523,0.5196394509245016,0.9937036235995087,0.7693944211468058,0.5121951219512195,0.5196394509245016,0.9982655876164268,0.5387898422926115,0.8383115127579394,0.9891416595825905,0.999999000001,f0,f0,True,soft_adjust,voto_simple,covertype
gb_G1_covertype,14,0.722,0.7158230796881938,0.7228000061402895,0.722,1,0.5284611977804623,0.7404194264340825,0.5875358667012329,0.9941719563003975,0.7959546968531015,0.5121951219512195,0.5875358667012329,0.9978529407206166,0.591910393705203,0.8488854419269696,0.9904909718801784,0.999999000001,f0,f0,True,soft_adjust,voto_simple,covertype
gb_G1_covertype,15,0.72,0.7127490121608365,0.7186935473040738,0.72,1,0.5054951341327426,0.756656287982274,0.6503898135868282,0.9950837621883939,0.7675613445304237,0.55,0.6503898135868282,0.9988335236834631,0.5351236890598474,0.8531917751866315,0.9913340006933246,0.999999000001,f0,f0,True,soft_adjust,voto_simple,covertype
gb_G1_covertype,16,0.71,0.7026048398520847,0.7077964722252538,0.71,1,0.5246383512420293,0.6812280145885862,0.504868567360424,0.9955408414406863,0.6414023185291632,0.5897435897435898,0.504868567360424,0.9986644927252456,0.4494719981688588,0.8414278208775221,0.992417190156127,0.8333326388894676,f0,f0,True,soft_adjust,voto_simple,covertype
gb_G1_covertype,17,0.706,0.6987591118138332,0.7029706518013026,0.706,1,0.5238658423452403,0.7038804448087317,0.5344769019272947,0.994393511158568,0.6673405144521272,0.631578947368421,0.5344769019272947,0.9969611308565293,0.33468202890325427,0.8330349935435695,0.9918258914606067,0.999999000001,f0,f0,True,soft_adjust,voto_simple,covertype
gb_G1_covertype,18,0.707,0.6996225127800426,0.7038194280414695,0.707,1,0.5234902576368277,0.6822447535910767,0.6010939376957471,0.9961381496360936,0.6048448781491924,0.47619047619047616,0.6010939376957471,0.9971144503725001,0.37635711740891714,0.8292493769690781,0.9951618488996871,0.8333326388894676,f0,f0,True,soft_adjust,voto_simple,covertype
gb_G1_covertype,19,0.707,0.6996225127800426,0.7038194280414695,0.707,1,0.5241212133065405,0.6924453207607846,0.553939481374318,0.9965040997577936,0.6856962666015647,0.47619047619047616,0.553939481374318,0.9973695416103021,0.37139353320212937,0.846346759557257,0.995638657905285,0.999999000001,f0,f0,True,soft_adjust,voto_simple,covertype
rf_G1_covertype,0,0.626,0.5802102609783654,0.5902902778168124,0.626,1,0.521994671704392,0.5810714270371591,0.12558308958165662,0.9996098340106738,0.8485720928896339,0.06896551724137931,0.12558308958165662,0.999265530517124,0.6971541856792687,0.39815249032973676,0.9999541375042238,0.999990000099999,f5,f42,False,adjust,voto_simple,covertype
rf_G1_covertype,1,0.599,0.5330388364965947,0.5328706606202036,0.599,1,0.6149582828230045,0.48177077192957385,0.35367787727265715,0.9842733696385919,0.34709122741640397,0.16981132075471697,0.35367787727265715,0.9960013071111337,0.6941824548328079,0.5146081582343555,0.97254543216605,0.0,f0,f25,False,adjust,voto_simple,covertype
rf_G1_covertype,2,0.648,0.6002363750698688,0.586582960880688,0.648,1,0.54925449785602,0.4369796190231603,0.0,0.6475579434327892,0.7872257312395319,0.06896551724137931,0.0,0.6,0.5744614623790648,0.39212059910411695,0.6951158868655783,0.999990000099999,f3,f10,False,adjust,voto_simple,covertype
rf_G1_covertype,3,0.66,0.6236380895481368,0.6030630102416165,0.66,1,0.5302834817635056,0.49782828067358564,0.3143340306310283,0.6357434551224681,0.6547304359352775,0.19230769230769232,0.47654441690487404,0.6714869102449362,0.3094658718455551,0.3143340306310283,0.6,0.9999950000249999,f0,f9,False,adjust,voto_simple,covertype
rf_G1_covertype,4,0.655,0.6210239055508904,0.5978118975014756,0.655,1,0.5720565628502668,0.4656431875858925,0.0,0.7254689737499519,0.7481299587555513,0.34782608695652173,0.5182607748777294,0.8509379474999038,0.4962649174861028,0.0,0.6,0.9999950000249999,f0,f9,False,adjust,voto_simple,covertype
rf_G1_covertype,5,0.615,0.5648969263383526,0.5768934567382246,0.615,1,0.5534238366717927,0.26620095024949775,0.0,0.6,0.37913977952018374,0.01639344262295082,0.04556217759002564,0.6,0.7582795590403675,0.0,0.6,0.0,f9,f0,False,adjust,voto_simple,covertype
rf_G1_covertype,6,0.665,0.6300861126549059,0.6097957150911483,0.665,1,0.5586040045850695,0.6802791081954326,0.41820118234800585,0.8349042220482883,0.8158044887586915,0.6756756756756757,0.41820118234800585,0.9005681986310409,0.6316114775111329,0.6330645919356647,0.7692402454655358,0.99999750000625,f9,f9,True,adjust,voto_simple,covertype
rf_G1_covertype,7,0.559,0.46669663657195115,0.5752143370434655,0.559,1,0.522933725726591,0.26072472164605054,0.0,0.6592335353939095,0.2852383673712208,0.06896551724137931,0.0,0.6,0.5704767347424416,0.0,0.718467070787819,0.0,f9,f10,False,adjust,voto_simple,covertype
rf_G1_covertype,8,0.64,0.5999915361888383,0.5909057170542636,0.64,1,0.48138690942928425,0.6726843889124157,0.6034298463676787,0.7879452420581272,0.7441351768633628,0.47619047619047616,0.6034298463676787,0.9141346063723148,0.4882803536267266,0.8445609376684797,0.6617558777439396,0.999990000099999,f0,f0,True,adjust,voto_simple,covertype
rf_G1_covertype,9,0.644,0.6015017123206982,0.5894703065435046,0.644,1,0.531591364359935,0.4801244562812584,0.4168478434021762,0.9048687721182387,0.30950970077015305,0.24,0.4168478434021762,0.9324652290037037,0.6190194015403061,0.42294927881758776,0.8772723152327737,0.0,f0,f10,False,adjust,voto_simple,covertype
rf_G1_covertype,10,0.657,0.6225595823824291,0.600327226766998,0.657,1,0.5648522594285948,0.43346669446556163,0.0,0.6,0.8151476022415272,0.06896551724137931,0.040758482805442885,0.6,0.6302968711469433,0.0,0.6,0.9999983333361111,f9,f0,False,adjust,voto_simple,covertype
rf_G1_covertype,11,0.666,0.6337910518014874,0.6078811868701077,0.666,1,0.5742657596453643,0.40966272547704585,0.0,0.6,0.7447090849234862,0.03333333333333333,0.07143863474458206,0.6,0.4894231698219725,0.0,0.6,0.9999950000249999,f6,f0,False,adjust,voto_simple,covertype
rf_G1_covertype,12,0.676,0.644596252630626,0.6183621182210668,0.676,1,0.5555890793002141,0.6135290777135729,0.3692448637396466,0.8342379885359943,0.831116701155231,0.14814814814814814,0.3692448637396466,0.818161101687516,0.662238402285462,0.4593307796541562,0.8503148753844725,0.9999950000249999,f5,f9,False,adjust,voto_simple,covertype
rf_G1_covertype,13,0.654,0.620076487891062,0.5964535806570691,0.654,1,0.5540439012437315,0.5016970007640921,0.0,0.6896610039733089,0.8415082715936064,0.5121951219512195,0.0,0.6,0.6830190431809628,0.10670499264969718,0.7793220079466178,0.99999750000625,f9,f9,True,adjust,voto_simple,covertype
rf_G1_covertype,14,0.659,0.6250453312826421,0.6039070800734087,0.659,1,0.5206372106012253,0.624676659070916,0.4546201774270945,0.8695945773069604,0.7304732050534919,0.24,0.5978992295832931,0.9091618554282295,0.4609514100819838,0.4546201774270945,0.8300272991856914,0.9999950000249999,f0,f9,False,adjust,voto_simple,covertype
rf_G1_covertype,15,0.608,0.5507781565382363,0.5813560649338285,0.608,1,0.5113587674457083,0.585832268038609,0.6522558830328293,0.8548455341622414,0.3672168327358599,0.4418604651162791,0.6522558830328293,0.9558023659219201,0.7344336654717198,0.7686099475869623,0.7538887024025627,0.0,f0,f0,True,adjust,voto_simple,covertype
rf_G1_covertype,16,0.646,0.6108580028780218,0.5917082630260265,0.646,1,0.5644367121543536,0.2385794746385962,0.0866203868921533,0.6,0.19197786190316737,0.03333333333333333,0.15529730539256706,0.6,0.38395572380633475,0.0866203868921533,0.6,0.0,f5,f6,False,adjust,voto_simple,covertype
rf_G1_covertype,17,0.647,0.6069774043801441,0.5885437199800387,0.647,1,0.5840309297571407,0.4628598556443662,0.0,0.7106449758021613,0.746116584433965,0.4090909090909091,0.22273584022136028,0.6697189878181704,0.49223483553181885,0.0,0.7515709637861522,0.9999983333361111,f9,f9,True,adjust,voto_simple,covertype
rf_G1_covertype,18,0.646,0.6103576364985825,0.5920074639958542,0.646,1,0.5559911668150446,0.4067723241549306,0.0,0.6,0.706370710146065,0.14814814814814814,0.010413342759104355,0.6,0.4127424202911301,0.0,0.6,0.999999000001,f9,f0,False,adjust,voto_simple,covertype
rf_G1_covertype,19,0.603,0.5512031368922264,0.5681110746630537,0.603,1,0.5295294324467809,0.4754849470110234,0.5467255512760066,0.7855622469597257,0.14549382819906198,0.47619047619047616,0.5467255512760066,0.8865819954280283,0.29098765639812396,0.6988310939228611,0.6845424984914231,0.0,f0,f0,True,adjust,voto_simple,covertype
torch_G1_covertype,0,0.725,0.7198549213410581,0.7334455637574661,0.725,2,0.39330846071243286,0.7350967911405782,0.880623546023721,0.9999998999857258,0.5318203865779805,0.4090909090909091,0.9995640953056342,0.9999999994194491,0.39697455093344236,0.880623546023721,0.9999998005520024,0.6666662222225185,f0,f0,True,soft_adjust,voto_simple,covertype
torch_G1_covertype,1,0.726,0.7213732635738367,0.7247179791424205,0.726,1,0.6112351417541504,0.7233910966928117,0.8291676814138687,0.7975855753097056,0.7625284979487363,0.16981132075471697,0.9849168332193321,0.6,0.6159669132520932,0.8291676814138687,0.9951711506194113,0.9090900826453794,f24,f0,False,keep,voto_simple,covertype
torch_G1_covertype,2,0.726,0.7213732635738367,0.7247179791424205,0.726,1,0.6112351417541504,0.7312169362006017,0.8283279828619027,0.7988678229538828,0.7769170500510829,0.21568627450980393,0.9883979400386916,0.6,0.6447440174567866,0.8283279828619027,0.9977356459077655,0.9090900826453794,f24,f0,False,keep,voto_simple,covertype
torch_G1_covertype,3,0.726,0.7213732635738367,0.7247179791424205,0.726,1,0.6112351417541504,0.6985499300554862,0.8294499645943493,0.7993458272051626,0.6723513565093792,0.19230769230769232,0.9826189586469845,0.6,0.6304175089367612,0.8294499645943493,0.9986916544103251,0.7142852040819971,f24,f0,False,keep,voto_simple,covertype
torch_G1_covertype,4,0.726,0.7213732635738367,0.7247179791424205,0.726,1,0.6112351417541504,0.7350780706819656,0.8402922801200248,0.7995745163219801,0.7772342899240929,0.21568627450980393,0.9857941447627058,0.6,0.6453784972028064,0.8402922801200248,0.9991490326439603,0.9090900826453794,f24,f0,False,keep,voto_simple,covertype
torch_G1_covertype,5,0.726,0.7213732635738367,0.7247179791424205,0.726,1,0.6112351417541504,0.7463560290275482,0.8464151863257358,0.8865442404952688,0.7682215521252973,0.08771929824561403,0.9853250886867234,0.773685854362326,0.6273530216052151,0.8464151863257358,0.9994026266282118,0.9090900826453794,f24,f0,False,keep,voto_simple,covertype
torch_G1_covertype,6,0.726,0.7213732635738367,0.7247179791424205,0.726,1,0.6112351417541504,0.7400279728110201,0.829883682422938,0.8839338501441292,0.7609789708746402,0.10714285714285714,0.9815058234858997,0.7699031032831901,0.6128678591039011,0.829883682422938,0.9979645970050683,0.9090900826453794,f24,f0,False,keep,voto_simple,covertype
torch_G1_covertype,7,0.726,0.7213732635738367,0.7247179791424205,0.726,1,0.6112351417541504,0.6951323750156713,0.8434294934207199,0.9298759339610106,0.6452103830925805,0.10714285714285714,0.9846327710401778,0.8613168427881548,0.5761355621031639,0.8434294934207199,0.9984350251338665,0.7142852040819971,f24,f0,False,keep,voto_simple,covertype
torch_G1_covertype,8,0.726,0.7213732635738367,0.7247179791424205,0.726,1,0.6112351417541504,0.7223378992890627,0.7948703572154021,0.9279660202162142,0.6731960549405105,0.21568627450980393,0.9831991818950215,0.8571725922955408,0.6321069057990238,0.7948703572154021,0.9987594481368877,0.7142852040819971,f24,f0,False,soft_adjust,voto_simple,covertype
torch_G1_covertype,9,0.73,0.7220020734080349,0.7223576178390836,0.73,1,0.6253920793533325,0.7173352885040298,0.8100278296055556,0.9427398117617958,0.6610434643783106,0.08771929824561403,0.9841607428878674,0.8875816540777939,0.6078017246746241,0.8100278296055556,0.9978979694457978,0.7142852040819971,f24,f0,False,keep,voto_simple,covertype
torch_G1_covertype,10,0.73,0.7220020734080349,0.7223576178390836,0.73,1,0.6253920793533325,0.7330152440866087,0.8225726092052403,0.9504921276468739,0.6623131960836095,0.21568627450980393,0.9873232630630461,0.9027203779700606,0.6103411880852219,0.8225726092052403,0.998263877323687,0.7142852040819971,f24,f0,False,keep,voto_simple,covertype
torch_G1_covertype,11,0.73,0.7220020734080349,0.7223576178390836,0.73,1,0.6253920793533325,0.7692735970586645,0.82153137405955,0.9745974105674999,0.7699725175861585,0.19230769230769232,0.9867324402404317,0.950652833712285,0.6308549525269377,0.82153137405955,0.9985419874227148,0.9090900826453794,f24,f0,False,keep,voto_simple,covertype
torch_G1_covertype,12,0.73,0.7220020734080349,0.7223576178390836,0.73,1,0.6253920793533325,0.7353976895972193,0.810701093080688,0.9597190668177136,0.6859058197066024,0.16981132075471697,0.9841456407141138,0.9206798517753382,0.6575264353312077,0.810701093080688,0.9987582818600891,0.7142852040819971,f24,f0,False,keep,voto_simple,covertype
torch_G1_covertype,13,0.73,0.7220020734080349,0.7223576178390836,0.73,1,0.6253920793533325,0.7479046128596089,0.8369535453693909,0.9807257972763448,0.6782134100220949,0.19230769230769232,0.9872950995835545,0.9625217929800378,0.6421416159621925,0.8369535453693909,0.9989298015726518,0.7142852040819971,f24,f0,False,keep,voto_simple,covertype
torch_G1_covertype,14,0.73,0.7220020734080349,0.7223576178390836,0.73,1,0.6253920793533325,0.7663762755863311,0.8320555209983495,0.9733391624471243,0.7508391725065611,0.19230769230769232,0.9759941640821403,0.9476102267064267,0.6683457061236544,0.8320555209983495,0.9990680981878218,0.8333326388894676,f24,f0,False,keep,voto_simple,covertype
torch_G1_covertype,15,0.73,0.7220020734080349,0.7223576178390836,0.73,1,0.6253920793533325,0.774121606468171,0.8260008680378234,0.9610342484748444,0.787121044499592,0.21568627450980393,0.9822939998168845,0.9228872708226235,0.6651520063538044,0.8260008680378234,0.9991812261270654,0.9090900826453794,f24,f0,False,keep,voto_simple,covertype
torch_G1_covertype,16,0.73,0.7220020734080349,0.7223576178390836,0.73,1,0.6253920793533325,0.7607995287504996,0.8376296271287452,0.98554691561487,0.7106581370664109,0.21568627450980393,0.9865388322002924,0.9718188913709784,0.5879836352433542,0.8376296271287452,0.9992749398587614,0.8333326388894676,f24,f0,False,keep,voto_simple,covertype
torch_G1_covertype,17,0.73,0.7220020734080349,0.7223576178390836,0.73,1,0.6253920793533325,0.7614831388730691,0.8422953162283033,0.9852838939971921,0.7143349786073439,0.19230769230769232,0.9859821410194426,0.9712143489728551,0.5953373183252202,0.8422953162283033,0.9993534390215291,0.8333326388894676,f24,f0,False,keep,voto_simple,covertype
torch_G1_covertype,18,0.73,0.7220020734080349,0.7223576178390836,0.73,1,0.6253920793533325,0.7657822151063622,0.8477799480136549,0.9756582243215586,0.7312019923293309,0.19230769230769232,0.9876350896402759,0.951896602170296,0.6290713457691941,0.8477799480136549,0.9994198464728212,0.8333326388894676,f24,f0,False,keep,voto_simple,covertype
torch_G1_covertype,19,0.73,0.7220020734080349,0.7223576178390836,0.73,1,0.6253920793533325,0.7399824610446663,0.8313004170074442,0.9882582607350259,0.651182312785332,0.19230769230769232,0.9882212476800117,0.9770399981793048,0.588079421488667,0.8313004170074442,0.9994765232907469,0.7142852040819971,f24,f0,False,keep,voto_simple,covertype
