agent,iteration,accuracy,f1,precision,recall,prediction,confidence,exp_quality,exp_consensus,exp_stability,exp_fidelity,exp_agreement,shap_consensus,shap_stability,shap_fidelity,lime_consensus,lime_stability,lime_fidelity,shap_top_feature,lime_top_feature,shap_lime_agree,decision,grupo,dataset,condicion
gb_G1_wine,0,0.9722222222222222,0.9717752234993614,0.974074074074074,0.9722222222222222,0,0.9815517792741708,0.7340636957204352,0.4603982281120418,0.9999856354445735,0.9642705058633754,0.37777777777777777,0.4603982281120418,0.9999714215835854,0.9285420117257508,0.9534411098005183,0.9999998493055615,0.999999000001,proline,color_intensity,False,keep,G1,wine,facil
gb_G1_wine,1,0.9722222222222222,0.9717752234993614,0.974074074074074,0.9722222222222222,0,0.9815517792741708,0.725632667810417,0.432511121585774,0.9997260516360222,0.9642705058633754,0.37777777777777777,0.432511121585774,0.9994522539664831,0.9285420117257508,0.9468338715438221,0.9999998493055615,0.999999000001,proline,color_intensity,False,keep,G1,wine,facil
gb_G1_wine,2,0.9722222222222222,0.9717752234993614,0.974074074074074,0.9722222222222222,0,0.9815517792741708,0.7313190829688186,0.45144796028796225,0.999747505827003,0.9642705058633754,0.37777777777777777,0.45144796028796225,0.9994951623484445,0.9285420117257508,0.9497394784484888,0.9999998493055615,0.999999000001,proline,color_intensity,False,keep,G1,wine,facil
gb_G1_wine,3,0.9722222222222222,0.9717752234993614,0.974074074074074,0.9722222222222222,0,0.9815517792741708,0.7320188133901314,0.4536008022305048,0.9999630171812028,0.9642705058633754,0.37777777777777777,0.4536008022305048,0.9999261850568443,0.9285420117257508,0.9386027896317618,0.9999998493055615,0.999999000001,proline,color_intensity,False,keep,G1,wine,facil
gb_G1_wine,4,0.9722222222222222,0.9717752234993614,0.974074074074074,0.9722222222222222,0,0.9815517792741708,0.7091907653062149,0.37759658970087184,0.9998558798810966,0.9642705058633754,0.37777777777777777,0.37759658970087184,0.9997119104566315,0.9285420117257508,0.9469848366996756,0.9999998493055615,0.999999000001,proline,color_intensity,False,keep,G1,wine,facil
gb_G1_wine,5,0.9722222222222222,0.9717752234993614,0.974074074074074,0.9722222222222222,0,0.9815517792741708,0.6970606602950584,0.337163106620903,0.9998556395324334,0.9642705058633754,0.37777777777777777,0.337163106620903,0.9997114297593052,0.9285420117257508,0.9537895774336473,0.9999998493055615,0.999999000001,proline,color_intensity,False,keep,G1,wine,facil
gb_G1_wine,6,0.9722222222222222,0.9717752234993614,0.974074074074074,0.9722222222222222,0,0.9815517792741708,0.7418383344595857,0.42136073677982383,0.9953455012624229,0.965881566057833,0.5121951219512195,0.42136073677982383,0.9908129313122771,0.9317641321146661,0.9399156539731778,0.9998780712125688,0.999999000001,proline,color_intensity,False,keep,G1,wine,facil
gb_G1_wine,7,0.9722222222222222,0.9717752234993614,0.974074074074074,0.9722222222222222,0,0.9815517792741708,0.7262335322539681,0.37077237270036373,0.9936323293353051,0.965881566057833,0.5121951219512195,0.37077237270036373,0.9873582077168832,0.9317641321146661,0.9570124479301186,0.9999064509537269,0.999999000001,proline,color_intensity,False,keep,G1,wine,facil
gb_G1_wine,8,0.9722222222222222,0.9717752234993614,0.974074074074074,0.9722222222222222,0,0.9815517792741708,0.7488398815862144,0.44354392899815903,0.9967318591069354,0.965881566057833,0.5121951219512195,0.44354392899815903,0.9935377647741506,0.9317641321146661,0.9202423620757029,0.9999259534397202,0.999999000001,proline,color_intensity,False,keep,G1,wine,facil
gb_G1_wine,9,0.9722222222222222,0.9717752234993614,0.974074074074074,0.9722222222222222,0,0.9815517792741708,0.7514546433841635,0.4529917517186876,0.995853519034098,0.965881566057833,0.5121951219512195,0.4529917517186876,0.9917671090654718,0.9317641321146661,0.9436881388303762,0.9999399290027241,0.999999000001,proline,color_intensity,False,keep,G1,wine,facil
gb_G1_wine,10,0.9722222222222222,0.9717752234993614,0.974074074074074,0.9722222222222222,0,0.9815517792741708,0.7548190816869348,0.4627141287189778,0.9976444198448347,0.965881566057833,0.5121951219512195,0.4627141287189778,0.995338555093897,0.9317641321146661,0.9207344986312331,0.9999502845957723,0.999999000001,proline,color_intensity,False,keep,G1,wine,facil
gb_G1_wine,11,0.9722222222222222,0.9717752234993614,0.974074074074074,0.9722222222222222,0,0.9815517792741708,0.7507422344018236,0.44813680383191623,0.9988298205688637,0.965881566057833,0.5121951219512195,0.44813680383191623,0.9977014707002504,0.9317641321146661,0.9476425558936866,0.9999581704374771,0.999999000001,proline,color_intensity,False,keep,G1,wine,facil
gb_G1_wine,12,0.9722222222222222,0.9717752234993614,0.974074074074074,0.9722222222222222,0,0.9815517792741708,0.7468964194069782,0.4369404023560298,0.9968822423605459,0.965881566057833,0.5121951219512195,0.4369404023560298,0.9938001710037777,0.9317641321146661,0.9204245017112996,0.999964313717314,0.999999000001,proline,color_intensity,False,keep,G1,wine,facil
gb_G1_wine,13,0.9722222222222222,0.9717752234993614,0.974074074074074,0.9722222222222222,0,0.9815517792741708,0.729046465548174,0.375735727645603,0.9989280365778417,0.965881566057833,0.5121951219512195,0.375735727645603,0.9978868807219313,0.9317641321146661,0.9496865859790291,0.9999691924337519,0.999999000001,proline,color_intensity,False,keep,G1,wine,facil
gb_G1_wine,14,0.9722222222222222,0.9717752234993614,0.974074074074074,0.9722222222222222,0,0.9815517792741708,0.7444030094829118,0.42724240665395335,0.9985461975067722,0.965881566057833,0.5121951219512195,0.42724240665395335,0.9971192637546363,0.9317641321146661,0.9368009792569442,0.9999731312589081,0.999999000001,proline,color_intensity,False,keep,G1,wine,facil
gb_G1_wine,15,0.9722222222222222,0.9717752234993614,0.974074074074074,0.9722222222222222,0,0.9815517792741708,0.7500634676956199,0.4459760502085319,0.9987076580921104,0.965881566057833,0.5121951219512195,0.4459760502085319,0.997438959202221,0.9317641321146661,0.950137795692837,0.9999763569819996,0.999999000001,proline,color_intensity,False,keep,G1,wine,facil
gb_G1_wine,16,0.9722222222222222,0.9717752234993614,0.974074074074074,0.9722222222222222,0,0.9815517792741708,0.7414704808851565,0.4167146288860485,0.9994494164372367,0.965881566057833,0.5121951219512195,0.4167146288860485,0.998919800976148,0.9317641321146661,0.9359660300360845,0.9999790318983256,0.999999000001,proline,color_intensity,False,soft_adjust,G1,wine,facil
gb_G1_wine,17,0.9722222222222222,0.9717752234993614,0.974074074074074,0.9722222222222222,0,0.9814477507485663,0.7455378026219197,0.42612713137553326,0.9985839327888419,0.9707480390645546,0.5121951219512195,0.42612713137553326,0.9977097455504045,0.9414970781281093,0.9361967163036635,0.9994581200272795,0.999999000001,proline,color_intensity,False,soft_adjust,G1,wine,facil
gb_G1_wine,18,0.9722222222222222,0.9717752234993614,0.974074074074074,0.9722222222222222,0,0.9916091633062035,0.8021418657689738,0.4185629781888584,0.9849075046179536,0.9657369871927597,0.9375,0.4185629781888584,0.9894928321466623,0.931475085495396,0.9418043178867581,0.980322177089245,0.9999988888901234,proline,proline,True,soft_adjust,G1,wine,facil
gb_G1_wine,19,0.9722222222222222,0.9717752234993614,0.974074074074074,0.9722222222222222,0,0.9811579133822979,0.7592177953593823,0.4666192568635081,0.9968027931297716,0.9773401724173469,0.5121951219512195,0.4666192568635081,0.9977239216339433,0.9546813448336939,0.9395924373787939,0.9958816646255999,0.999999000001,proline,color_intensity,False,soft_adjust,G1,wine,facil
rf_G1_wine,0,0.9722222222222222,0.9721867461331064,0.974074074074074,0.9722222222222222,0,0.9398511543767949,0.7178768290083712,0.5109832867155139,0.9999980125425325,0.8631911328602797,0.2916666666666667,0.5109832867155139,0.9999963172740478,0.7263842657165593,0.9465638253706664,0.9999997078110173,0.999998000004,proline,color_intensity,False,soft_adjust,G1,wine,facil
rf_G1_wine,1,0.9722222222222222,0.9721867461331064,0.974074074074074,0.9722222222222222,0,0.998484737357925,0.8104882798104556,0.6733399271015873,0.9389805617516727,0.9079660329690329,0.6756756756756757,0.6733399271015873,0.9382297398462406,0.8159340659340659,0.9427928672425533,0.9397313836571046,0.999998000004,proline,proline,True,soft_adjust,G1,wine,facil
rf_G1_wine,2,1.0,1.0,1.0,1.0,0,0.9778953089475737,0.7708889426770221,0.5887587404970053,0.9737495788133126,0.9313178479867369,0.47619047619047616,0.5887587404970053,0.9736987379400671,0.8626373626373627,0.9568306652742959,0.9738004196865581,0.9999983333361111,proline,color_intensity,False,soft_adjust,G1,wine,facil
rf_G1_wine,3,0.9722222222222222,0.9725248123940935,0.9753086419753088,0.9722222222222222,0,0.9698288776567467,0.7764642872424072,0.7667123510159526,0.9422276695912419,0.881359384944024,0.16981132075471697,0.7667123510159526,0.9068706446012567,0.7627237698630482,0.966577434663877,0.9775846945812272,0.9999950000249999,proline,alcohol,False,soft_adjust,G1,wine,facil
rf_G1_wine,4,0.9722222222222222,0.9721867461331064,0.974074074074074,0.9722222222222222,0,0.9933078236680103,0.792355030006705,0.7875691738336552,0.8752143918765721,0.8861736948629805,0.47619047619047616,0.7875691738336552,0.783876482623632,0.7723523897009611,0.9197076181602966,0.9665523011295123,0.9999950000249999,alcohol,alcohol,True,soft_adjust,G1,wine,facil
rf_G1_wine,5,0.9722222222222222,0.9717752234993614,0.974074074074074,0.9722222222222222,0,0.9657343314580157,0.7236640785974595,0.4657800722003354,0.9645737422326299,0.9503348372214515,0.3191489361702128,0.4657800722003354,0.9564890272585795,0.9006716744389032,0.9669333622042592,0.9726584572066804,0.999998000004,proline,color_intensity,False,soft_adjust,G1,wine,facil
rf_G1_wine,6,1.0,1.0,1.0,1.0,0,0.9996298638647574,0.7659139290100904,0.8051992977779129,0.8696202527346656,0.8887337637487636,0.08771929824561403,0.8051992977779129,0.7535296456209135,0.7774725274725274,0.9679154879486527,0.9857108598484177,0.9999950000249999,od280/od315_of_diluted_wines,color_intensity,False,soft_adjust,G1,wine,facil
rf_G1_wine,7,1.0,1.0,1.0,1.0,0,0.9940308195333539,0.8195392922347494,0.936727718449032,0.8532821233333174,0.9175799175949175,0.21568627450980393,0.9531685116210725,0.8192612103785791,0.8351648351648351,0.936727718449032,0.8873030362880557,0.9999950000249999,alcalinity_of_ash,color_intensity,False,soft_adjust,G1,wine,facil
rf_G1_wine,8,1.0,1.0,1.0,1.0,0,0.9966044463407823,0.6712214325466488,0.5447366394996637,0.8158807727041839,0.8402674917356792,0.24,0.5447366394996637,0.7046987273232973,0.9305368584666709,0.9017417387085156,0.9270628180850705,0.7499981250046874,total_phenols,alcohol,False,soft_adjust,G1,wine,facil
rf_G1_wine,9,0.9444444444444444,0.9444444444444444,0.9444444444444444,0.9444444444444444,0,0.9974085706673892,0.7824552487891961,0.682726836227528,0.9690284996834796,0.9515120080394421,0.21568627450980393,0.682726836227528,0.9563511489939049,0.9030265160726343,0.9771587675779123,0.9817058503730542,0.99999750000625,proline,color_intensity,False,soft_adjust,G1,wine,facil
rf_G1_wine,10,0.9722222222222222,0.9721867461331064,0.974074074074074,0.9722222222222222,0,0.9980376295258904,0.8193336195784641,0.8479959515087511,0.928197544612545,0.9546653297203291,0.16981132075471697,0.8479959515087511,0.9322222114958362,0.9093406593406593,0.89901180476834,0.9241728777292537,0.999990000099999,proline,alcohol,False,soft_adjust,G1,wine,facil
rf_G1_wine,11,0.9722222222222222,0.9721867461331064,0.974074074074074,0.9722222222222222,0,0.9955561281211136,0.7494345038249717,0.6095197951920716,0.9591897119882662,0.9343176273789332,0.16981132075471697,0.6095197951920716,0.9458939086048931,0.8686385880800886,0.9451402228111205,0.9724855153716392,0.9999966666777778,proline,color_intensity,False,soft_adjust,G1,wine,facil
rf_G1_wine,12,0.9722222222222222,0.9721867461331064,0.974074074074074,0.9722222222222222,0,0.9930323161602941,0.8320417211884684,0.8967681063632345,0.911321305889319,0.9384433454116498,0.2653061224489796,0.8967681063632345,0.8820834672369431,0.8768916907982997,0.9184314798076868,0.9405591445416949,0.9999950000249999,alcalinity_of_ash,alcohol,False,soft_adjust,G1,wine,facil
rf_G1_wine,13,0.9722222222222222,0.9721867461331064,0.974074074074074,0.9722222222222222,0,0.9949300689404591,0.7543405513671755,0.6335769483101706,0.9346698864911924,0.9294999841710876,0.24,0.6335769483101706,0.9054445911300927,0.859009968242176,0.9680013048985533,0.9638951818522921,0.999990000099999,proline,color_intensity,False,soft_adjust,G1,wine,facil
rf_G1_wine,14,1.0,1.0,1.0,1.0,0,0.9958849129722147,0.8086253686624264,0.7075677798784533,0.9292029667220647,0.957416749085638,0.5121951219512195,0.7075677798784533,0.9110763344999404,0.9148351648351649,0.9582127205476818,0.9473295989441891,0.9999983333361111,proline,proline,True,soft_adjust,G1,wine,facil
rf_G1_wine,15,0.9722222222222222,0.9721867461331064,0.974074074074074,0.9722222222222222,0,0.9207640062179756,0.748831331920213,0.6887179243054732,0.7721075339969418,0.869091775559324,0.5897435897435898,0.6887179243054732,0.6405692893773333,0.7381846622285246,0.941520690206393,0.9036457786165503,0.9999988888901234,color_intensity,color_intensity,True,soft_adjust,G1,wine,facil
rf_G1_wine,16,1.0,1.0,1.0,1.0,0,0.9965672777826647,0.8257991292247546,0.8821112875718198,0.9400129535532298,0.9322555183609916,0.16981132075471697,0.8821112875718198,0.9380614470948008,0.8645120367209833,0.9605468443812585,0.9419644600116588,0.999999000001,alcalinity_of_ash,proline,False,keep,G1,wine,facil
rf_G1_wine,17,1.0,1.0,1.0,1.0,0,0.9965672777826647,0.8411878583770686,0.8869878941521958,0.9467395691075715,0.9391331039595008,0.37777777777777777,0.8869878941521958,0.9455474393480102,0.8782672079180015,0.9589251810995245,0.9479316988671328,0.999999000001,proline,proline,True,keep,G1,wine,facil
rf_G1_wine,18,1.0,1.0,1.0,1.0,0,0.9965672777826647,0.8305059423735108,0.8875737367985141,0.9522852670762216,0.9322555183609916,0.16981132075471697,0.8875737367985141,0.9515266715859317,0.8645120367209833,0.9752067997287591,0.9530438625665114,0.999999000001,alcalinity_of_ash,proline,False,keep,G1,wine,facil
rf_G1_wine,19,1.0,1.0,1.0,1.0,0,0.9965672777826647,0.833735347829786,0.8946156492204008,0.9567525939950576,0.9322555183609916,0.16981132075471697,0.8946156492204008,0.9560517778386531,0.8645120367209833,0.9607197274617302,0.957453410151462,0.999999000001,alcalinity_of_ash,proline,False,keep,G1,wine,facil
torch_G1_wine,0,0.9166666666666666,0.9176954732510288,0.9256410256410257,0.9166666666666666,0,0.6152569055557251,0.6358244274643401,0.803434704915663,0.9999996990437752,0.47445024945084946,0.01639344262295082,0.9881392911303348,0.9999999332424412,0.3489010989010989,0.803434704915663,0.999999464845109,0.5999994000006,alcalinity_of_ash,alcohol,False,soft_adjust,G1,wine,facil
torch_G1_wine,1,0.9444444444444444,0.9447470346163157,0.947530864197531,0.9444444444444444,0,0.6701889038085938,0.6385127400272076,0.8225352822183802,0.9990968935343263,0.4565931065937066,0.03333333333333333,0.993642290388819,0.9986348572921312,0.3131868131868132,0.8225352822183802,0.9995589297765214,0.5999994000006,alcalinity_of_ash,alcohol,False,soft_adjust,G1,wine,facil
torch_G1_wine,2,0.9444444444444444,0.9447470346163157,0.947530864197531,0.9444444444444444,0,0.7321538329124451,0.6361146793425877,0.8201594562403736,0.9980093136574855,0.43406562156632467,0.06896551724137931,0.9952283167642655,0.9979734107738453,0.36813186813186816,0.8201594562403736,0.9980452165411255,0.49999937500078123,alcalinity_of_ash,alcohol,False,soft_adjust,G1,wine,facil
torch_G1_wine,3,0.9444444444444444,0.9447470346163157,0.947530864197531,0.9444444444444444,0,0.7812387943267822,0.6633246589907615,0.8429134315376504,0.997126994271553,0.5027468445845705,0.06896551724137931,0.9986708637585647,0.9976309299907652,0.4340659340659341,0.8429134315376504,0.9966230585523408,0.571427755103207,alcalinity_of_ash,alcohol,False,soft_adjust,G1,wine,facil
torch_G1_wine,4,0.9444444444444444,0.9447470346163157,0.947530864197531,0.9444444444444444,0,0.8148167133331299,0.6533777151165339,0.8084287088228547,0.9970725343840461,0.5041204709581969,0.06896551724137931,0.9984172896877097,0.9978119320343197,0.4368131868131868,0.8084287088228547,0.9963331367337723,0.571427755103207,alcalinity_of_ash,alcohol,False,soft_adjust,G1,wine,facil
torch_G1_wine,5,0.9722222222222222,0.9721867461331064,0.974074074074074,0.9722222222222222,0,0.8396813273429871,0.6580588239973985,0.8178125715653549,0.9962945763747456,0.5109886028263287,0.06896551724137931,0.9985268666431983,0.9960291098331846,0.45054945054945056,0.8178125715653549,0.9965600429163066,0.571427755103207,alcalinity_of_ash,alcohol,False,soft_adjust,G1,wine,facil
torch_G1_wine,6,0.9722222222222222,0.9721867461331064,0.974074074074074,0.9722222222222222,0,0.8611593246459961,0.6639096167434775,0.8411436587507733,0.9969316906175353,0.49725233909006505,0.08771929824561403,0.9977972218713864,0.9971829444769846,0.4230769230769231,0.8411436587507733,0.9966804367580859,0.571427755103207,alcalinity_of_ash,alcohol,False,soft_adjust,G1,wine,facil
torch_G1_wine,7,0.9722222222222222,0.9721867461331064,0.974074074074074,0.9722222222222222,0,0.8826226592063904,0.643218320071632,0.8092581249178545,0.9969345242394632,0.4601645226652258,0.08771929824561403,0.9987234550281028,0.9975354731727664,0.42032967032967034,0.8092581249178545,0.9963335753061598,0.49999937500078123,alcalinity_of_ash,alcohol,False,soft_adjust,G1,wine,facil
torch_G1_wine,8,0.9722222222222222,0.9721867461331064,0.974074074074074,0.9722222222222222,0,0.901303768157959,0.7067358451402753,0.8497440118446649,0.9946136935053597,0.5810435478812739,0.19230769230769232,0.9975172778948095,0.9934620994431997,0.5906593406593407,0.8497440118446649,0.9957652875675196,0.571427755103207,alcalinity_of_ash,alcohol,False,soft_adjust,G1,wine,facil
torch_G1_wine,9,0.9722222222222222,0.9721867461331064,0.974074074074074,0.9722222222222222,0,0.9173002243041992,0.7019938817214186,0.8427108892364298,0.996295776040164,0.5929481623940884,0.14814814814814814,0.997958316393931,0.9974748595358115,0.5192307692307693,0.8427108892364298,0.9951166925445164,0.6666655555574075,alcalinity_of_ash,alcohol,False,soft_adjust,G1,wine,facil
torch_G1_wine,10,0.9722222222222222,0.9721867461331064,0.974074074074074,0.9722222222222222,0,0.9275583028793335,0.7584014944458071,0.8555604415901262,0.990478070584588,0.6616294810754071,0.2916666666666667,0.9989265165847887,0.986237717661646,0.6565934065934066,0.8555604415901262,0.99471842350753,0.6666655555574075,alcalinity_of_ash,alcohol,False,soft_adjust,G1,wine,facil
torch_G1_wine,11,0.9722222222222222,0.9721867461331064,0.974074074074074,0.9722222222222222,0,0.9368590712547302,0.7279661217495096,0.8246899096085354,0.9954711710815463,0.6396514590973851,0.2653061224489796,0.9986057590080251,0.9966604604458129,0.6126373626373627,0.8246899096085354,0.9942818817172797,0.6666655555574075,alcalinity_of_ash,alcohol,False,soft_adjust,G1,wine,facil
torch_G1_wine,12,0.9722222222222222,0.9721867461331064,0.974074074074074,0.9722222222222222,0,0.9459013342857361,0.729248894143777,0.8644828521718703,0.994176968528835,0.5920326545333576,0.2916666666666667,0.9990711374037141,0.9945850759618506,0.6840659340659341,0.8644828521718703,0.9937688610958193,0.49999937500078123,alcalinity_of_ash,alcohol,False,soft_adjust,G1,wine,facil
torch_G1_wine,13,0.9722222222222222,0.9721867461331064,0.974074074074074,0.9722222222222222,0,0.9538339376449585,0.6760527032652672,0.8410430022017389,0.9928838833428115,0.5109886984894016,0.14814814814814814,0.9985538776963143,0.9924437690231929,0.521978021978022,0.8410430022017389,0.9933239976624302,0.49999937500078123,alcalinity_of_ash,alcohol,False,soft_adjust,G1,wine,facil
torch_G1_wine,14,0.9722222222222222,0.9721867461331064,0.974074074074074,0.9722222222222222,0,0.9606590270996094,0.7696111979431248,0.8565603585431116,0.9954634314089555,0.7186805186829186,0.19230769230769232,0.9985253319397934,0.9979739551016779,0.6373626373626373,0.8565603585431116,0.9929529077162332,0.7999984000031999,alcalinity_of_ash,alcohol,False,soft_adjust,G1,wine,facil
torch_G1_wine,15,0.9722222222222222,0.9721867461331064,0.974074074074074,0.9722222222222222,0,0.9666225910186768,0.7718477389741334,0.8212847669250183,0.9938556900900863,0.7379112879136879,0.2916666666666667,0.999406498045479,0.9951164259072477,0.6758241758241759,0.8212847669250183,0.992594954272925,0.7999984000031999,alcalinity_of_ash,alcohol,False,soft_adjust,G1,wine,facil
torch_G1_wine,16,0.9722222222222222,0.9721867461331064,0.974074074074074,0.9722222222222222,0,0.9703949093818665,0.769787259593312,0.8633700525258531,0.9951169243512936,0.7008233758257758,0.24,0.9993198710668634,0.9978163047323421,0.6016483516483516,0.8633700525258531,0.9924175439702453,0.7999984000031999,alcalinity_of_ash,alcohol,False,soft_adjust,G1,wine,facil
torch_G1_wine,17,0.9722222222222222,0.9721867461331064,0.974074074074074,0.9722222222222222,0,0.9706447720527649,0.7603604335243217,0.8658970018095477,0.9955860721436905,0.6664827164851164,0.24,0.9994677323840769,0.9979267858844274,0.532967032967033,0.8658970018095477,0.9932453584029537,0.7999984000031999,alcalinity_of_ash,alcohol,False,soft_adjust,G1,wine,facil
torch_G1_wine,18,0.9722222222222222,0.9721867461331064,0.974074074074074,0.9722222222222222,0,0.9744070768356323,0.7626333555987609,0.857917413161993,0.9956549762202215,0.7049442549466549,0.14814814814814814,0.9994537893005796,0.9984702302735052,0.6098901098901099,0.857917413161993,0.9928397221669377,0.7999984000031999,alcalinity_of_ash,alcohol,False,soft_adjust,G1,wine,facil
torch_G1_wine,19,0.9722222222222222,0.9721867461331064,0.974074074074074,0.9722222222222222,0,0.9771574139595032,0.7883877145750919,0.8728915595562343,0.9947907380397576,0.7406585406609406,0.2916666666666667,0.9995723584406847,0.9970981360045544,0.6813186813186813,0.8728915595562343,0.9924833400749606,0.7999984000031999,alcalinity_of_ash,alcohol,False,soft_adjust,G1,wine,facil
gb_G1_digits,0,0.9138888888888889,0.914217639130665,0.9171501029045408,0.9138888888888889,0,0.9854290202733624,0.3894563676469358,0.11524619261693107,0.9994902208174035,0.35003318219168533,0.0,0.11524619261693107,0.9990302768520675,0.7000663643833707,0.871531976501063,0.9999501647827396,0.0,pixel_21,pixel_36,False,soft_adjust,G1,digits,facil
gb_G1_digits,1,0.9138888888888889,0.9151862031518151,0.920126631867211,0.9138888888888889,0,0.983742820839373,0.37856883669911234,0.10844115421723581,0.9894541620689746,0.32890983305565974,0.0,0.10844115421723581,0.9851030935653767,0.6578196661113195,0.9328118583418863,0.9938052305725725,0.0,pixel_21,pixel_36,False,soft_adjust,G1,digits,facil
gb_G1_digits,2,0.9222222222222223,0.9228322383837372,0.9275262708968709,0.9222222222222223,0,0.9800190208604557,0.5611562313909417,0.0959877943068107,0.9810339770590037,0.8404063021247542,0.01639344262295082,0.0959877943068107,0.9652759000297547,0.6808226041495093,0.9224610372666344,0.9967920540882528,0.999990000099999,pixel_21,pixel_36,False,keep,G1,digits,facil
gb_G1_digits,3,0.9222222222222223,0.9228322383837372,0.9275262708968709,0.9222222222222223,0,0.9800190208604557,0.5599634184139256,0.08536696229788265,0.988783860647157,0.8405928545535009,0.01639344262295082,0.08536696229788265,0.9793906102571285,0.6811957090070028,0.9201614180522936,0.9981771110371854,0.999990000099999,pixel_21,pixel_36,False,keep,G1,digits,facil
gb_G1_digits,4,0.9222222222222223,0.9228322383837372,0.9275262708968709,0.9222222222222223,0,0.9800190208604557,0.5645067301598291,0.0973834240150193,0.9925373535702071,0.8405928545535009,0.01639344262295082,0.0973834240150193,0.9862563251713375,0.6811957090070028,0.9333661186655651,0.9988183819690767,0.999990000099999,pixel_21,pixel_36,False,keep,G1,digits,facil
gb_G1_digits,5,0.9222222222222223,0.9228322383837372,0.9275262708968709,0.9222222222222223,0,0.9800190208604557,0.5501147268163665,0.04753213037035099,0.9947908925699589,0.8405928545535009,0.01639344262295082,0.04753213037035099,0.9904151350619802,0.6811957090070028,0.888494502847168,0.9991666500779377,0.999990000099999,pixel_21,pixel_36,False,keep,G1,digits,facil
gb_G1_digits,6,0.9222222222222223,0.9228322383837372,0.9275262708968709,0.9222222222222223,0,0.9800190208604557,0.59744860561553,0.2712326366405763,0.8891208430872014,0.8297916424681522,0.14814814814814814,0.2712326366405763,0.7807149796917571,0.6595932848363054,0.9338609491985375,0.9975267064826457,0.999990000099999,pixel_29,pixel_36,False,keep,G1,digits,facil
gb_G1_digits,7,0.9222222222222223,0.9228322383837372,0.9275262708968709,0.9222222222222223,0,0.9800190208604557,0.5974328176360545,0.24704722892081055,0.9180801804330181,0.8297916424681522,0.14814814814814814,0.24704722892081055,0.8380643757696109,0.6595932848363054,0.9586897038705857,0.9980959850964252,0.999990000099999,pixel_29,pixel_36,False,keep,G1,digits,facil
gb_G1_digits,8,0.9222222222222223,0.9228322383837372,0.9275262708968709,0.9222222222222223,0,0.9800190208604557,0.6095960978007423,0.2704486109663838,0.9388533158038251,0.8296235814958661,0.14814814814814814,0.2704486109663838,0.8792201410638234,0.6592571628917332,0.9483126756129673,0.9984864905438269,0.999990000099999,pixel_29,pixel_36,False,keep,G1,digits,facil
gb_G1_digits,9,0.9222222222222223,0.9228322383837372,0.9275262708968709,0.9222222222222223,0,0.9800190208604557,0.6138365137813505,0.27305277287901003,0.9526899854311062,0.8296235814958661,0.14814814814814814,0.27305277287901003,0.906614071556336,0.6592571628917332,0.947319580329734,0.9987658993058762,0.999990000099999,pixel_29,pixel_36,False,keep,G1,digits,facil
gb_G1_digits,10,0.9222222222222223,0.9228322383837372,0.9275262708968709,0.9222222222222223,0,0.9800190208604557,0.6263790207984139,0.30729302086048926,0.9615700427548414,0.8297916424681522,0.14814814814814814,0.30729302086048926,0.9241674229254742,0.6595932848363054,0.9414956756465953,0.9989726625842086,0.999990000099999,pixel_29,pixel_36,False,keep,G1,digits,facil
gb_G1_digits,11,0.9222222222222223,0.9228322383837372,0.9275262708968709,0.9222222222222223,0,0.9800190208604557,0.611809529979902,0.2530999875647373,0.9683237194356962,0.8297916424681522,0.14814814814814814,0.2530999875647373,0.9375175041604331,0.6595932848363054,0.9466297749598415,0.9991299347109592,0.999990000099999,pixel_29,pixel_36,False,keep,G1,digits,facil
gb_G1_digits,12,0.9222222222222223,0.9228322383837372,0.9275262708968709,0.9222222222222223,0,0.9800190208604557,0.6143911661167679,0.25754590556776974,0.9733151623795211,0.8297916424681522,0.14814814814814814,0.25754590556776974,0.9473779923751999,0.6595932848363054,0.954413147158764,0.9992523323838424,0.999990000099999,pixel_29,pixel_36,False,keep,G1,digits,facil
gb_G1_digits,13,0.9222222222222223,0.9228322383837372,0.9275262708968709,0.9222222222222223,0,0.9800190208604557,0.6133195790904807,0.2506612531967891,0.977290397119549,0.8297916424681522,0.14814814814814814,0.2506612531967891,0.955231343682977,0.6595932848363054,0.9406038666412052,0.9993494505561209,0.999990000099999,pixel_29,pixel_36,False,keep,G1,digits,facil
gb_G1_digits,14,0.9222222222222223,0.9228322383837372,0.9275262708968709,0.9222222222222223,0,0.9800190208604557,0.6124276703050172,0.24536949274991804,0.9802745476806836,0.8296235814958661,0.14814814814814814,0.24536949274991804,0.9611212968244417,0.6592571628917332,0.9592450644486655,0.9994277985369255,0.999990000099999,pixel_29,pixel_36,False,keep,G1,digits,facil
gb_G1_digits,15,0.9222222222222223,0.9228322383837372,0.9275262708968709,0.9222222222222223,0,0.9800190208604557,0.6171269988693094,0.2583492854658366,0.9834961106787501,0.8296235814958661,0.14814814814814814,0.2583492854658366,0.9675003031257131,0.6592571628917332,0.9529059275503371,0.9994919182317871,0.999990000099999,pixel_29,pixel_36,False,keep,G1,digits,facil
gb_G1_digits,16,0.9222222222222223,0.9228322383837372,0.9275262708968709,0.9222222222222223,0,0.9800190208604557,0.6171857878613431,0.2564483286461878,0.9860124148304633,0.8296235814958661,0.14814814814814814,0.2564483286461878,0.9724797729373861,0.6592571628917332,0.9540492871969406,0.9995450567235405,0.999990000099999,pixel_29,pixel_36,False,keep,G1,digits,facil
gb_G1_digits,17,0.9222222222222223,0.9228322383837372,0.9275262708968709,0.9222222222222223,0,0.9800190208604557,0.6184742648367421,0.2596721749172631,0.9870960340400254,0.8297916424681522,0.14814814814814814,0.2596721749172631,0.9746024829142577,0.6595932848363054,0.9590729012239408,0.9995895851657933,0.999990000099999,pixel_29,pixel_36,False,keep,G1,digits,facil
gb_G1_digits,18,0.9222222222222223,0.9228322383837372,0.9275262708968709,0.9222222222222223,0,0.9800190208604557,0.6197014426777313,0.26278453042529376,0.9884715919610889,0.8296235814958661,0.14814814814814814,0.26278453042529376,0.9773159162059887,0.6592571628917332,0.9582806562905073,0.999627267716189,0.999990000099999,pixel_29,pixel_36,False,keep,G1,digits,facil
gb_G1_digits,19,0.9222222222222223,0.9228322383837372,0.9275262708968709,0.9222222222222223,0,0.9800190208604557,0.6089720448602532,0.2260731973842453,0.9896076003404348,0.8296235814958661,0.14814814814814814,0.2260731973842453,0.9795557618222958,0.6592571628917332,0.9055277735997951,0.9996594388585738,0.999990000099999,pixel_29,pixel_36,False,keep,G1,digits,facil
rf_G1_digits,0,0.8333333333333334,0.8306782158619822,0.8365065272197388,0.8333333333333334,0,0.7164446532373556,0.44249979714634496,0.24489135992743774,0.9999684991632213,0.3886041599462191,0.01639344262295082,0.24489135992743774,0.9999740963338846,0.7772083198924382,0.9060975378957016,0.999962901992558,0.0,pixel_46,pixel_36,False,soft_adjust,G1,digits,facil
rf_G1_digits,1,0.8555555555555555,0.8526038792685416,0.8647913856204189,0.8555555555555555,0,0.6750537471388987,0.3912448097001992,0.10458900207486044,0.9584407581936404,0.36637697314374684,0.06896551724137931,0.10458900207486044,0.9653342418737869,0.7327539462874937,0.9296362462297563,0.9515472745134939,0.0,pixel_46,pixel_36,False,soft_adjust,G1,digits,facil
rf_G1_digits,2,0.8694444444444445,0.8687514572283562,0.8742586421114606,0.8694444444444445,0,0.6447314395643844,0.29512810657585653,0.04857313897485605,0.7122785060775693,0.3416217945466914,0.0,0.04857313897485605,0.6,0.6832435890933828,0.8837534952883754,0.8245570121551385,0.0,pixel_61,pixel_36,False,adjust,G1,digits,facil
rf_G1_digits,3,0.875,0.8743491565975957,0.8811962886381492,0.875,0,0.6479019264501935,0.3160737312232764,0.0,0.8751264155877292,0.31611036977633833,0.01639344262295082,0.0,0.8211677368424143,0.6322207395526767,0.9497978626859016,0.9290850943330442,0.0,pixel_61,pixel_36,False,adjust,G1,digits,facil
rf_G1_digits,4,0.8527777777777777,0.8494336940420084,0.8574455734089754,0.8527777777777777,0,0.708654037203744,0.35679686295366947,0.0,0.9228375236100952,0.33538594645979386,0.16981132075471697,0.0,0.9327560686194977,0.6707718929195877,0.9431366657424607,0.9129189786006926,0.0,pixel_61,pixel_36,False,soft_adjust,G1,digits,facil
rf_G1_digits,5,0.8583333333333333,0.856904576182079,0.8681331747792017,0.8583333333333333,0,0.564532992331302,0.31916642365340475,0.0,0.7688496623946292,0.3270261806953121,0.19230769230769232,0.0,0.9315769488952738,0.6540523613906242,0.7933910285741654,0.6061223758939845,0.0,pixel_54,pixel_28,False,adjust,G1,digits,facil
rf_G1_digits,6,0.8611111111111112,0.8584827435725776,0.869724719269267,0.8611111111111112,0,0.5918768267323291,0.2629328013974324,0.018618601074740337,0.61526715443651,0.328434774886276,0.03333333333333333,0.018618601074740337,0.6239434788906025,0.656869549772552,0.8715424877401463,0.6065908299824176,0.0,pixel_61,pixel_28,False,adjust,G1,digits,facil
rf_G1_digits,7,0.8694444444444445,0.8694352788194165,0.8811702796996914,0.8694444444444445,0,0.6929344246039087,0.3379021184648463,0.027807639662227827,0.9070828284264985,0.3426303981985111,0.0,0.027807639662227827,0.9015697454160011,0.6852607963970222,0.9575438336362441,0.9125959114369957,0.0,pixel_61,pixel_36,False,adjust,G1,digits,facil
rf_G1_digits,8,0.85,0.8436892168026674,0.861909830359547,0.85,0,0.7550897195759892,0.3715708252999962,0.22800540755601226,0.7467905280047502,0.36281484129312386,0.05084745762711865,0.22800540755601226,0.6,0.7256296825862477,0.9623244521695214,0.8935810560095003,0.0,pixel_42,pixel_36,False,soft_adjust,G1,digits,facil
rf_G1_digits,9,0.8611111111111112,0.8593934893382845,0.8696698822871812,0.8611111111111112,0,0.6933133182539016,0.3562475425785456,0.01623108946520782,0.8617703217707788,0.3569649381671155,0.19230769230769232,0.01623108946520782,0.8538579070186458,0.713929876334231,0.9249230295870717,0.8696827365229118,0.0,pixel_61,pixel_33,False,soft_adjust,G1,digits,facil
rf_G1_digits,10,0.8527777777777777,0.8502743721466921,0.8666959450057186,0.8527777777777777,0,0.648268390242405,0.35505075957882787,3.720594978509323e-05,0.9232736102926777,0.370211001612936,0.08771929824561403,3.720594978509323e-05,0.9513279332403508,0.740422003225872,0.9474909349664944,0.8952192873450046,0.0,pixel_61,pixel_36,False,soft_adjust,G1,digits,facil
rf_G1_digits,11,0.8166666666666667,0.81357909033846,0.832549582238558,0.8166666666666667,0,0.7249159855506953,0.3319203879885247,0.008592424186706917,0.9040286819445165,0.3190279053410523,0.05084745762711865,0.008592424186706917,0.9027825695970509,0.6380558106821046,0.9510048902004062,0.9052747942919821,0.0,pixel_61,pixel_36,False,adjust,G1,digits,facil
rf_G1_digits,12,0.85,0.8470330697852244,0.8583943607880565,0.85,0,0.6922341664508241,0.3473274787799663,0.03213601383373494,0.9042707709276679,0.372063272993096,0.0,0.03213601383373494,0.88759487445792,0.744126545986192,0.9711207052043146,0.9209466673974159,0.0,pixel_61,pixel_36,False,adjust,G1,digits,facil
rf_G1_digits,13,0.8555555555555555,0.8500240903579628,0.8653004796427688,0.8555555555555555,0,0.7853238078925978,0.33030932697628873,0.11212663360008143,0.7400175260301798,0.33774042600837484,0.06896551724137931,0.11212663360008143,0.6,0.6754808520167497,0.9659906641011765,0.8800350520603595,0.0,pixel_46,pixel_36,False,adjust,G1,digits,facil
rf_G1_digits,14,0.8722222222222222,0.8716116965879377,0.8783194298983773,0.8722222222222222,0,0.7420598778392595,0.2944877936695597,0.02940582160740378,0.7215508868887444,0.35092775155050826,0.0,0.02940582160740378,0.6,0.7018555031010165,0.9115346550796382,0.8431017737774887,0.0,pixel_37,pixel_36,False,adjust,G1,digits,facil
rf_G1_digits,15,0.8277777777777777,0.8239636530671103,0.8383696118478727,0.8277777777777777,0,0.7969803375420021,0.3304950502254455,0.1072053298056886,0.7465169499273975,0.34692365052607266,0.05084745762711865,0.1072053298056886,0.6,0.6938473010521453,0.9725808035554211,0.893033899854795,0.0,pixel_17,pixel_28,False,adjust,G1,digits,facil
rf_G1_digits,16,0.8722222222222222,0.8711555751125011,0.8807416607463684,0.8722222222222222,0,0.7751738902755905,0.3920457634120215,0.3029737077319621,0.7594572514560973,0.35429779409469525,0.03333333333333333,0.3029737077319621,0.6,0.7085955881893905,0.9629143948228899,0.9189145029121947,0.0,pixel_25,pixel_36,False,soft_adjust,G1,digits,facil
rf_G1_digits,17,0.8444444444444444,0.8389502590791221,0.8551000527195267,0.8444444444444444,0,0.7587518626788008,0.3636587165747578,0.14782911698568696,0.7667625939921077,0.38153812748060906,0.08771929824561403,0.14782911698568696,0.6,0.7630762549612181,0.9492294674067191,0.9335251879842155,0.0,pixel_46,pixel_36,False,soft_adjust,G1,digits,facil
rf_G1_digits,18,0.8611111111111112,0.8601585105916968,0.8671371000863876,0.8611111111111112,0,0.8089138640104491,0.3452507636872579,0.08182463371641054,0.7776743447021173,0.36737786275125606,0.10714285714285714,0.08182463371641054,0.6,0.7347557255025121,0.9659444369448048,0.9553486894042345,0.0,pixel_46,pixel_36,False,adjust,G1,digits,facil
rf_G1_digits,19,0.85,0.8463371213329667,0.8630474612707164,0.85,0,0.7289239414484372,0.30827406969838844,0.0,0.7914859424077056,0.33352585503418364,0.06896551724137931,0.0,0.7876569093999475,0.6670517100683673,0.9115891259192094,0.7953149754154637,0.0,pixel_54,pixel_36,False,adjust,G1,digits,facil
torch_G1_digits,0,0.975,0.9750948617750762,0.9758101851851853,0.975,0,0.9999343156814575,0.40504692004664083,0.29203171866071714,0.7999999995905331,0.3832612938578324,0.01639344262295082,0.9999853308297558,0.9999999991810663,0.7665225877156648,0.29203171866071714,0.6,0.0,pixel_36,pixel_20,False,keep,G1,digits,facil
torch_G1_digits,1,0.975,0.9750948617750762,0.9758101851851853,0.975,0,0.9999343156814575,0.3901026878529358,0.2429074512865422,0.7988854265007265,0.3750303194726382,0.03333333333333333,0.9999497618365143,0.997770853001453,0.7500606389452764,0.2429074512865422,0.6,0.0,pixel_36,pixel_20,False,keep,G1,digits,facil
torch_G1_digits,2,0.975,0.9750948617750762,0.9758101851851853,0.975,0,0.9999343156814575,0.42435857074489064,0.33877490581638153,0.7987756410734603,0.3756245371513473,0.06896551724137931,0.9999816708742683,0.9975512821469207,0.7512490743026946,0.33877490581638153,0.6,0.0,pixel_36,pixel_20,False,soft_adjust,G1,digits,facil
torch_G1_digits,3,0.9777777777777777,0.9778366248782355,0.9782109788359789,0.9777777777777777,0,0.9999220371246338,0.39034510736033357,0.2527263564649565,0.7978781991781991,0.36685883542098924,0.03333333333333333,0.9999305718541253,0.9957563983563983,0.7337176708419785,0.2527263564649565,0.6,0.0,pixel_36,pixel_48,False,soft_adjust,G1,digits,facil
torch_G1_digits,4,0.9722222222222222,0.9722036874478811,0.9724884127685851,0.9722222222222222,0,0.9999321699142456,0.39749786073411186,0.26580630607899314,0.7987095128180403,0.3853985810415374,0.01639344262295082,0.9999600702758171,0.9974190256360805,0.7707971620830748,0.26580630607899314,0.6,0.0,pixel_36,pixel_48,False,soft_adjust,G1,digits,facil
torch_G1_digits,5,0.9722222222222222,0.9722432810591014,0.972579398454083,0.9722222222222222,0,0.9999526739120483,0.39709108430549017,0.29416904723340737,0.7976559438747055,0.3565578925778298,0.01639344262295082,0.999910975614649,0.995311887749411,0.7131157851556597,0.29416904723340737,0.6,0.0,pixel_36,pixel_48,False,soft_adjust,G1,digits,facil
torch_G1_digits,6,0.9805555555555555,0.9805324305225778,0.9807529956427017,0.9805555555555555,0,0.9999639987945557,0.41521053857248064,0.32824069914886306,0.7990570647344337,0.3732468754807109,0.03333333333333333,0.9999733446807586,0.9981141294688676,0.7464937509614218,0.32824069914886306,0.6,0.0,pixel_36,pixel_48,False,soft_adjust,G1,digits,facil
torch_G1_digits,7,0.9777777777777777,0.9777497430146714,0.9782057267351385,0.9777777777777777,0,0.9999576807022095,0.3779165688024807,0.22058471892053225,0.796379190528475,0.3672911303358656,0.01639344262295082,0.9999142142969242,0.9927583810569499,0.7345822606717312,0.22058471892053225,0.6,0.0,pixel_36,pixel_48,False,soft_adjust,G1,digits,facil
torch_G1_digits,8,0.9722222222222222,0.9722036874478811,0.9724884127685851,0.9722222222222222,0,0.9999605417251587,0.40869105383930504,0.2962049116069329,0.7974402812318397,0.36708227487686107,0.06896551724137931,0.9999974505593442,0.9948805624636796,0.7341645497537221,0.2962049116069329,0.6,0.0,pixel_36,pixel_48,False,soft_adjust,G1,digits,facil
torch_G1_digits,9,0.9722222222222222,0.9722579393584662,0.9725396825396825,0.9722222222222222,0,0.9999690055847168,0.3854583039016967,0.2541079793543896,0.7978407141348135,0.3576890505607794,0.01639344262295082,0.999931889140271,0.995681428269627,0.7153781011215588,0.2541079793543896,0.6,0.0,pixel_36,pixel_48,False,soft_adjust,G1,digits,facil
torch_G1_digits,10,0.975,0.97506361697582,0.9754529616724739,0.975,0,0.999964714050293,0.3819476523923384,0.22087755252523508,0.7980942449888362,0.37053608462519616,0.03333333333333333,0.9998782279871871,0.9961884899776723,0.7410721692503923,0.22087755252523508,0.6,0.0,pixel_36,pixel_48,False,soft_adjust,G1,digits,facil
torch_G1_digits,11,0.9722222222222222,0.9722036874478811,0.9724884127685851,0.9722222222222222,0,0.9999710321426392,0.396095175012225,0.24358973371509363,0.7970361142079185,0.37804799586503457,0.06896551724137931,0.9998355041438934,0.9940722284158371,0.7560959917300691,0.24358973371509363,0.6,0.0,pixel_36,pixel_48,False,soft_adjust,G1,digits,facil
torch_G1_digits,12,0.9722222222222222,0.9722036874478811,0.9724884127685851,0.9722222222222222,0,0.9999690055847168,0.37028696681255613,0.19929935034294594,0.7976751697270041,0.3620645096149289,0.01639344262295082,0.9999631795704906,0.9953503394540083,0.7241290192298578,0.19929935034294594,0.6,0.0,pixel_36,pixel_48,False,soft_adjust,G1,digits,facil
torch_G1_digits,13,0.975,0.9750122052134813,0.9755820105820104,0.975,0,0.999970555305481,0.3974817440695021,0.2739403415521953,0.7981572315992962,0.3692011123467315,0.03333333333333333,0.9999914906732861,0.9963144631985923,0.738402224693463,0.2739403415521953,0.6,0.0,pixel_36,pixel_48,False,soft_adjust,G1,digits,facil
torch_G1_digits,14,0.9777777777777777,0.977751015957974,0.977961131770716,0.9777777777777777,0,0.9999822378158569,0.3901681898904262,0.22984790152102177,0.7973591027388854,0.3717640538773047,0.06896551724137931,0.9999881827116941,0.9947182054777709,0.7435281077546094,0.22984790152102177,0.6,0.0,pixel_36,pixel_48,False,soft_adjust,G1,digits,facil
torch_G1_digits,15,0.975,0.9750134781567839,0.975337415617588,0.975,0,0.9999860525131226,0.3961734722526972,0.2432095386726736,0.7974119162347469,0.37837601335333837,0.06896551724137931,0.9999926559313898,0.9948238324694939,0.7567520267066767,0.2432095386726736,0.6,0.0,pixel_36,pixel_48,False,soft_adjust,G1,digits,facil
torch_G1_digits,16,0.9722222222222222,0.9722036874478811,0.9724884127685851,0.9722222222222222,0,0.9999825954437256,0.39338665163363584,0.27201574943160733,0.796909787813682,0.36698487819096826,0.01639344262295082,0.9999952825382322,0.9938195756273641,0.7339697563819365,0.27201574943160733,0.6,0.0,pixel_36,pixel_48,False,soft_adjust,G1,digits,facil
torch_G1_digits,17,0.9722222222222222,0.9722036874478811,0.9724884127685851,0.9722222222222222,0,0.9999794960021973,0.3935060894151356,0.25715618673030854,0.7969313541006497,0.3822245949247933,0.01639344262295082,0.9999852094400294,0.9938627082012996,0.7644491898495867,0.25715618673030854,0.6,0.0,pixel_36,pixel_48,False,soft_adjust,G1,digits,facil
torch_G1_digits,18,0.9722222222222222,0.9721723304382043,0.9722898354744196,0.9722222222222222,0,0.999988317489624,0.3830723025264877,0.2126918899251556,0.7961773843027691,0.3840679649108292,0.03333333333333333,0.9999795461044972,0.9923547686055381,0.7681359298216583,0.2126918899251556,0.6,0.0,pixel_36,pixel_48,False,soft_adjust,G1,digits,facil
torch_G1_digits,19,0.9805555555555555,0.9805207765404713,0.9809024456666136,0.9805555555555555,0,0.9999901056289673,0.40152325747613804,0.2856740788261099,0.7928348645910102,0.37537439226850844,0.03333333333333333,0.9999805295419154,0.9856697291820202,0.7507487845370169,0.2856740788261099,0.6,0.0,pixel_36,pixel_48,False,soft_adjust,G1,digits,facil
gb_G1_covertype,0,0.712,0.7064547839115479,0.711136125602566,0.712,1,0.8356760971522537,0.5552808254804672,0.06095851188463735,0.9999973514568588,0.8269050675258596,0.06896551724137931,0.06095851188463735,0.9999962681632109,0.6538111350507191,0.5685395801821014,0.9999984347505066,0.999999000001,f0,f9,False,soft_adjust,G1,covertype,facil
gb_G1_covertype,1,0.718,0.7120632737268774,0.7166669056169056,0.718,1,0.8389057395771746,0.580683021429887,0.04134624565128225,0.9922048931605475,0.894926414814552,0.24,0.04134624565128225,0.9979738733663475,0.7898538296281041,0.6421546838452883,0.9864359129547475,0.999999000001,f0,f9,False,soft_adjust,G1,covertype,facil
gb_G1_covertype,2,0.716,0.7108546393915458,0.7170294971955128,0.716,1,0.8336929793774353,0.552544641950426,0.04905724997510609,0.9959531912639998,0.8235115161872661,0.10714285714285714,0.04905724997510609,0.999003393152444,0.6470240323735325,0.5853328103336656,0.9929029893755555,0.999999000001,f0,f9,False,soft_adjust,G1,covertype,facil
gb_G1_covertype,3,0.715,0.70972433426977,0.7156756199616122,0.715,1,0.8434518650856142,0.5336530158815994,0.07926508960345208,0.8022044860838548,0.7560745582653338,0.55,0.07926508960345208,0.8193413344300691,0.6030590338852881,0.443961103433544,0.7850676377376404,0.9090900826453794,f1,f1,True,soft_adjust,G1,covertype,facil
gb_G1_covertype,4,0.707,0.7016034426016107,0.7072207151671792,0.707,1,0.8465601488664721,0.5730891516508771,0.07741445547417011,0.9008866163525009,0.8071438697350029,0.55,0.07741445547417011,0.9367642962890028,0.6142887394690058,0.5642091465768934,0.865008936415999,0.999999000001,f1,f1,True,keep,G1,covertype,facil
gb_G1_covertype,5,0.707,0.7016034426016107,0.7072207151671792,0.707,1,0.8465601488664721,0.581422370762477,0.0711298596584852,0.9417610077777223,0.8071438697350029,0.55,0.0711298596584852,0.9695923718631186,0.6142887394690058,0.5831805951689568,0.913929643692326,0.999999000001,f1,f1,True,soft_adjust,G1,covertype,facil
gb_G1_covertype,6,0.711,0.7048679562663667,0.7148926588391823,0.711,1,0.8402044493414682,0.5646758335137937,0.09585889360216529,0.9590809972353551,0.8146597204143513,0.24,0.09585889360216529,0.982630366449079,0.7202293581833232,0.459727792772958,0.9355316280216311,0.9090900826453794,f6,f1,False,soft_adjust,G1,covertype,facil
gb_G1_covertype,7,0.71,0.703748065634812,0.7146502203567665,0.71,1,0.8404745617198585,0.5773753188450464,0.07873934306774391,0.9723279060637439,0.8567452674170464,0.2653061224489796,0.07873934306774391,0.9888137946908533,0.7134915348330927,0.5674747094578441,0.9558420174366344,0.999999000001,f6,f1,False,soft_adjust,G1,covertype,facil
gb_G1_covertype,8,0.717,0.7118094387608359,0.7180065376490655,0.717,1,0.8373146979872771,0.48611932852035733,0.05443425980554124,0.7142975416253867,0.8211785135374573,0.14814814814814814,0.05443425980554124,0.6,0.6423580270739147,0.6402919245906729,0.8285950832507735,0.999999000001,f0,f9,False,soft_adjust,G1,covertype,facil
gb_G1_covertype,9,0.722,0.7158230796881938,0.7228000061402895,0.722,1,0.8592045926562701,0.4981382037147288,0.07021115103171419,0.7136905930070633,0.8290857985507114,0.21568627450980393,0.07021115103171419,0.6,0.6581725971004228,0.6647321279993768,0.8273811860141266,0.999999000001,f0,f9,False,soft_adjust,G1,covertype,facil
gb_G1_covertype,10,0.72,0.7130209021767638,0.7198173309178743,0.72,1,0.870268850087382,0.5213928587794185,0.08379374956098849,0.7256006249133947,0.8830936903151267,0.21568627450980393,0.08379374956098849,0.6,0.7661883806292535,0.651341374999344,0.8512012498267895,0.999999000001,f0,f9,False,soft_adjust,G1,covertype,facil
gb_G1_covertype,11,0.711,0.7044584418400215,0.7099973735535269,0.711,1,0.8303769324317011,0.5096625670005108,0.05751124031453586,0.7585460905410656,0.8238255742362789,0.2916666666666667,0.05751124031453586,0.6225922697931708,0.6476521484715578,0.6432271245402728,0.8944999112889603,0.999999000001,f0,f9,False,soft_adjust,G1,covertype,facil
gb_G1_covertype,12,0.706,0.6987591118138332,0.7029706518013026,0.706,1,0.8209302769120906,0.46869528128551874,0.07560577801921375,0.7617510412861255,0.6854977232332932,0.21568627450980393,0.07560577801921375,0.6516869004569887,0.3709964464655864,0.6827794509649819,0.8718151821152623,0.999999000001,f0,f9,False,soft_adjust,G1,covertype,facil
gb_G1_covertype,13,0.707,0.6996225127800426,0.7038194280414695,0.707,1,0.8171796456513463,0.44813456672322094,0.08342605504070157,0.7892643391268377,0.6326355514310036,0.24,0.08342605504070157,0.693076344959416,0.2652721028610073,0.6694697091475813,0.8854523332942593,0.999999000001,f0,f9,False,soft_adjust,G1,covertype,facil
gb_G1_covertype,14,0.707,0.6996225127800426,0.7038194280414695,0.707,1,0.8164571602335144,0.4857359980530245,0.07255722971752984,0.8030977997988749,0.6727691427480349,0.4090909090909091,0.07255722971752984,0.7170005897755918,0.34553928549506974,0.6741536600964161,0.889195009822158,0.999999000001,f0,f9,False,soft_adjust,G1,covertype,facil
gb_G1_covertype,15,0.709,0.7019025705554188,0.7056147931538758,0.709,1,0.8244865053589904,0.4972543834769818,0.0766407416090519,0.8238163595239212,0.6949037153051559,0.34782608695652173,0.0766407416090519,0.7205857400863407,0.3898084306093119,0.6747518870663552,0.9270469789615016,0.999999000001,f0,f9,False,soft_adjust,G1,covertype,facil
gb_G1_covertype,16,0.71,0.7027769270985809,0.7063164020025433,0.71,1,0.8223840002554845,0.48881094572139844,0.04617188462190308,0.8441647361626389,0.6751818664351049,0.4090909090909091,0.04617188462190308,0.7527960384721275,0.3503647328692099,0.6833138945583502,0.9355334338531502,0.999999000001,f0,f9,False,soft_adjust,G1,covertype,facil
gb_G1_covertype,17,0.71,0.7026091635982601,0.7066255020841228,0.71,1,0.8159843458887841,0.5562306015625227,0.05607749714121109,0.807885092091472,0.7390726456100191,0.7714285714285715,0.05607749714121109,0.7526260487382741,0.4781462912190381,0.8630179856296166,0.8631441354446697,0.999999000001,f0,f0,True,soft_adjust,G1,covertype,facil
gb_G1_covertype,18,0.706,0.6986374146750026,0.7030735416403121,0.706,1,0.8188427971086869,0.5683957455738793,0.036646052837334006,0.8202876856438968,0.7887190753247308,0.7714285714285715,0.036646052837334006,0.7546448916674438,0.5774391506484616,0.8392416401493935,0.8859304796203497,0.999999000001,f0,f0,True,soft_adjust,G1,covertype,facil
gb_G1_covertype,19,0.708,0.7009338817100177,0.7046755142164943,0.708,1,0.825021516986687,0.5746067600575048,0.07549149714165426,0.8322168878569527,0.7852391853914567,0.7222222222222222,0.07549149714165426,0.7648773047095891,0.5704793707819132,0.8550112704497731,0.8995564710043161,0.999999000001,f0,f0,True,soft_adjust,G1,covertype,facil
rf_G1_covertype,0,0.626,0.5802102609783654,0.5902902778168124,0.626,1,0.7206611473051439,0.35208937275292823,0.0,0.9998854096090466,0.30591064254819883,0.06896551724137931,0.0,0.9997787982542565,0.6118212850963977,0.6901342787138869,0.9999920209638367,0.0,f2,f0,False,adjust,G1,covertype,facil
rf_G1_covertype,1,0.595,0.5308109086462027,0.5688776875298616,0.595,1,0.6899082655942151,0.3518829355782449,0.0,0.9332932290944815,0.2990449148615689,0.19230769230769232,0.0,0.9471333395465897,0.5980898297231378,0.8126997602706607,0.9194531186423732,0.0,f2,f0,False,adjust,G1,covertype,facil
rf_G1_covertype,2,0.648,0.6002363750698688,0.586582960880688,0.648,1,0.7035500751299473,0.3590076049377232,0.0,0.7802857629123703,0.41380081947427905,0.2653061224489796,0.0,0.6,0.8276016389485581,0.9174665920524199,0.9605715258247406,0.0,f4,f0,False,adjust,G1,covertype,facil
rf_G1_covertype,3,0.66,0.6236380895481368,0.6030630102416165,0.66,1,0.6573441822467301,0.3280894016193066,0.0,0.9073714797045361,0.29362878985443497,0.08771929824561403,0.0,0.8596703676886708,0.5872575797088699,0.862316800974937,0.9550725917204015,0.0,f2,f0,False,adjust,G1,covertype,facil
rf_G1_covertype,4,0.655,0.6210239055508904,0.5978118975014756,0.655,1,0.6592627665377384,0.30185983580969844,0.0,0.7888650685697596,0.22881189555752862,0.24,0.0,0.6,0.45762379111505724,0.8865609917170153,0.9777301371395191,0.0,f8,f0,False,adjust,G1,covertype,facil
rf_G1_covertype,5,0.621,0.5696970578662742,0.5809049532326035,0.621,1,0.7730791350501263,0.3256903008159021,0.001122992038382776,0.825407158845153,0.39667204497699676,0.0,0.001122992038382776,0.8627980720349812,0.7933440899539935,0.7525512774290516,0.7880162456553248,0.0,f6,f0,False,adjust,G1,covertype,facil
rf_G1_covertype,6,0.652,0.6169946817635957,0.5953155980546003,0.652,1,0.7454394801114018,0.36547179830548404,0.0,0.9207698912199431,0.4342644183349941,0.03333333333333333,0.0,0.9180095339566329,0.8685288366699881,0.8205502652999727,0.9235302484832534,0.0,f7,f0,False,adjust,G1,covertype,facil
rf_G1_covertype,7,0.559,0.46669663657195115,0.5752143370434655,0.559,1,0.6061000461512813,0.2633579464404359,0.0,0.6,0.34337706284743,0.06896551724137931,0.0,0.6,0.68675412569486,0.5358480301533449,0.6,0.0,f9,f10,False,adjust,G1,covertype,facil
rf_G1_covertype,8,0.607,0.5433423506920463,0.6010539350577875,0.607,1,0.7036362355428011,0.27867683651984726,0.0,0.6,0.354848714325417,0.14814814814814814,0.0,0.6,0.709697428650834,0.4704205863928466,0.6,0.0,f5,f26,False,adjust,G1,covertype,facil
rf_G1_covertype,9,0.644,0.6015017123206982,0.5894703065435046,0.644,1,0.7192361178032161,0.3836219873033295,0.0,0.7552984783379562,0.33353508537859106,0.631578947368421,0.0,0.6,0.6670701707571821,0.8848375793334664,0.9105969566759125,0.0,f0,f0,True,adjust,G1,covertype,facil
rf_G1_covertype,10,0.657,0.6225595823824291,0.600327226766998,0.657,1,0.6121274199727269,0.3152907780153593,0.026913037162489932,0.7766808506029815,0.37682218071955653,0.0,0.026913037162489932,0.6,0.7536443614391131,0.8854463882361745,0.9533617012059631,0.0,f7,f0,False,adjust,G1,covertype,facil
rf_G1_covertype,11,0.666,0.6337910518014874,0.6078811868701077,0.666,1,0.6192966535123208,0.533499742707581,0.06710890072993517,0.7867280986880688,0.7995192650796682,0.5121951219512195,0.06710890072993517,0.6,0.5990395301583364,0.8885809556774132,0.9734561973761376,0.999999000001,f0,f0,True,adjust,G1,covertype,facil
rf_G1_covertype,12,0.676,0.644596252630626,0.6183621182210668,0.676,1,0.6555389941540731,0.3925622046797599,0.051437397831854983,0.7918141775823688,0.4233450929704432,0.34782608695652173,0.051437397831854983,0.6,0.8466901859408864,0.8886944231968866,0.9836283551647377,0.0,f0,f0,True,adjust,G1,covertype,facil
rf_G1_covertype,13,0.654,0.620076487891062,0.5964535806570691,0.654,1,0.6821466498101026,0.3045073600170225,0.0,0.786524164637797,0.27468206914788573,0.16981132075471697,0.0,0.6,0.5493641382957715,0.905798607434937,0.9730483292755939,0.0,f8,f0,False,adjust,G1,covertype,facil
rf_G1_covertype,14,0.659,0.6250453312826421,0.6039070800734087,0.659,1,0.6194787708541973,0.5059870304148524,0.0,0.7924289478125753,0.886980263919981,0.10714285714285714,0.0,0.6,0.7739705277399629,0.9270725588121234,0.9848578956251507,0.999990000099999,f4,f0,False,adjust,G1,covertype,facil
rf_G1_covertype,15,0.608,0.5507781565382363,0.5813560649338285,0.608,1,0.6937049045516344,0.30637702787963345,0.006256621284838012,0.776065783640254,0.36008193063558636,0.01639344262295082,0.006256621284838012,0.6,0.7201638612711727,0.8469305413991972,0.952131567280508,0.0,f1,f0,False,adjust,G1,covertype,facil
rf_G1_covertype,16,0.646,0.6108580028780218,0.5917082630260265,0.646,1,0.6461136632144734,0.30334428414210274,0.0,0.783423631960928,0.2504514499180005,0.21568627450980393,0.0,0.6,0.500902899836001,0.9174645338293973,0.9668472639218562,0.0,f9,f0,False,adjust,G1,covertype,facil
rf_G1_covertype,17,0.647,0.6069774043801441,0.5885437199800387,0.647,1,0.6799140645274695,0.30588274510710073,0.0,0.7906771402668034,0.2866374593939257,0.14814814814814814,0.0,0.6,0.5732749187878514,0.9145441497456176,0.9813542805336067,0.0,f8,f0,False,adjust,G1,covertype,facil
rf_G1_covertype,18,0.645,0.5978860440829464,0.5902411213156584,0.645,1,0.7026274924950195,0.31621948542580103,0.0,0.7082101721024232,0.37898414762329224,0.16981132075471697,0.0,0.8164203442048465,0.7579682952465845,0.4913446804770682,0.6,0.0,f5,f9,False,adjust,G1,covertype,facil
rf_G1_covertype,19,0.614,0.5644604272242645,0.5720526359184076,0.614,1,0.742930702365498,0.31912017214077826,0.03184970368540871,0.7628308254364691,0.39619184892012793,0.0,0.03184970368540871,0.8480257600527784,0.7923836978402559,0.7315482548003287,0.6776358908201596,0.0,f5,f0,False,adjust,G1,covertype,facil
torch_G1_covertype,0,0.715,0.7089909722602417,0.7076494130347676,0.715,1,0.757337212562561,0.8240939431490502,0.9737350859361821,0.999999919703618,0.8274114581409706,0.0,0.9998304462873422,0.9999999987590843,0.6548239162809412,0.9737350859361821,0.9999998406481518,0.999999000001,f25,f0,False,keep,G1,covertype,facil
torch_G1_covertype,1,0.715,0.7089909722602417,0.7076494130347676,0.715,1,0.757337212562561,0.8227893106394073,0.9664583920213143,0.9987633398238349,0.8313698602568471,0.0,0.9998311894625513,0.997526838999518,0.6627407205126943,0.9664583920213143,0.9999998406481518,0.999999000001,f25,f0,False,keep,G1,covertype,facil
torch_G1_covertype,2,0.715,0.7089909722602417,0.7076494130347676,0.715,1,0.757337212562561,0.8222982502286438,0.9737243792724417,0.9992438337392074,0.8220665933736981,0.0,0.9998063896645851,0.998487826830263,0.6441341867463963,0.9737243792724417,0.9999998406481518,0.999999000001,f25,f0,False,keep,G1,covertype,facil
torch_G1_covertype,3,0.715,0.7089909722602417,0.7076494130347676,0.715,1,0.757337212562561,0.8211924197194973,0.9572844219455078,0.998640574692142,0.8353231648760319,0.0,0.9980435754207042,0.9972813087361321,0.6706473297510638,0.9572844219455078,0.9999998406481518,0.999999000001,f25,f0,False,keep,G1,covertype,facil
torch_G1_covertype,4,0.715,0.7089909722602417,0.7076494130347676,0.715,1,0.757337212562561,0.8125257354326283,0.958828767056312,0.998701386670078,0.8048391954940506,0.0,0.998491191571803,0.9974029326920041,0.6096793909871011,0.958828767056312,0.9999998406481518,0.999999000001,f25,f0,False,soft_adjust,G1,covertype,facil
torch_G1_covertype,5,0.725,0.7198543700872568,0.7228578027787125,0.725,1,0.8242195248603821,0.8224848842472696,0.9501086909537514,0.9973723631444662,0.8478639539167594,0.0,0.9982660968105884,0.9958608393973675,0.695728907832519,0.9501086909537514,0.9988838868915648,0.999999000001,f25,f0,False,keep,G1,covertype,facil
torch_G1_covertype,6,0.725,0.7198543700872568,0.7228578027787125,0.725,1,0.8242195248603821,0.8224301477713014,0.9579324609641443,0.9981603534554848,0.839201070393956,0.0,0.998239234316019,0.9973647056844884,0.678403140786912,0.9579324609641443,0.9989560012264811,0.999999000001,f25,f0,False,keep,G1,covertype,facil
torch_G1_covertype,7,0.725,0.7198543700872568,0.7228578027787125,0.725,1,0.8242195248603821,0.8172959090528684,0.9343274259783668,0.9975257446696744,0.8462208169731325,0.0,0.998179017082646,0.9958557755283287,0.692442633945265,0.9343274259783668,0.9991957138110199,0.999999000001,f25,f0,False,keep,G1,covertype,facil
torch_G1_covertype,8,0.725,0.7198543700872568,0.7228578027787125,0.725,1,0.8242195248603821,0.8304783776242006,0.9593927127018936,0.9980468934210132,0.864662801527931,0.0,0.9998044323480971,0.9967323447055704,0.7293266030548619,0.9593927127018936,0.999361442136456,0.999999000001,f25,f0,False,keep,G1,covertype,facil
torch_G1_covertype,9,0.725,0.7198543700872568,0.7228578027787125,0.725,1,0.8242195248603821,0.8244168755693835,0.9626591093814405,0.9983306946076819,0.8409548970101026,0.0,0.9997917378213493,0.9971806231796501,0.6819107940192053,0.9626591093814405,0.9994807660357137,0.999999000001,f25,f0,False,keep,G1,covertype,facil
torch_G1_covertype,10,0.725,0.7198543700872568,0.7228578027787125,0.725,1,0.8242195248603821,0.8199517288243359,0.9783329283429356,0.9988894178457689,0.8099316528667095,0.0,0.99980785695877,0.9982093171038423,0.619864305732419,0.9783329283429356,0.9995695185876955,0.999999000001,f25,f0,False,keep,G1,covertype,facil
torch_G1_covertype,11,0.725,0.7198543700872568,0.7228578027787125,0.725,1,0.8242195248603821,0.829887717683656,0.9779112508059727,0.9983497531516019,0.8398246531908081,0.01639344262295082,0.9997517452662538,0.9970621913158183,0.6796503063806163,0.9779112508059727,0.9996373149873856,0.999999000001,f25,f0,False,keep,G1,covertype,facil
torch_G1_covertype,12,0.725,0.7198543700872568,0.7228578027787125,0.725,1,0.8242195248603821,0.8321549557436709,0.9834523116169178,0.9982350658232584,0.84603498600927,0.0,0.9997535655435689,0.9967798638102545,0.6920709720175399,0.9834523116169178,0.9996902678362621,0.999999000001,f25,f0,False,keep,G1,covertype,facil
torch_G1_covertype,13,0.725,0.7198543700872568,0.7228578027787125,0.725,1,0.8242195248603821,0.836382021136503,0.9833200812272823,0.9986727465607894,0.85989270042707,0.0,0.9997442443235807,0.9976130795658693,0.71978640085314,0.9833200812272823,0.9997324135557094,0.999999000001,f25,f0,False,keep,G1,covertype,facil
torch_G1_covertype,14,0.725,0.7198543700872568,0.7228578027787125,0.725,1,0.8242195248603821,0.8294746529935854,0.9814811459301028,0.9976148066450345,0.8354903311885818,0.01639344262295082,0.9997922787457472,0.9954631088545509,0.6709816623761637,0.9814811459301028,0.9997665044355181,0.999999000001,f25,f0,False,keep,G1,covertype,facil
torch_G1_covertype,15,0.725,0.7198543700872568,0.7228578027787125,0.725,1,0.8242195248603821,0.820479157768345,0.9765791779214038,0.9981154271298391,0.8140884920315472,0.0,0.9997667148723955,0.9964363848966122,0.6281779840620946,0.9765791779214038,0.999794469363066,0.999999000001,f25,f0,False,keep,G1,covertype,facil
torch_G1_covertype,16,0.725,0.7198543700872568,0.7228578027787125,0.725,1,0.8242195248603821,0.8297308637802959,0.9745186888169397,0.998861122611732,0.842268227618532,0.01639344262295082,0.9998070086426905,0.9979045525807412,0.6845374552360641,0.9745186888169397,0.9998176926427228,0.999999000001,f25,f0,False,keep,G1,covertype,facil
torch_G1_covertype,17,0.725,0.7198543700872568,0.7228578027787125,0.725,1,0.8242195248603821,0.8233117225685631,0.9774085981967321,0.9977269579347366,0.8230246787528648,0.0,0.9998029700767571,0.9956167272866354,0.6460503575047297,0.9774085981967321,0.9998371885828379,0.999999000001,f25,f0,False,keep,G1,covertype,facil
torch_G1_covertype,18,0.725,0.7198543700872568,0.7228578027787125,0.725,1,0.8242195248603821,0.8271371880708682,0.9791672164696088,0.9987018710891625,0.8291068238699122,0.01639344262295082,0.9997946324783397,0.9975500280652035,0.6582146477388245,0.9791672164696088,0.9998537141131215,0.999999000001,f25,f0,False,keep,G1,covertype,facil
torch_G1_covertype,19,0.725,0.7198543700872568,0.7228578027787125,0.725,1,0.8242195248603821,0.8284558032806368,0.9740869186070599,0.9988900415256505,0.8384256970679497,0.01639344262295082,0.9997980588012404,0.9979122396997055,0.6768523941348994,0.9740869186070599,0.9998678433515954,0.999999000001,f25,f0,False,keep,G1,covertype,facil
lr_G2_wine,0,1.0,1.0,1.0,1.0,0,0.6277756775498645,0.7479034980809101,0.9561628550347318,0.9999992060617622,0.5835161335168335,0.24,0.9815026359731105,0.9999989689803042,0.46703296703296704,0.9561628550347318,0.9999994431432201,0.6999993000007,alcalinity_of_ash,alcohol,False,soft_adjust,G2,wine,facil
lr_G2_wine,1,0.9722222222222222,0.9721867461331064,0.974074074074074,0.9722222222222222,0,0.9095804902587761,0.6609708678796028,0.86487037715053,0.9725225354212919,0.28983516483516486,0.47619047619047616,0.9856209968745389,0.9823882087934314,0.5796703296703297,0.86487037715053,0.9626568620491524,0.0,alcalinity_of_ash,alcalinity_of_ash,True,soft_adjust,G2,wine,facil
lr_G2_wine,2,0.9722222222222222,0.9721867461331064,0.974074074074074,0.9722222222222222,0,0.9091169067568645,0.6684033730261743,0.8682331894058682,0.9865045037348359,0.2815934065934066,0.5121951219512195,0.9868600131412179,0.9924906956561264,0.5631868131868132,0.8682331894058682,0.9805183118135453,0.0,alcalinity_of_ash,alcalinity_of_ash,True,soft_adjust,G2,wine,facil
lr_G2_wine,3,0.9722222222222222,0.9721867461331064,0.974074074074074,0.9722222222222222,0,0.9094536035476378,0.663623286439237,0.8660211436822751,0.9916413997118443,0.2815934065934066,0.47619047619047616,0.9869574841305204,0.9958202671036689,0.5631868131868132,0.8660211436822751,0.9874625323200196,0.0,alcalinity_of_ash,alcalinity_of_ash,True,soft_adjust,G2,wine,facil
lr_G2_wine,4,0.9722222222222222,0.9721867461331064,0.974074074074074,0.9722222222222222,0,0.9095658555178638,0.66435048726448,0.8661835671788716,0.9943552948169005,0.2815934065934066,0.47619047619047616,0.9867166503966548,0.9972965479831273,0.5631868131868132,0.8661835671788716,0.9914140416506738,0.0,alcalinity_of_ash,alcalinity_of_ash,True,soft_adjust,G2,wine,facil
lr_G2_wine,5,0.9722222222222222,0.9721867461331064,0.974074074074074,0.9722222222222222,0,0.9091640942736561,0.6650907091772126,0.867233658745744,0.9960560725875838,0.2815934065934066,0.47619047619047616,0.9864743160173075,0.9981645332160407,0.5631868131868132,0.867233658745744,0.9939476119591268,0.0,alcalinity_of_ash,alcalinity_of_ash,True,soft_adjust,G2,wine,facil
lr_G2_wine,6,0.9722222222222222,0.9721867461331064,0.974074074074074,0.9722222222222222,0,0.9096311303474864,0.6675973418186727,0.8666115886485279,0.9969389773799736,0.28983516483516486,0.47619047619047616,0.9499898700884412,0.9986521738735112,0.5796703296703297,0.8666115886485279,0.995225780886436,0.0,alcalinity_of_ash,alcalinity_of_ash,True,soft_adjust,G2,wine,facil
lr_G2_wine,7,0.9722222222222222,0.9721867461331064,0.974074074074074,0.9722222222222222,0,0.9172751100643652,0.676252802190987,0.8469655353691982,0.994366852035196,0.30357142857142855,0.55,0.9643834753269412,0.9950568000035224,0.6071428571428571,0.8469655353691982,0.9936769040668698,0.0,alcalinity_of_ash,alcalinity_of_ash,True,soft_adjust,G2,wine,facil
lr_G2_wine,8,0.9722222222222222,0.9721867461331064,0.974074074074074,0.9722222222222222,0,0.9094781829017123,0.6724024335006962,0.8609535620548029,0.996401133619037,0.29395604395604397,0.5121951219512195,0.9594845954907268,0.9966537107799872,0.5879120879120879,0.8609535620548029,0.996148556458087,0.0,alcalinity_of_ash,alcalinity_of_ash,True,soft_adjust,G2,wine,facil
lr_G2_wine,9,0.9722222222222222,0.9721867461331064,0.974074074074074,0.9722222222222222,0,0.9168740811204732,0.6791769030127601,0.8468981389454207,0.9962540211407116,0.3118131868131868,0.55,0.9643780390353026,0.9968336098988557,0.6236263736263736,0.8468981389454207,0.9956744323825675,0.0,alcalinity_of_ash,alcalinity_of_ash,True,soft_adjust,G2,wine,facil
lr_G2_wine,10,0.9722222222222222,0.9721867461331064,0.974074074074074,0.9722222222222222,0,0.9088839114940072,0.6729703985989243,0.8617456318653618,0.9977225102392785,0.29395604395604397,0.5121951219512195,0.9586899025001606,0.9979238535225154,0.5879120879120879,0.8617456318653618,0.9975211669560415,0.0,alcalinity_of_ash,alcalinity_of_ash,True,soft_adjust,G2,wine,facil
lr_G2_wine,11,0.9722222222222222,0.9721867461331064,0.974074074074074,0.9722222222222222,0,0.9164983041741803,0.6771797395467009,0.8475459500326221,0.9973781038619423,0.30357142857142855,0.55,0.9641777884953,0.9978166995870996,0.6071428571428571,0.8475459500326221,0.996939508136785,0.0,alcalinity_of_ash,alcalinity_of_ash,True,soft_adjust,G2,wine,facil
lr_G2_wine,12,0.9722222222222222,0.9721867461331064,0.974074074074074,0.9722222222222222,0,0.9084286243222465,0.6736556320934597,0.8634055106317533,0.9984715896977503,0.29395604395604397,0.5121951219512195,0.9570635021198574,0.9985500146210221,0.5879120879120879,0.8634055106317533,0.9983931647744784,0.0,alcalinity_of_ash,alcalinity_of_ash,True,soft_adjust,G2,wine,facil
lr_G2_wine,13,0.9722222222222222,0.9721867461331064,0.974074074074074,0.9722222222222222,0,0.9164395919664068,0.6774184004563009,0.8478366440331303,0.9979839146997327,0.30357142857142855,0.55,0.9639104411929812,0.9983137560081347,0.6071428571428571,0.8478366440331303,0.9976540733913306,0.0,alcalinity_of_ash,alcalinity_of_ash,True,soft_adjust,G2,wine,facil
lr_G2_wine,14,0.9722222222222222,0.9721867461331064,0.974074074074074,0.9722222222222222,0,0.9087787335768535,0.6734852503750985,0.8625106740508038,0.9988638667214456,0.29395604395604397,0.5121951219512195,0.959127137608022,0.9989866344101218,0.5879120879120879,0.8625106740508038,0.9987410990327694,0.0,alcalinity_of_ash,alcalinity_of_ash,True,soft_adjust,G2,wine,facil
lr_G2_wine,15,0.9722222222222222,0.9721867461331064,0.974074074074074,0.9722222222222222,0,0.908691856910055,0.6736553075798535,0.8629775560252295,0.9989838371711541,0.29395604395604397,0.5121951219512195,0.9572597426873355,0.9990548031722449,0.5879120879120879,0.8629775560252295,0.9989128711700634,0.0,alcalinity_of_ash,alcalinity_of_ash,True,soft_adjust,G2,wine,facil
lr_G2_wine,16,0.9722222222222222,0.9721867461331064,0.974074074074074,0.9722222222222222,0,0.9086634623897545,0.6734785865879904,0.8623079423398617,0.9990804896261434,0.29395604395604397,0.5121951219512195,0.9589489087954538,0.9991580717848711,0.5879120879120879,0.8623079423398617,0.9990029074674156,0.0,alcalinity_of_ash,alcalinity_of_ash,True,soft_adjust,G2,wine,facil
lr_G2_wine,17,0.9722222222222222,0.9721867461331064,0.974074074074074,0.9722222222222222,0,0.9168753524779091,0.6798203514292843,0.8470532190955097,0.9986417186267016,0.3118131868131868,0.55,0.963668460233031,0.9989182423612432,0.6236263736263736,0.8470532190955097,0.9983651948921601,0.0,alcalinity_of_ash,alcalinity_of_ash,True,soft_adjust,G2,wine,facil
lr_G2_wine,18,0.9722222222222222,0.9721867461331064,0.974074074074074,0.9722222222222222,0,0.9089988198500507,0.6733116574598614,0.8616053182582841,0.9992559220115207,0.29395604395604397,0.5121951219512195,0.9597853738558769,0.9993206124117043,0.5879120879120879,0.8616053182582841,0.999191231611337,0.0,alcalinity_of_ash,alcalinity_of_ash,True,soft_adjust,G2,wine,facil
lr_G2_wine,19,0.9722222222222222,0.9721867461331064,0.974074074074074,0.9722222222222222,0,0.908618374973008,0.673573787954227,0.8623765422825758,0.9993789751598328,0.29395604395604397,0.5121951219512195,0.9594216916519847,0.999441582891585,0.5879120879120879,0.8623765422825758,0.9993163674280804,0.0,alcalinity_of_ash,alcalinity_of_ash,True,soft_adjust,G2,wine,facil
svm_G2_wine,0,1.0,1.0,1.0,1.0,0,0.8440874229162022,0.7085597475436329,0.9400361568195463,0.9999994895439088,0.5144226862985652,0.14814814814814814,0.9927211004930041,0.9999992803557165,0.40384615384615385,0.9400361568195463,0.999999698732101,0.6249992187509766,alcalinity_of_ash,proline,False,soft_adjust,G2,wine,facil
svm_G2_wine,1,0.9722222222222222,0.9725248123940935,0.9753086419753088,0.9722222222222222,0,0.9624345517283146,0.790069428743137,0.8890089990233547,0.9892991969681364,0.7706027289432844,0.14814814814814814,0.9932890411454581,0.9870878789420299,0.5412087912087912,0.8890089990233547,0.991510514994243,0.9999966666777778,alcalinity_of_ash,proline,False,soft_adjust,G2,wine,facil
svm_G2_wine,2,0.9722222222222222,0.9725248123940935,0.9753086419753088,0.9722222222222222,0,0.9617800668758072,0.7908904778510281,0.8898479376313378,0.994873370366824,0.7678554761960317,0.14814814814814814,0.9940579394318946,0.9938456605516478,0.5357142857142857,0.8898479376313378,0.9959010801820003,0.9999966666777778,alcalinity_of_ash,proline,False,soft_adjust,G2,wine,facil
svm_G2_wine,3,0.9722222222222222,0.9725248123940935,0.9753086419753088,0.9722222222222222,0,0.9616871551386291,0.7915585547423066,0.8905419559143517,0.9967128559923221,0.7678554761960317,0.14814814814814814,0.9941818501731773,0.9959639035551586,0.5357142857142857,0.8905419559143517,0.9974618084294855,0.9999966666777778,alcalinity_of_ash,proline,False,soft_adjust,G2,wine,facil
svm_G2_wine,4,0.9722222222222222,0.9725248123940935,0.9753086419753088,0.9722222222222222,0,0.9616149632703974,0.7919266790983817,0.8908119651377622,0.9978613423485294,0.7678554761960317,0.14814814814814814,0.9941489395042997,0.9973870024133836,0.5357142857142857,0.8908119651377622,0.9983356822836752,0.9999966666777778,alcalinity_of_ash,proline,False,soft_adjust,G2,wine,facil
svm_G2_wine,5,0.9722222222222222,0.9725248123940935,0.9753086419753088,0.9722222222222222,0,0.9617968487260669,0.7925626013043118,0.8896949796361668,0.9984487104774611,0.7706027289432844,0.14814814814814814,0.9940817996842446,0.9981230896218969,0.5412087912087912,0.8896949796361668,0.9987743313330253,0.9999966666777778,alcalinity_of_ash,proline,False,soft_adjust,G2,wine,facil
svm_G2_wine,6,0.9722222222222222,0.9725248123940935,0.9753086419753088,0.9722222222222222,0,0.9616119459374687,0.8031321844269725,0.8851443662770949,0.9923721501833618,0.77609723443779,0.37777777777777777,0.9880823297389638,0.9863189099720848,0.5521978021978022,0.8851443662770949,0.9984253903946387,0.9999966666777778,alcalinity_of_ash,proline,False,soft_adjust,G2,wine,facil
svm_G2_wine,7,1.0,1.0,1.0,1.0,0,0.8453538086437782,0.7125899176509461,0.9242338272507264,0.9924147322214745,0.53914796102384,0.16981132075471697,0.9699044974928731,0.9932473582013739,0.4532967032967033,0.9242338272507264,0.9915821062415751,0.6249992187509766,alcalinity_of_ash,alcohol,False,soft_adjust,G2,wine,facil
svm_G2_wine,8,0.9722222222222222,0.9725248123940935,0.9753086419753088,0.9722222222222222,0,0.9618230577290531,0.8022383377923672,0.886116848731015,0.9925748396452914,0.7719763553169108,0.37777777777777777,0.9861447572682746,0.9879348260809292,0.5439560439560439,0.886116848731015,0.9972148532096536,0.9999966666777778,alcalinity_of_ash,proline,False,soft_adjust,G2,wine,facil
svm_G2_wine,9,1.0,1.0,1.0,1.0,0,0.8455837807564384,0.7156589852973977,0.924234471639729,0.9931517680020161,0.5487633456392246,0.16981132075471697,0.9705912480574183,0.9932678621171526,0.4725274725274725,0.924234471639729,0.9930356738868795,0.6249992187509766,alcalinity_of_ash,alcohol,False,soft_adjust,G2,wine,facil
svm_G2_wine,10,0.9722222222222222,0.9725248123940935,0.9753086419753088,0.9722222222222222,0,0.9616638442418324,0.8021997037796005,0.886540219661774,0.9919122584773137,0.7719763553169108,0.37777777777777777,0.987576276463975,0.9873284521838319,0.5439560439560439,0.886540219661774,0.9964960647707954,0.9999966666777778,alcalinity_of_ash,proline,False,soft_adjust,G2,wine,facil
svm_G2_wine,11,1.0,1.0,1.0,1.0,0,0.8458126184454453,0.7157399044996678,0.9241623177073249,0.9935620295299815,0.5487633456392246,0.16981132075471697,0.9702533741021218,0.9932145131142999,0.4725274725274725,0.9241623177073249,0.9939095459456632,0.6249992187509766,alcalinity_of_ash,alcohol,False,soft_adjust,G2,wine,facil
svm_G2_wine,12,0.9722222222222222,0.9725248123940935,0.9753086419753088,0.9722222222222222,0,0.9613617155181867,0.8033412614252236,0.8861887671209264,0.9919551771637678,0.77609723443779,0.37777777777777777,0.9862682027310328,0.9878996906554213,0.5521978021978022,0.8861887671209264,0.9960106636721143,0.9999966666777778,alcalinity_of_ash,proline,False,soft_adjust,G2,wine,facil
svm_G2_wine,13,1.0,1.0,1.0,1.0,0,0.8460327300103809,0.7158005274981147,0.9239870175782803,0.9940148816786225,0.5487633456392246,0.16981132075471697,0.96981329059062,0.9935360371142057,0.4725274725274725,0.9239870175782803,0.9944937262430392,0.6249992187509766,alcalinity_of_ash,alcohol,False,soft_adjust,G2,wine,facil
svm_G2_wine,14,0.9722222222222222,0.9725248123940935,0.9753086419753088,0.9722222222222222,0,0.9609303618838201,0.8006897904312399,0.887140021006845,0.992282618456704,0.77609723443779,0.2653061224489796,0.9863593954221217,0.9887523188926673,0.5521978021978022,0.887140021006845,0.9958129180207407,0.9999966666777778,alcalinity_of_ash,proline,False,soft_adjust,G2,wine,facil
svm_G2_wine,15,0.9722222222222222,0.9725248123940935,0.9753086419753088,0.9722222222222222,0,0.9606304552317623,0.8010172168719124,0.8874559604909513,0.9932131968384661,0.77609723443779,0.2653061224489796,0.9871417570058313,0.9901314280064877,0.5521978021978022,0.8874559604909513,0.9962949656704444,0.9999966666777778,alcalinity_of_ash,proline,False,soft_adjust,G2,wine,facil
svm_G2_wine,16,0.9722222222222222,0.9725248123940935,0.9753086419753088,0.9722222222222222,0,0.9612275623148877,0.8022440295203611,0.8852777217151016,0.9936045589763632,0.7719763553169108,0.37777777777777777,0.9865232848810267,0.9908687516173948,0.5439560439560439,0.8852777217151016,0.9963403663353316,0.9999966666777778,alcalinity_of_ash,proline,False,soft_adjust,G2,wine,facil
svm_G2_wine,17,1.0,1.0,1.0,1.0,0,0.8462507732287028,0.7927429598623171,0.9238975158040964,0.9928361407390542,0.7362627362657362,0.16981132075471697,0.9700317331943217,0.991735223156117,0.4725274725274725,0.9238975158040964,0.9939370583219914,0.999998000004,alcalinity_of_ash,alcohol,False,soft_adjust,G2,wine,facil
svm_G2_wine,18,0.9722222222222222,0.9725248123940935,0.9753086419753088,0.9722222222222222,0,0.960820412911905,0.7999152977258269,0.8873751099425767,0.9938475958572288,0.7719763553169108,0.2653061224489796,0.9868032552199596,0.9914578395311019,0.5439560439560439,0.8873751099425767,0.9962373521833557,0.9999966666777778,alcalinity_of_ash,proline,False,soft_adjust,G2,wine,facil
svm_G2_wine,19,0.9722222222222222,0.9725248123940935,0.9753086419753088,0.9722222222222222,0,0.9608329055423399,0.7995574674461519,0.88589322953749,0.9941945312246324,0.7719763553169108,0.2653061224489796,0.9860350768609781,0.9919505613459714,0.5439560439560439,0.88589322953749,0.9964385011032935,0.9999966666777778,alcalinity_of_ash,proline,False,soft_adjust,G2,wine,facil
xgb_G2_wine,0,0.9722222222222222,0.9717752234993614,0.974074074074074,0.9722222222222222,0,0.9465470910072327,0.604496517718538,0.018303059495567542,0.9999882433007288,0.9639052750764878,0.34782608695652173,0.018303059495567542,0.9999766932015771,0.9278115501519757,0.9056938226564616,0.9999997933998803,0.999999000001,proline,color_intensity,False,keep,G2,wine,facil
xgb_G2_wine,1,0.9722222222222222,0.9717752234993614,0.974074074074074,0.9722222222222222,0,0.9465470910072327,0.6431344252283528,0.1471014268928494,0.9999818324632499,0.9639052750764878,0.34782608695652173,0.1471014268928494,0.9999638715266195,0.9278115501519757,0.9310329307358716,0.9999997933998803,0.999999000001,proline,color_intensity,False,keep,G2,wine,facil
xgb_G2_wine,2,0.9722222222222222,0.9717752234993614,0.974074074074074,0.9722222222222222,0,0.9465470910072327,0.6397582000128732,0.13585621383777707,0.9999711872674181,0.9639052750764878,0.34782608695652173,0.13585621383777707,0.9999425811349558,0.9278115501519757,0.9304868048483226,0.9999997933998803,0.999999000001,proline,color_intensity,False,keep,G2,wine,facil
xgb_G2_wine,3,0.9722222222222222,0.9717752234993614,0.974074074074074,0.9722222222222222,0,0.9465470910072327,0.639032805338531,0.13651431927983965,0.999927298452948,0.9608657613986763,0.34782608695652173,0.13651431927983965,0.9998548035060157,0.9217325227963526,0.9305563211491351,0.9999997933998803,0.999999000001,proline,color_intensity,False,keep,G2,wine,facil
xgb_G2_wine,4,0.9722222222222222,0.9717752234993614,0.974074074074074,0.9722222222222222,0,0.9465470910072327,0.6422665070712406,0.1442427100804006,0.9999406200097396,0.9639052750764878,0.34782608695652173,0.1442427100804006,0.9998814466195988,0.9278115501519757,0.9306291463638419,0.9999997933998803,0.999999000001,proline,color_intensity,False,keep,G2,wine,facil
xgb_G2_wine,5,0.9722222222222222,0.9717752234993614,0.974074074074074,0.9722222222222222,0,0.9465470910072327,0.6408853483452199,0.1396285485750333,0.9999529789120979,0.9639052750764878,0.34782608695652173,0.1396285485750333,0.9999061644243155,0.9278115501519757,0.9303395744349138,0.9999997933998803,0.999999000001,proline,color_intensity,False,keep,G2,wine,facil
xgb_G2_wine,6,0.9722222222222222,0.9717752234993614,0.974074074074074,0.9722222222222222,0,0.9465470910072327,0.6840649013808076,0.2940795559828171,0.99658662284173,0.9175526914898617,0.47619047619047616,0.2940795559828171,0.9932755386973373,0.8351063829787234,0.9272149016911977,0.9998977069861228,0.999999000001,proline,color_intensity,False,keep,G2,wine,facil
xgb_G2_wine,7,0.9722222222222222,0.9717752234993614,0.974074074074074,0.9722222222222222,0,0.9465470910072327,0.6668398589661794,0.238177178473722,0.9947693061941316,0.9175526914898617,0.47619047619047616,0.238177178473722,0.9896171212239824,0.8351063829787234,0.9124407426054103,0.999921491164281,0.999999000001,proline,color_intensity,False,keep,G2,wine,facil
xgb_G2_wine,8,0.9722222222222222,0.9717752234993614,0.974074074074074,0.9722222222222222,0,0.9465470910072327,0.6870181300805137,0.3020076381140504,0.9988858390830748,0.9175526914898617,0.47619047619047616,0.3020076381140504,0.9978338408743629,0.8351063829787234,0.926159735708429,0.9999378372917868,0.999999000001,proline,color_intensity,False,keep,G2,wine,facil
xgb_G2_wine,9,0.9722222222222222,0.9717752234993614,0.974074074074074,0.9722222222222222,0,0.9465470910072327,0.6685875487917166,0.24014973809160067,0.9993929939548256,0.9175526914898617,0.47619047619047616,0.24014973809160067,0.9988364359430516,0.8351063829787234,0.9122531614235789,0.9999495519665995,0.999999000001,proline,color_intensity,False,keep,G2,wine,facil
xgb_G2_wine,10,0.9722222222222222,0.9717752234993614,0.974074074074074,0.9722222222222222,0,0.9465470910072327,0.687700076493188,0.3040399504693031,0.9991748499074689,0.9175526914898617,0.47619047619047616,0.3040399504693031,0.9983914669379195,0.8351063829787234,0.9260471145571326,0.9999582328770182,0.999999000001,proline,color_intensity,False,keep,G2,wine,facil
xgb_G2_wine,11,0.9722222222222222,0.9717752234993614,0.974074074074074,0.9722222222222222,0,0.9465470910072327,0.668335260172167,0.24002933271464832,0.9985283259289707,0.9175526914898617,0.47619047619047616,0.24002933271464832,0.9970918080478344,0.8351063829787234,0.9121629439195246,0.999964843810107,0.999999000001,proline,color_intensity,False,keep,G2,wine,facil
xgb_G2_wine,12,0.9722222222222222,0.9717752234993614,0.974074074074074,0.9722222222222222,0,0.9465470910072327,0.6907622530045039,0.3145302104071163,0.9988352440273562,0.9175526914898617,0.47619047619047616,0.3145302104071163,0.9977004939081515,0.8351063829787234,0.9257533039630995,0.999969994146561,0.999999000001,proline,color_intensity,False,keep,G2,wine,facil
xgb_G2_wine,13,0.9722222222222222,0.9717752234993614,0.974074074074074,0.9722222222222222,0,0.9465470910072327,0.6669937510708979,0.2418809412055104,0.9991470462649503,0.9107137857147857,0.47619047619047616,0.2418809412055104,0.9983200080520329,0.8214285714285714,0.9122019347117626,0.9999740844778678,0.999999000001,proline,color_intensity,False,keep,G2,wine,facil
xgb_G2_wine,14,0.9722222222222222,0.9717752234993614,0.974074074074074,0.9722222222222222,0,0.9465470910072327,0.6874555265329692,0.303057433071279,0.9993756709442224,0.9175526914898617,0.47619047619047616,0.303057433071279,0.9987739549713591,0.8351063829787234,0.9255351525160916,0.9999773869170857,0.999999000001,proline,color_intensity,False,keep,G2,wine,facil
xgb_G2_wine,15,0.9722222222222222,0.9717752234993614,0.974074074074074,0.9722222222222222,0,0.9465470910072327,0.6888323705605266,0.3073806210819073,0.999695221441698,0.9175526914898617,0.47619047619047616,0.3073806210819073,0.9994103513323489,0.8351063829787234,0.9255343469187732,0.9999800915510471,0.999999000001,proline,color_intensity,False,keep,G2,wine,facil
xgb_G2_wine,16,0.9722222222222222,0.9717752234993614,0.974074074074074,0.9722222222222222,0,0.9465470910072327,0.6879491845062722,0.3046018554322588,0.9994969960042588,0.9175526914898617,0.47619047619047616,0.3046018554322588,0.9990116575915791,0.8351063829787234,0.9253325912836577,0.9999823344169386,0.999999000001,proline,color_intensity,False,keep,G2,wine,facil
xgb_G2_wine,17,0.9722222222222222,0.9717752234993614,0.974074074074074,0.9722222222222222,0,0.9465470910072327,0.6703818117947531,0.2459499608765176,0.9996097786250715,0.9175526914898617,0.47619047619047616,0.2459499608765176,0.9992353423021835,0.8351063829787234,0.9121689771689764,0.9999842149479594,0.999999000001,proline,color_intensity,False,keep,G2,wine,facil
xgb_G2_wine,18,0.9722222222222222,0.9717752234993614,0.974074074074074,0.9722222222222222,0,0.9465470910072327,0.6867624732268529,0.3006247890285569,0.9995226305710239,0.9175526914898617,0.47619047619047616,0.3006247890285569,0.9990594539557722,0.8351063829787234,0.9254673784514084,0.9999858071862754,0.999999000001,proline,color_intensity,False,keep,G2,wine,facil
xgb_G2_wine,19,0.9722222222222222,0.9717752234993614,0.974074074074074,0.9722222222222222,0,0.9465470910072327,0.6875425349810375,0.3033621040633838,0.9993580995459697,0.9175526914898617,0.47619047619047616,0.3033621040633838,0.9987290319079108,0.8351063829787234,0.9252325269648006,0.9999871671840285,0.999999000001,proline,color_intensity,False,keep,G2,wine,facil
lr_G2_digits,0,0.9416666666666667,0.9418725031370346,0.9431478305480616,0.9416666666666667,0,0.8786259089973565,0.4830146879502146,0.5286389630978733,0.9980999292694133,0.2496600556783312,0.0,0.8239353717679007,0.9999689000931625,0.4993201113566624,0.5286389630978733,0.9962309584456641,0.0,pixel_51,pixel_20,False,soft_adjust,G2,digits,facil
lr_G2_digits,1,0.9416666666666667,0.9418725031370346,0.9431478305480616,0.9416666666666667,0,0.8832777289802053,0.48199013976882504,0.5256706782588615,0.9979434782134988,0.24934355579263956,0.0,0.8173717806539568,0.9999580695024729,0.4986871115852791,0.5256706782588615,0.9959288869245246,0.0,pixel_51,pixel_20,False,soft_adjust,G2,digits,facil
lr_G2_digits,2,0.9416666666666667,0.9418725031370346,0.9431478305480616,0.9416666666666667,0,0.8832777289802053,0.48227782945868375,0.5256706782588615,0.9979267040612713,0.25031649988569166,0.0,0.8162033837601,0.9999550923555375,0.5006329997713833,0.5256706782588615,0.995898315767005,0.0,pixel_14,pixel_20,False,soft_adjust,G2,digits,facil
lr_G2_digits,3,0.9416666666666667,0.9418725031370346,0.9431478305480616,0.9416666666666667,0,0.8832777289802053,0.4820017827641028,0.5256706782588615,0.9979197168866786,0.24940216688258246,0.0,0.8162512538151289,0.999957175220448,0.4988043337651649,0.5256706782588615,0.9958822585529091,0.0,pixel_51,pixel_20,False,soft_adjust,G2,digits,facil
lr_G2_digits,4,0.9416666666666667,0.9418725031370346,0.9431478305480616,0.9416666666666667,0,0.8832777289802053,0.48220426114371284,0.5256706782588615,0.9979137640331135,0.25008205552592006,0.0,0.811571649400657,0.9999551573989518,0.5001641110518401,0.5256706782588615,0.9958723706672753,0.0,pixel_51,pixel_20,False,soft_adjust,G2,digits,facil
lr_G2_digits,5,0.9416666666666667,0.9418725031370346,0.9431478305480616,0.9416666666666667,0,0.8832777289802053,0.48192596015495753,0.5256706782588615,0.9979118263434095,0.2491560003048223,0.0,0.8176736744054972,0.999957981165073,0.4983120006096446,0.5256706782588615,0.995865671521746,0.0,pixel_51,pixel_20,False,soft_adjust,G2,digits,facil
lr_G2_digits,6,0.9416666666666667,0.9418725031370346,0.9431478305480616,0.9416666666666667,0,0.8832777289802053,0.48833106103879165,0.5302143233501018,0.9830261295315014,0.2701707175248104,0.01639344262295082,0.7910925377091875,0.9702247426766532,0.5403414350496208,0.5302143233501018,0.9958275163863496,0.0,pixel_51,pixel_20,False,soft_adjust,G2,digits,facil
lr_G2_digits,7,0.9416666666666667,0.9418725031370346,0.9431478305480616,0.9416666666666667,0,0.8832777289802053,0.48932226951232394,0.5302143233501018,0.9867816994974195,0.27034510413165314,0.01639344262295082,0.7917443778001014,0.9777290399752233,0.5406902082633063,0.5302143233501018,0.9958343590196156,0.0,pixel_51,pixel_20,False,soft_adjust,G2,digits,facil
lr_G2_digits,8,0.9416666666666667,0.9418725031370346,0.9431478305480616,0.9416666666666667,0,0.8832777289802053,0.4898825539041714,0.5302143233501018,0.9892600028501153,0.2701474659772314,0.01639344262295082,0.7957616201435689,0.9826812198782908,0.5402949319544628,0.5302143233501018,0.9958387858219399,0.0,pixel_51,pixel_20,False,soft_adjust,G2,digits,facil
lr_G2_digits,9,0.9416666666666667,0.9418725031370346,0.9431478305480616,0.9416666666666667,0,0.8832777289802053,0.48790660143250764,0.5302143233501018,0.9908713871806402,0.27041485877439025,0.0,0.7943767234219044,0.9859010131016678,0.5408297175487805,0.5302143233501018,0.9958417612596125,0.0,pixel_51,pixel_20,False,soft_adjust,G2,digits,facil
lr_G2_digits,10,0.9416666666666667,0.9418725031370346,0.9431478305480616,0.9416666666666667,0,0.8832777289802053,0.49058784966607677,0.5302143233501018,0.9920532840406419,0.2701707175248104,0.01639344262295082,0.7971883820248032,0.9882627476431252,0.5403414350496208,0.5302143233501018,0.9958438204381586,0.0,pixel_51,pixel_20,False,soft_adjust,G2,digits,facil
lr_G2_digits,11,0.9416666666666667,0.9418725031370346,0.9431478305480616,0.9416666666666667,0,0.8832777289802053,0.4907900771126068,0.5302143233501018,0.9930296049693312,0.2700312082393362,0.01639344262295082,0.7966455551143967,0.9902139321071809,0.5400624164786724,0.5302143233501018,0.9958452778314815,0.0,pixel_51,pixel_20,False,soft_adjust,G2,digits,facil
lr_G2_digits,12,0.9416666666666667,0.9418725031370346,0.9431478305480616,0.9416666666666667,0,0.8832777289802053,0.48864124424385674,0.5302143233501018,0.9938099584260367,0.27041485877439025,0.0,0.7945173235248296,0.9917735898035066,0.5408297175487805,0.5302143233501018,0.9958463270485668,0.0,pixel_51,pixel_20,False,soft_adjust,G2,digits,facil
lr_G2_digits,13,0.9416666666666667,0.9418725031370346,0.9431478305480616,0.9416666666666667,0,0.8832777289802053,0.49127133557541114,0.5302143233501018,0.9944942581784837,0.27041485877439025,0.01639344262295082,0.7966039669990068,0.9931414244113581,0.5408297175487805,0.5302143233501018,0.9958470919456094,0.0,pixel_51,pixel_20,False,soft_adjust,G2,digits,facil
lr_G2_digits,14,0.9416666666666667,0.9418725031370346,0.9431478305480616,0.9416666666666667,0,0.8832777289802053,0.4913250987433729,0.5302143233501018,0.9948767219928993,0.2702753494889161,0.01639344262295082,0.8003927731791962,0.9939057896425253,0.5405506989778321,0.5302143233501018,0.9958476543432733,0.0,pixel_51,pixel_20,False,soft_adjust,G2,digits,facil
lr_G2_digits,15,0.9416666666666667,0.9418725031370346,0.9431478305480616,0.9416666666666667,0,0.8832777289802053,0.4914447753657102,0.5302143233501018,0.9951880173396798,0.27041485877439025,0.01639344262295082,0.7998718764907242,0.9945279648913949,0.5408297175487805,0.5302143233501018,0.9958480697879646,0.0,pixel_51,pixel_20,False,soft_adjust,G2,digits,facil
lr_G2_digits,16,0.9416666666666667,0.9418725031370346,0.9431478305480616,0.9416666666666667,0,0.8832777289802053,0.4914930628951862,0.5302143233501018,0.9955904313857951,0.2702404721675475,0.01639344262295082,0.8027701987691319,0.9953324858890534,0.540480944335095,0.5302143233501018,0.9958483768825366,0.0,pixel_51,pixel_20,False,soft_adjust,G2,digits,facil
lr_G2_digits,17,0.9416666666666667,0.9418725031370346,0.9431478305480616,0.9416666666666667,0,0.8832777289802053,0.491474848308703,0.5302143233501018,0.9957686897537161,0.2700312082393362,0.01639344262295082,0.7957432467005381,0.9956887765029834,0.5400624164786724,0.5302143233501018,0.9958486030044489,0.0,pixel_51,pixel_20,False,soft_adjust,G2,digits,facil
lr_G2_digits,18,0.9416666666666667,0.9418725031370346,0.9431478305480616,0.9416666666666667,0,0.8832777289802053,0.49160079082957314,0.5302143233501018,0.9961329505517222,0.2701474659772314,0.01639344262295082,0.7967132262461062,0.9964171331865818,0.5402949319544628,0.5302143233501018,0.9958487679168626,0.0,pixel_51,pixel_20,False,soft_adjust,G2,digits,facil
lr_G2_digits,19,0.9416666666666667,0.9418725031370346,0.9431478305480616,0.9416666666666667,0,0.8832777289802053,0.4916183591358426,0.5302143233501018,0.9962590274909897,0.2701009628820733,0.01639344262295082,0.7978497296036052,0.9966691688720514,0.5402019257641466,0.5302143233501018,0.9958488861099282,0.0,pixel_51,pixel_20,False,soft_adjust,G2,digits,facil
svm_G2_digits,0,0.9638888888888889,0.9639222653990172,0.9640960348011764,0.9638888888888889,0,0.9166607233756109,0.4236392286908379,0.3675698722310441,0.9919313208630298,0.21795145601922428,0.0,0.8662742847390958,0.9999671605954058,0.43590291203844855,0.3675698722310441,0.983895481130654,0.0,pixel_14,pixel_19,False,soft_adjust,G2,digits,facil
svm_G2_digits,1,0.9638888888888889,0.9639222653990172,0.9640960348011764,0.9638888888888889,0,0.9166762859481137,0.4232472634115244,0.36630985863765275,0.9917488761035687,0.2180569559811215,0.0,0.8672834149671146,0.9997292945379564,0.436113911962243,0.36630985863765275,0.9837684576691809,0.0,pixel_51,pixel_19,False,soft_adjust,G2,digits,facil
svm_G2_digits,2,0.9638888888888889,0.9639222653990172,0.9640960348011764,0.9638888888888889,0,0.9166762859481137,0.42341655529632566,0.36630985863765275,0.9916945772402862,0.21866651131652762,0.0,0.8657551578125527,0.9996291912990544,0.43733302263305524,0.36630985863765275,0.983759963181518,0.0,pixel_14,pixel_19,False,soft_adjust,G2,digits,facil
svm_G2_digits,3,0.9638888888888889,0.9639222653990172,0.9640960348011764,0.9638888888888889,0,0.9166762859481137,0.42334938017899165,0.36630985863765275,0.991510276740468,0.21859617800859613,0.0,0.8709974253428099,0.9992655374419243,0.43719235601719225,0.36630985863765275,0.9837550160390116,0.0,pixel_14,pixel_19,False,soft_adjust,G2,digits,facil
svm_G2_digits,4,0.9638888888888889,0.9639222653990172,0.9640960348011764,0.9638888888888889,0,0.9166762859481137,0.42339349720110697,0.36630985863765275,0.9916304781825841,0.21864306688055046,0.0,0.864218626591662,0.9995091332341611,0.4372861337611009,0.36630985863765275,0.9837518231310071,0.0,pixel_14,pixel_19,False,soft_adjust,G2,digits,facil
svm_G2_digits,5,0.9638888888888889,0.9639222653990172,0.9640960348011764,0.9638888888888889,0,0.9166762859481137,0.42346240876969377,0.36630985863765275,0.9916669912099643,0.2188423445863563,0.0,0.8632963298384383,0.9995843816386758,0.4376846891727126,0.36630985863765275,0.9837496007812528,0.0,pixel_14,pixel_19,False,soft_adjust,G2,digits,facil
svm_G2_digits,6,0.9638888888888889,0.9639222653990172,0.9640960348011764,0.9638888888888889,0,0.9166762859481137,0.4203151708181677,0.3703845308540523,0.9817840153489616,0.2125126924157054,0.0,0.8434015415550272,0.9796152244275474,0.4250253848314108,0.3703845308540523,0.9839528062703757,0.0,pixel_14,pixel_19,False,soft_adjust,G2,digits,facil
svm_G2_digits,7,0.9638888888888889,0.9639222653990172,0.9640960348011764,0.9638888888888889,0,0.9166762859481137,0.4200073862358236,0.3703845308540523,0.9831058969437629,0.21038517581222396,0.0,0.8437743567392398,0.9821801397284934,0.4207703516244479,0.3703845308540523,0.9840316541590326,0.0,pixel_14,pixel_19,False,soft_adjust,G2,digits,facil
svm_G2_digits,8,0.9638888888888889,0.9639222653990172,0.9640960348011764,0.9638888888888889,0,0.9166762859481137,0.4193788497962502,0.3703845308540523,0.985739643819467,0.20609526528389252,0.0,0.8452976395737084,0.9873905976043872,0.41219053056778504,0.3703845308540523,0.9840886900345469,0.0,pixel_51,pixel_19,False,soft_adjust,G2,digits,facil
svm_G2_digits,9,0.9638888888888889,0.9639222653990172,0.9640960348011764,0.9638888888888889,0,0.9166762859481137,0.4250244096263448,0.3703845308540523,0.9875629014612856,0.22339441668269244,0.0,0.8434902371477787,0.9909941597669518,0.4467888333653849,0.3703845308540523,0.9841316431556193,0.0,pixel_51,pixel_19,False,soft_adjust,G2,digits,facil
svm_G2_digits,10,0.9638888888888889,0.9639222653990172,0.9640960348011764,0.9638888888888889,0,0.9166762859481137,0.4213995359122826,0.3703845308540523,0.9871956972235725,0.21161750783391264,0.0,0.8439205327657011,0.9902263625499972,0.4232350156678253,0.3703845308540523,0.9841650318971479,0.0,pixel_51,pixel_19,False,soft_adjust,G2,digits,facil
svm_G2_digits,11,0.9638888888888889,0.9639222653990172,0.9640960348011764,0.9638888888888889,0,0.9166762859481137,0.4212634756537248,0.3703845308540523,0.9882279111151996,0.21030379539569735,0.0,0.8523792276669914,0.9922641648078361,0.4206075907913947,0.3703845308540523,0.9841916574225631,0.0,pixel_51,pixel_19,False,soft_adjust,G2,digits,facil
svm_G2_digits,12,0.9638888888888889,0.9639222653990172,0.9640960348011764,0.9638888888888889,0,0.9166762859481137,0.4218950174681812,0.3703845308540523,0.9892752799469988,0.21153612741738606,0.0,0.8465427236682892,0.9943372194673894,0.4230722548347721,0.3703845308540523,0.9842133404266082,0.0,pixel_51,pixel_19,False,soft_adjust,G2,digits,facil
svm_G2_digits,13,0.9638888888888889,0.9639222653990172,0.9640960348011764,0.9638888888888889,0,0.9166762859481137,0.42095271466282225,0.3703845308540523,0.9892588685048187,0.20840879426800624,0.0,0.8427189151903273,0.9942864257310952,0.4168175885360125,0.3703845308540523,0.9842313112785421,0.0,pixel_14,pixel_19,False,soft_adjust,G2,digits,facil
svm_G2_digits,14,0.9638888888888889,0.9639222653990172,0.9640960348011764,0.9638888888888889,0,0.9166762859481137,0.42227701243285376,0.3703845308540523,0.9898824985215592,0.21230342848749412,0.0,0.8428281544161366,0.9955185680889033,0.42460685697498823,0.3703845308540523,0.9842464289542151,0.0,pixel_14,pixel_19,False,soft_adjust,G2,digits,facil
svm_G2_digits,15,0.9638888888888889,0.9639222653990172,0.9640960348011764,0.9638888888888889,0,0.9166762859481137,0.4219907118236962,0.3703845308540523,0.9897696647974381,0.21144312122706993,0.0,0.8475054991140086,0.9952800196286067,0.42288624245413986,0.3703845308540523,0.9842593099662696,0.0,pixel_51,pixel_19,False,soft_adjust,G2,digits,facil
svm_G2_digits,16,0.9638888888888889,0.9639222653990172,0.9640960348011764,0.9638888888888889,0,0.9166762859481137,0.4224664326230265,0.3703845308540523,0.9905285718538709,0.21239643467781025,0.0,0.8431497891161494,0.9967867362517356,0.4247928693556205,0.3703845308540523,0.9842704074560061,0.0,pixel_51,pixel_19,False,soft_adjust,G2,digits,facil
svm_G2_digits,17,0.9638888888888889,0.9639222653990172,0.9640960348011764,0.9638888888888889,0,0.9166762859481137,0.4218356906718596,0.3703845308540523,0.9907678879015924,0.21009453146748605,0.0,0.8397823103252361,0.9972557143626225,0.4201890629349721,0.3703845308540523,0.9842800614405625,0.0,pixel_51,pixel_19,False,soft_adjust,G2,digits,facil
svm_G2_digits,18,0.9638888888888889,0.9639222653990172,0.9640960348011764,0.9638888888888889,0,0.9166762859481137,0.42184236810264947,0.3703845308540523,0.9907248429820148,0.21015266033643365,0.0,0.8458598195469126,0.9971611542452219,0.4203053206728673,0.3703845308540523,0.9842885317188078,0.0,pixel_51,pixel_19,False,soft_adjust,G2,digits,facil
svm_G2_digits,19,0.9638888888888889,0.9639222653990172,0.9640960348011764,0.9638888888888889,0,0.9166762859481137,0.4214880073250863,0.3703845308540523,0.9902002592987968,0.2094086108139046,0.0,0.8428123525176814,0.9961044985964705,0.4188172216278092,0.3703845308540523,0.9842960200011233,0.0,pixel_51,pixel_19,False,soft_adjust,G2,digits,facil
xgb_G2_digits,0,0.9083333333333333,0.9092812007346317,0.9134211460570801,0.9083333333333333,0,0.905339241027832,0.5491030194585255,0.08446458989956407,0.999797041413764,0.7961162464616466,0.01639344262295082,0.08446458989956407,0.9996129098945061,0.5922341595871821,0.996414576192646,0.999981172933022,0.9999983333361111,pixel_21,pixel_36,False,keep,G2,digits,facil
xgb_G2_digits,1,0.9083333333333333,0.9092812007346317,0.9134211460570801,0.9083333333333333,0,0.905339241027832,0.5490711664853577,0.08435881193297104,0.9997965630810043,0.7961162464616466,0.01639344262295082,0.08435881193297104,0.9996119532289865,0.5922341595871821,0.9966485414390724,0.999981172933022,0.9999983333361111,pixel_21,pixel_36,False,keep,G2,digits,facil
xgb_G2_digits,2,0.9083333333333333,0.9092812007346317,0.9134211460570801,0.9083333333333333,0,0.905339241027832,0.5520943082129847,0.0944365098901596,0.999795892442886,0.7961162464616466,0.01639344262295082,0.0944365098901596,0.99961061195275,0.5922341595871821,0.9966485414390724,0.999981172933022,0.9999983333361111,pixel_21,pixel_36,False,keep,G2,digits,facil
xgb_G2_digits,3,0.9083333333333333,0.9092812007346317,0.9134211460570801,0.9083333333333333,0,0.905339241027832,0.5498835442273319,0.087069107522603,0.9997937193413426,0.7961162464616466,0.01639344262295082,0.087069107522603,0.9996062657496632,0.5922341595871821,0.9966485414390724,0.999981172933022,0.9999983333361111,pixel_21,pixel_36,False,keep,G2,digits,facil
xgb_G2_digits,4,0.9083333333333333,0.9092812007346317,0.9134211460570801,0.9083333333333333,0,0.905339241027832,0.5504311376553778,0.08889222515547002,0.9997963518940859,0.7961162464616466,0.01639344262295082,0.08889222515547002,0.9996115308551498,0.5922341595871821,0.9966485414390724,0.999981172933022,0.9999983333361111,pixel_21,pixel_36,False,keep,G2,digits,facil
xgb_G2_digits,5,0.9083333333333333,0.9092812007346317,0.9134211460570801,0.9083333333333333,0,0.905339241027832,0.5511250282800256,0.09106966916614036,0.9997960716718588,0.7962520047183248,0.01639344262295082,0.09106966916614036,0.9996109704106957,0.5925056761005385,0.9966485414390724,0.999981172933022,0.9999983333361111,pixel_21,pixel_36,False,keep,G2,digits,facil
xgb_G2_digits,6,0.9083333333333333,0.9092812007346317,0.9134211460570801,0.9083333333333333,0,0.905339241027832,0.5628793923927932,0.1433372023659202,0.9596287935992547,0.8124034442773447,0.03333333333333333,0.1433372023659202,0.9196455982620294,0.6248085552185784,0.9966742971981969,0.9996119889364801,0.9999983333361111,pixel_29,pixel_36,False,keep,G2,digits,facil
xgb_G2_digits,7,0.9083333333333333,0.9092812007346317,0.9134211460570801,0.9083333333333333,0,0.905339241027832,0.5627823670120493,0.13487675468218374,0.9693932292967633,0.8124034442773447,0.03333333333333333,0.13487675468218374,0.9390874377258305,0.6248085552185784,0.9966742971981969,0.9996990208676962,0.9999983333361111,pixel_29,pixel_36,False,keep,G2,digits,facil
xgb_G2_digits,8,0.9083333333333333,0.9092812007346317,0.9134211460570801,0.9083333333333333,0,0.905339241027832,0.5640950574439886,0.13380293823439177,0.9759325707618709,0.8124034442773447,0.03333333333333333,0.13380293823439177,0.9521065753232871,0.6248085552185784,0.9966742971981969,0.9997585662004546,0.9999983333361111,pixel_29,pixel_36,False,keep,G2,digits,facil
xgb_G2_digits,9,0.9083333333333333,0.9092812007346317,0.9134211460570801,0.9083333333333333,0,0.905339241027832,0.5675927912168125,0.14148698281981412,0.9807026523506595,0.8124034442773447,0.03333333333333333,0.14148698281981412,0.9616042160058419,0.6248085552185784,0.9966742971981969,0.9998010886954769,0.9999983333361111,pixel_29,pixel_36,False,keep,G2,digits,facil
xgb_G2_digits,10,0.9083333333333333,0.9092812007346317,0.9134211460570801,0.9083333333333333,0,0.905339241027832,0.5660876636570378,0.1333040887452345,0.98426508583766,0.812600551913508,0.03333333333333333,0.1333040887452345,0.9686976630902963,0.6252027704909049,0.9966742971981969,0.9998325085850237,0.9999983333361111,pixel_29,pixel_36,False,keep,G2,digits,facil
xgb_G2_digits,11,0.9083333333333333,0.9092812007346317,0.9134211460570801,0.9083333333333333,0,0.905339241027832,0.5668422898025792,0.13390528624641637,0.9867986825818038,0.8124034442773447,0.03333333333333333,0.13390528624641637,0.9737409855396556,0.6248085552185784,0.9966742971981969,0.999856379623952,0.9999983333361111,pixel_29,pixel_36,False,keep,G2,digits,facil
xgb_G2_digits,12,0.9083333333333333,0.9092812007346317,0.9134211460570801,0.9083333333333333,0,0.905339241027832,0.5674686850205872,0.1342812435282736,0.988853114715607,0.8124034442773447,0.03333333333333333,0.1342812435282736,0.9778312897482205,0.6248085552185784,0.9966742971981969,0.9998749396829936,0.9999983333361111,pixel_29,pixel_36,False,keep,G2,digits,facil
xgb_G2_digits,13,0.9083333333333333,0.9092812007346317,0.9134211460570801,0.9083333333333333,0,0.905339241027832,0.5674408332828477,0.13286735948337988,0.9904383686185212,0.8124034442773447,0.03333333333333333,0.13286735948337988,0.9809870823379561,0.6248085552185784,0.9966742971981969,0.9998896548990863,0.9999983333361111,pixel_29,pixel_36,False,keep,G2,digits,facil
xgb_G2_digits,14,0.9083333333333333,0.9092812007346317,0.9134211460570801,0.9083333333333333,0,0.905339241027832,0.5666823538533082,0.12929522583567263,0.9916910112776124,0.8124034442773447,0.03333333333333333,0.12929522583567263,0.9834805042349326,0.6248085552185784,0.9966742971981969,0.9999015183202922,0.9999983333361111,pixel_29,pixel_36,False,keep,G2,digits,facil
xgb_G2_digits,15,0.9083333333333333,0.9092812007346317,0.9134211460570801,0.9083333333333333,0,0.905339241027832,0.5679835040740662,0.13277639927608315,0.9927182040321514,0.8124034442773447,0.03333333333333333,0.13277639927608315,0.9855251861338971,0.6248085552185784,0.9966742971981969,0.9999112219304056,0.9999983333361111,pixel_29,pixel_36,False,keep,G2,digits,facil
xgb_G2_digits,16,0.9083333333333333,0.9092812007346317,0.9134211460570801,0.9083333333333333,0,0.905339241027832,0.5691310601449057,0.13589122058317654,0.9935706427469975,0.8124034442773447,0.03333333333333333,0.13589122058317654,0.9872220256073604,0.6248085552185784,0.9966742971981969,0.9999192598866345,0.9999983333361111,pixel_29,pixel_36,False,keep,G2,digits,facil
xgb_G2_digits,17,0.9083333333333333,0.9092812007346317,0.9134211460570801,0.9083333333333333,0,0.905339241027832,0.5704936984236785,0.1398452393817801,0.9942763733037645,0.8124034442773447,0.03333333333333333,0.1398452393817801,0.9886267539085873,0.6248085552185784,0.9966742971981969,0.9999259926989418,0.9999983333361111,pixel_29,pixel_36,False,keep,G2,digits,facil
xgb_G2_digits,18,0.9083333333333333,0.9092812007346317,0.9134211460570801,0.9083333333333333,0,0.905339241027832,0.5716826224695724,0.14331619661912873,0.9948669208025215,0.8124034442773447,0.03333333333333333,0.14331619661912873,0.9898021532356028,0.6248085552185784,0.9966742971981969,0.9999316883694401,0.9999983333361111,pixel_29,pixel_36,False,keep,G2,digits,facil
xgb_G2_digits,19,0.9083333333333333,0.9092812007346317,0.9134211460570801,0.9083333333333333,0,0.905339241027832,0.5695902777635172,0.13594827187562647,0.9953390516705036,0.8124034442773447,0.03333333333333333,0.13594827187562647,0.9907415538594233,0.6248085552185784,0.9966742971981969,0.9999365494815841,0.9999983333361111,pixel_29,pixel_36,False,keep,G2,digits,facil
lr_G2_covertype,0,0.674,0.6590461948983856,0.6507574917590274,0.674,1,0.819645450916074,0.6782509241990764,0.5399558690426471,0.9999733450280097,0.7482837098118852,0.10714285714285714,0.5399558690426471,0.9999469195640565,0.49656841962277043,0.9858314002102739,0.9999997704919631,0.999999000001,f6,f0,False,soft_adjust,G2,covertype,facil
lr_G2_covertype,1,0.673,0.658385747589695,0.6501764795824673,0.673,1,0.8196003150241994,0.6577725203861391,0.4718946702952853,0.9999694410203792,0.7480868158558146,0.10714285714285714,0.4718946702952853,0.9999445936845259,0.4961746317106293,0.9863641887595431,0.9999942883562324,0.999999000001,f6,f0,False,soft_adjust,G2,covertype,facil
lr_G2_covertype,2,0.673,0.658385747589695,0.6501764795824673,0.673,1,0.8194976203431921,0.6561725953797428,0.46655960512386646,0.9999718192004968,0.7480868158558146,0.10714285714285714,0.46655960512386646,0.9999465530209181,0.4961746317106293,0.9861074501717121,0.9999970853800756,0.999999000001,f6,f0,False,soft_adjust,G2,covertype,facil
lr_G2_covertype,3,0.673,0.658385747589695,0.6501764795824673,0.673,1,0.8194976203431921,0.6575283721243116,0.471078123557777,0.9999727040580791,0.7480868158558146,0.10714285714285714,0.471078123557777,0.999947143324015,0.4961746317106293,0.986158080941831,0.9999982647921433,0.999999000001,f6,f0,False,soft_adjust,G2,covertype,facil
lr_G2_covertype,4,0.673,0.658385747589695,0.6501764795824673,0.673,1,0.8194976203431921,0.6586595218793767,0.47484824427475814,0.9999731582179621,0.7480868158558146,0.10714285714285714,0.47484824427475814,0.9999475069071898,0.4961746317106293,0.9862380003010667,0.9999988095287344,0.999999000001,f6,f0,False,soft_adjust,G2,covertype,facil
lr_G2_covertype,5,0.673,0.658385747589695,0.6501764795824673,0.673,1,0.8194976203431921,0.6513368753735558,0.4504391091792409,0.999973534309299,0.7480868158558146,0.10714285714285714,0.4504391091792409,0.999947963569624,0.4961746317106293,0.9860116050368595,0.999999105048974,0.999999000001,f6,f0,False,soft_adjust,G2,covertype,facil
lr_G2_covertype,6,0.673,0.658385747589695,0.6501764795824673,0.673,1,0.8194976203431921,0.7502128617296857,0.6912906176545234,0.987647968244767,0.7482837098118852,0.47619047619047616,0.6912906176545234,0.9754372251291895,0.49656841962277043,0.9864868139786573,0.9998587113603443,0.999999000001,f0,f0,True,keep,G2,covertype,facil
lr_G2_covertype,7,0.673,0.658385747589695,0.6501764795824673,0.673,1,0.8194976203431921,0.6012968839541231,0.19197816918585045,0.9911589953049238,0.7482837098118852,0.47619047619047616,0.19197816918585045,0.9824260152338061,0.49656841962277043,0.9859652180169461,0.9998919753760416,0.999999000001,f0,f0,True,adjust,G2,covertype,facil
lr_G2_covertype,8,0.672,0.6572565369560819,0.6491326229911286,0.672,1,0.8849628081515724,0.583183140682659,0.12673569410653748,0.9949964302213216,0.7834989617724366,0.4090909090909091,0.12673569410653748,0.9919503404850414,0.5669989235438733,0.9824102169588725,0.9980425199576017,0.999999000001,f0,f0,True,keep,G2,covertype,facil
lr_G2_covertype,9,0.672,0.6572565369560819,0.6491326229911286,0.672,1,0.8849628081515724,0.5453679405707512,0.0,0.9958184627015353,0.7834989617724366,0.4090909090909091,0.0,0.993267577881956,0.5669989235438733,0.9828896489913932,0.9983693475211146,0.999999000001,f0,f0,True,soft_adjust,G2,covertype,facil
lr_G2_covertype,10,0.672,0.6572565369560819,0.6491326229911286,0.672,1,0.8842123239088633,0.578078218501536,0.10850088856400988,0.9964585081478625,0.7834989617724366,0.4090909090909091,0.10850088856400988,0.9942420160881521,0.5669989235438733,0.9822290826167565,0.998675000207573,0.999999000001,f0,f0,True,keep,G2,covertype,facil
lr_G2_covertype,11,0.672,0.6572565369560819,0.6491326229911286,0.672,1,0.8842123239088633,0.608565843131866,0.20969746624854338,0.9969731134477425,0.7834989617724366,0.4090909090909091,0.20969746624854338,0.9950810602381661,0.5669989235438733,0.9830922143570647,0.998865166657319,0.999999000001,f0,f0,True,keep,G2,covertype,facil
lr_G2_covertype,12,0.672,0.6572565369560819,0.6491326229911286,0.672,1,0.8842123239088633,0.5514216100719833,0.01887355928392735,0.9973848695657509,0.7834989617724366,0.4090909090909091,0.01887355928392735,0.9957525809461386,0.5669989235438733,0.9835240281703188,0.9990171581853632,0.999999000001,f0,f0,True,soft_adjust,G2,covertype,facil
lr_G2_covertype,13,0.673,0.658385747589695,0.6501764795824673,0.673,1,0.8194976203431921,0.5682737466903317,0.07827763569005076,0.9955070864447181,0.7482837098118852,0.47619047619047616,0.07827763569005076,0.9912786354669035,0.49656841962277043,0.9859839309062434,0.9997355374225326,0.999999000001,f0,f0,True,adjust,G2,covertype,facil
lr_G2_covertype,14,0.672,0.6572565369560819,0.6491326229911286,0.672,1,0.883186325198669,0.5870617877587047,0.10355418068712617,0.9980690943690577,0.7834989617724366,0.47619047619047616,0.10355418068712617,0.9970140133596225,0.5669989235438733,0.983702081392237,0.9991241753784929,0.999999000001,f0,f0,True,keep,G2,covertype,facil
lr_G2_covertype,15,0.672,0.6572565369560819,0.6491326229911286,0.672,1,0.883186325198669,0.6266254648268368,0.2352498601268373,0.9982889873139329,0.7834989617724366,0.47619047619047616,0.2352498601268373,0.9973567255456858,0.5669989235438733,0.9835128222662611,0.9992212490821799,0.999999000001,f0,f0,True,keep,G2,covertype,facil
lr_G2_covertype,16,0.672,0.6572565369560819,0.6491326229911286,0.672,1,0.883186325198669,0.5673168855646878,0.037404294052676444,0.9984693495543302,0.7834989617724366,0.47619047619047616,0.037404294052676444,0.9976356643371984,0.5669989235438733,0.9838894377100037,0.999303034771462,0.999999000001,f0,f0,True,keep,G2,covertype,facil
lr_G2_covertype,17,0.672,0.6572565369560819,0.6491326229911286,0.672,1,0.883186325198669,0.5829502919957578,0.0893915474080128,0.9986182712522063,0.7834989617724366,0.47619047619047616,0.0893915474080128,0.9978639614663146,0.5669989235438733,0.9835974329225071,0.9993725810380978,0.999999000001,f0,f0,True,keep,G2,covertype,facil
lr_G2_covertype,18,0.672,0.6572565369560819,0.6491326229911286,0.672,1,0.883186325198669,0.5892476655981647,0.11027411287272249,0.9987486871041824,0.7834989617724366,0.47619047619047616,0.11027411287272249,0.9980651612214679,0.5669989235438733,0.9837064740121702,0.9994322129868969,0.999999000001,f0,f0,True,keep,G2,covertype,facil
lr_G2_covertype,19,0.672,0.6572565369560819,0.6491326229911286,0.672,1,0.883186325198669,0.5663517018610915,0.03386145434394123,0.9988600223904271,0.7834989617724366,0.47619047619047616,0.03386145434394123,0.9982363159268713,0.5669989235438733,0.9835516687607114,0.9994837288539831,0.999999000001,f0,f0,True,keep,G2,covertype,facil
svm_G2_covertype,0,0.673,0.6639443814258459,0.6571428784504335,0.673,1,0.8073222205729526,0.7137326191612682,0.6439442681606258,0.9999860311639692,0.7412658466633706,0.19230769230769232,0.6439442681606258,0.9999722550199817,0.48253269332574117,0.9880622295565524,0.9999998073079569,0.999999000001,f6,f0,False,keep,G2,covertype,facil
svm_G2_covertype,1,0.673,0.6639443814258459,0.6571428784504335,0.673,1,0.8073222205729526,0.6941239464440713,0.5785820400830514,0.9999860139882712,0.7412658466633706,0.19230769230769232,0.5785820400830514,0.9999722206685855,0.48253269332574117,0.9880676389381807,0.9999998073079569,0.999999000001,f6,f0,False,keep,G2,covertype,facil
svm_G2_covertype,2,0.673,0.6639443814258459,0.6571428784504335,0.673,1,0.8073222205729526,0.6927157115840782,0.5738879570798952,0.9999859741520859,0.7412658466633706,0.19230769230769232,0.5738879570798952,0.9999721409962149,0.48253269332574117,0.9880265219283729,0.9999998073079569,0.999999000001,f6,f0,False,keep,G2,covertype,facil
svm_G2_covertype,3,0.673,0.6639443814258459,0.6571428784504335,0.673,1,0.8073222205729526,0.6938631948495971,0.5777128898243323,0.9999859879208377,0.7412658466633706,0.19230769230769232,0.5777128898243323,0.9999721685337185,0.48253269332574117,0.9880910155315904,0.9999998073079569,0.999999000001,f6,f0,False,keep,G2,covertype,facil
svm_G2_covertype,4,0.673,0.6639443814258459,0.6571428784504335,0.673,1,0.8073222205729526,0.6950328103168574,0.5816116344915224,0.9999859561892499,0.7412658466633706,0.19230769230769232,0.5816116344915224,0.9999721050705429,0.48253269332574117,0.9881615858781718,0.9999998073079569,0.999999000001,f6,f0,False,keep,G2,covertype,facil
svm_G2_covertype,5,0.673,0.6639443814258459,0.6571428784504335,0.673,1,0.8073222205729526,0.6884955506102067,0.5598207641228956,0.9999859618049995,0.7412658466633706,0.19230769230769232,0.5598207641228956,0.9999721163020423,0.48253269332574117,0.9879042081651229,0.9999998073079569,0.999999000001,f6,f0,False,keep,G2,covertype,facil
svm_G2_covertype,6,0.673,0.6639443814258459,0.6571428784504335,0.673,1,0.8073222205729526,0.7570934220333216,0.7802044862481575,0.9879499454055347,0.7413221020793908,0.2653061224489796,0.7802044862481575,0.9759613166933155,0.48264520415778145,0.9880277350786871,0.999938574117754,0.999999000001,f6,f0,False,soft_adjust,G2,covertype,facil
svm_G2_covertype,7,0.673,0.6638441871980026,0.6570795045514558,0.673,1,0.8586169945259512,0.6574097371802761,0.40423484016719863,0.9954100578307536,0.7722059022414269,0.2916666666666667,0.40423484016719863,0.9918680614810563,0.5444128044818539,0.9875891590759531,0.998952054180451,0.999999000001,f6,f0,False,keep,G2,covertype,facil
svm_G2_covertype,8,0.673,0.6638441871980026,0.6570795045514558,0.673,1,0.8586169945259512,0.6212105379895642,0.28276986845373087,0.9963712271240672,0.7722059022414269,0.2916666666666667,0.28276986845373087,0.9935844862922774,0.5444128044818539,0.984226287745069,0.9991579679558572,0.999999000001,f6,f0,False,soft_adjust,G2,covertype,facil
svm_G2_covertype,9,0.673,0.6638441871980026,0.6570795045514558,0.673,1,0.859812162427042,0.5801431734685102,0.1459650675772899,0.9970269637337656,0.7715730408729394,0.2916666666666667,0.1459650675772899,0.9948014344516163,0.5431470817448789,0.9858511358802035,0.9992524930159151,0.999999000001,f6,f0,False,adjust,G2,covertype,facil
svm_G2_covertype,10,0.673,0.6639443814258459,0.6571428784504335,0.673,1,0.8073222205729526,0.5770159156288966,0.17545257808151005,0.9933422095878116,0.7413221020793908,0.2653061224489796,0.17545257808151005,0.9868045970130412,0.48264520415778145,0.9853258317855078,0.999879822162582,0.999999000001,f6,f0,False,adjust,G2,covertype,facil
svm_G2_covertype,11,0.673,0.6638441871980026,0.6570795045514558,0.673,1,0.8595103344776346,0.6448628712756683,0.36076567761493894,0.9981450229172193,0.7715730408729394,0.2916666666666667,0.36076567761493894,0.9969482009265221,0.5431470817448789,0.9831229334722275,0.9993418449079166,0.999999000001,f6,f0,False,soft_adjust,G2,covertype,facil
svm_G2_covertype,12,0.673,0.6638441871980026,0.6570795045514558,0.673,1,0.8588959235579182,0.590479226795833,0.17930226569507896,0.9983665393017098,0.7715730408729394,0.2916666666666667,0.17930226569507896,0.9972875779291034,0.5431470817448789,0.9861812695248595,0.9994455006743163,0.999999000001,f6,f0,False,adjust,G2,covertype,facil
svm_G2_covertype,13,0.673,0.6638441871980026,0.6570795045514558,0.673,1,0.8602306740432795,0.6285584540159589,0.30542292690147804,0.9985792210923494,0.7722059022414269,0.2916666666666667,0.30542292690147804,0.9976813526506823,0.5444128044818539,0.9863388484694952,0.9994770895340166,0.999999000001,f6,f0,False,keep,G2,covertype,facil
svm_G2_covertype,14,0.673,0.6638441871980026,0.6570795045514558,0.673,1,0.8602306740432795,0.6185344648699452,0.2718368165193409,0.9987865969668592,0.7722059022414269,0.2916666666666667,0.2718368165193409,0.9980320170592764,0.5444128044818539,0.9876845580136926,0.9995411768744421,0.999999000001,f6,f0,False,adjust,G2,covertype,facil
svm_G2_covertype,15,0.673,0.6638441871980026,0.6570795045514558,0.673,1,0.8610592656769247,0.6540746188903954,0.39021585210475496,0.9988923703461634,0.7722059022414269,0.2916666666666667,0.39021585210475496,0.9982174276697643,0.5444128044818539,0.9860966014270999,0.9995673130225625,0.999999000001,f6,f0,False,soft_adjust,G2,covertype,facil
svm_G2_covertype,16,0.673,0.6638441871980026,0.6570795045514558,0.673,1,0.8592175757194124,0.5974385088559856,0.20068024066965798,0.9990312302884554,0.7728387636099143,0.2916666666666667,0.20068024066965798,0.9983898292981274,0.5456785272188288,0.9862469713026063,0.9996726312787835,0.999999000001,f6,f0,False,adjust,G2,covertype,facil
svm_G2_covertype,17,0.673,0.6638441871980026,0.6570795045514558,0.673,1,0.8599032246281476,0.6144896538547405,0.2580625152246995,0.9991365144596103,0.7722059022414269,0.2916666666666667,0.2580625152246995,0.9985863782817811,0.5444128044818539,0.9841903301073827,0.9996866506374396,0.999999000001,f6,f0,False,soft_adjust,G2,covertype,facil
svm_G2_covertype,18,0.673,0.6638441871980026,0.6570795045514558,0.673,1,0.859209572059968,0.6202508365670757,0.27655309196548,0.9992331195778295,0.7728387636099143,0.2916666666666667,0.27655309196548,0.9987355674289133,0.5456785272188288,0.9848052713898541,0.9997306717267457,0.999999000001,f6,f0,False,soft_adjust,G2,covertype,facil
svm_G2_covertype,19,0.673,0.6638441871980026,0.6570795045514558,0.673,1,0.8605066947088812,0.600081030608011,0.20990263177742244,0.9992938816094246,0.7722059022414269,0.2916666666666667,0.20990263177742244,0.9988620543800781,0.5444128044818539,0.9836198785083389,0.9997257088387711,0.999999000001,f6,f0,False,adjust,G2,covertype,facil
xgb_G2_covertype,0,0.703,0.6840216853209369,0.6799438228091547,0.703,1,0.7111093401908875,0.6584558238343876,0.4510679103014688,0.9999932040793871,0.6895269331888615,0.4418604651162791,0.4510679103014688,0.9999880083914071,0.3790548663767231,0.8661750815170542,0.999998399767367,0.999999000001,f0,f0,True,soft_adjust,G2,covertype,facil
xgb_G2_covertype,1,0.696,0.6743245797155156,0.6724643231666952,0.696,1,0.7211022973060608,0.7402078081020983,0.5346731597569669,0.9958094657764541,0.8647497410077444,0.47619047619047616,0.5346731597569669,0.9939052161870751,0.7295004820144888,0.8911506974175158,0.9977137153658332,0.999999000001,f0,f0,True,adjust,G2,covertype,facil
xgb_G2_covertype,2,0.694,0.6713576757818664,0.6755056525322399,0.694,1,0.7206804752349854,0.755628209254183,0.5394108774586394,0.9985054108945404,0.8911644166675774,0.5121951219512195,0.5394108774586394,0.997721109105052,0.7823298333341548,0.8815542084743192,0.9992897126840289,0.999999000001,f0,f0,True,adjust,G2,covertype,facil
xgb_G2_covertype,3,0.694,0.6723328575679612,0.6705276616921213,0.694,1,0.7179895043373108,0.7544675562224982,0.5347522990373318,0.9992030590726315,0.891372778168193,0.5121951219512195,0.5347522990373318,0.9987826249457028,0.7827465563353861,0.8818911567570014,0.9996234931995603,0.999999000001,f0,f0,True,adjust,G2,covertype,facil
xgb_G2_covertype,4,0.694,0.6723328575679612,0.6705276616921213,0.694,1,0.7155135869979858,0.7502359394105446,0.5308774086367058,0.9995074372510832,0.8808886307135969,0.5121951219512195,0.5308774086367058,0.9992560539794985,0.7617782614261939,0.8806679533676233,0.9997588205226678,0.999999000001,f0,f0,True,adjust,G2,covertype,facil
xgb_G2_covertype,5,0.698,0.678476866105283,0.6750506413482847,0.698,1,0.7041852474212646,0.7269478696073332,0.5380314854379374,0.9927893632388297,0.8197083724589103,0.47619047619047616,0.5380314854379374,0.9897483366808073,0.6394177449168207,0.8974858192141767,0.9958303897968521,0.999999000001,f0,f0,True,adjust,G2,covertype,facil
xgb_G2_covertype,6,0.698,0.678476866105283,0.6750506413482847,0.698,1,0.7014493942260742,0.5914081839076506,0.007015784838192298,0.9947272841831559,0.8196159510171359,0.631578947368421,0.007015784838192298,0.9921684585336684,0.6392329020332718,0.8905513225160051,0.9972861098326434,0.999999000001,f0,f0,True,adjust,G2,covertype,facil
xgb_G2_covertype,7,0.695,0.6743273311301847,0.6715271765271766,0.695,1,0.808150053024292,0.7672552362417064,0.6146061212581148,0.9524603727173802,0.9282641230582842,0.4418604651162791,0.6146061212581148,0.9553795708106844,0.8565292461155685,0.8385829749789997,0.9495411746240761,0.999999000001,f0,f0,True,soft_adjust,G2,covertype,facil
xgb_G2_covertype,8,0.698,0.6780957903029692,0.67461182146668,0.698,1,0.79719078540802,0.7869457924149647,0.7279557291037348,0.9547051017444691,0.8950638729469682,0.4090909090909091,0.7279557291037348,0.9671704666596397,0.7901287458929365,0.7993935824685652,0.9422397368292985,0.999999000001,f0,f0,True,adjust,G2,covertype,facil
xgb_G2_covertype,9,0.699,0.6797708387524501,0.6756742301324848,0.699,1,0.8049167990684509,0.8340211782639604,0.8142359436599802,0.9745906978744163,0.9155804975626362,0.47619047619047616,0.8142359436599802,0.9843668110399981,0.8311619951242724,0.8402297667641089,0.9648145847088346,0.999999000001,f0,f0,True,keep,G2,covertype,facil
xgb_G2_covertype,10,0.699,0.6797708387524501,0.6756742301324848,0.699,1,0.8049167990684509,0.8108530284118025,0.7329077362649,0.979511947339881,0.9155804975626362,0.47619047619047616,0.7329077362649,0.9881592168231967,0.8311619951242724,0.8340231494664623,0.9708646778565652,0.999999000001,f0,f0,True,soft_adjust,G2,covertype,facil
xgb_G2_covertype,11,0.695,0.6737180141964638,0.6714081023943362,0.695,1,0.7986284494400024,0.7768249135453804,0.6736872569491777,0.9629133878562388,0.9087558437764367,0.4090909090909091,0.6736872569491777,0.9652933788494171,0.8175126875518733,0.799121695640607,0.9605333968630604,0.999999000001,f0,f0,True,adjust,G2,covertype,facil
xgb_G2_covertype,12,0.697,0.6758521952436956,0.6734675074925075,0.697,1,0.8036632537841797,0.8314931219428071,0.7780894859299026,0.9856653397547628,0.916068909774876,0.5121951219512195,0.7780894859299026,0.9922940786367149,0.832138819548752,0.8314535017542035,0.9790366008728107,0.999999000001,f0,f0,True,keep,G2,covertype,facil
xgb_G2_covertype,13,0.697,0.6758521952436956,0.6734675074925075,0.697,1,0.8036632537841797,0.8053166436621756,0.689133740525217,0.9877063211178593,0.916068909774876,0.5121951219512195,0.689133740525217,0.9936151676000148,0.832138819548752,0.8258989262729428,0.9817974746357038,0.999999000001,f0,f0,True,soft_adjust,G2,covertype,facil
xgb_G2_covertype,14,0.696,0.6757533716610279,0.6729283163081999,0.696,1,0.7952673435211182,0.8165668538914621,0.7078482307783432,0.9839307968421519,0.9190989514914036,0.55,0.7078482307783432,0.9823333389826608,0.8381989029818073,0.8607981814313261,0.985528254701643,0.999999000001,f0,f0,True,soft_adjust,G2,covertype,facil
xgb_G2_covertype,15,0.697,0.675023407429161,0.6730603741779244,0.697,1,0.7949209809303284,0.7810084915245468,0.6466487785974291,0.9826335290505837,0.9169213530507677,0.4418604651162791,0.6466487785974291,0.9758539245589353,0.8338437061005355,0.8485616035917537,0.9894131335422319,0.999999000001,f0,f0,True,adjust,G2,covertype,facil
xgb_G2_covertype,16,0.693,0.6693956923781309,0.667852072278538,0.693,1,0.7968947291374207,0.8278262739402314,0.7618348527920641,0.990503507509866,0.916068909774876,0.5121951219512195,0.7618348527920641,0.9956537340836229,0.832138819548752,0.8240189227619058,0.9853532809361093,0.999999000001,f0,f0,True,soft_adjust,G2,covertype,facil
xgb_G2_covertype,17,0.696,0.6748582001086249,0.6725051811286672,0.696,1,0.7889809012413025,0.8155192780180498,0.713611900578301,0.9845359180515716,0.9093390944388888,0.55,0.713611900578301,0.9885774884742106,0.8186791888767778,0.811721951162856,0.9804943476289327,0.999999000001,f0,f0,True,adjust,G2,covertype,facil
xgb_G2_covertype,18,0.695,0.6731041012858416,0.6712151784230393,0.695,1,0.78524249792099,0.8143532180502293,0.7053789713607516,0.9882437146060877,0.9105953266349398,0.55,0.7053789713607516,0.9910439528308398,0.8211916532688797,0.8142400037003849,0.9854434763813357,0.999999000001,f0,f0,True,adjust,G2,covertype,facil
xgb_G2_covertype,19,0.694,0.6721094947300392,0.6702527806743134,0.694,1,0.7822995781898499,0.8251548500793019,0.7450524781993422,0.9877184081495975,0.907365015273666,0.55,0.7450524781993422,0.9937326226183362,0.814731030546332,0.8070637229674634,0.981704193680859,0.999999000001,f0,f0,True,soft_adjust,G2,covertype,facil
knn_G3_wine,0,0.9444444444444444,0.9436036129748098,0.9493827160493827,0.9444444444444444,0,1.0,0.7429654165713329,0.6665986120028911,0.9999942824275629,0.7912075412119162,0.2916666666666667,0.6665986120028911,0.9999888584460062,0.5824175824175825,0.8799668918628133,0.9999997064091198,0.99999750000625,alcalinity_of_ash,proline,False,soft_adjust,G3,wine,facil
knn_G3_wine,1,0.9444444444444444,0.9436036129748098,0.9493827160493827,0.9444444444444444,0,1.0,0.7757156230886546,0.7406854118347832,0.9992338058414361,0.826921826926202,0.2916666666666667,0.7406854118347832,0.9985213868850599,0.6538461538461539,0.891338177126546,0.9999462247978123,0.99999750000625,alcalinity_of_ash,proline,False,soft_adjust,G3,wine,facil
knn_G3_wine,2,0.9444444444444444,0.9436036129748098,0.9493827160493827,0.9444444444444444,0,1.0,0.7752954649917707,0.6143468362439584,0.9283419708453975,0.8585152335196085,0.6756756756756757,0.6143468362439584,0.9865481932568041,0.717032967032967,0.7239116858735841,0.8701357484339909,0.99999750000625,alcalinity_of_ash,alcalinity_of_ash,True,soft_adjust,G3,wine,facil
knn_G3_wine,3,0.9444444444444444,0.9436036129748098,0.9493827160493827,0.9444444444444444,0,1.0,0.8064080507424033,0.8272281921162826,0.9967236086900604,0.8447789697833448,0.2916666666666667,0.8272281921162826,0.9963553153664445,0.6895604395604396,0.88568095085391,0.9970919020136764,0.99999750000625,alcalinity_of_ash,proline,False,soft_adjust,G3,wine,facil
knn_G3_wine,4,0.9722222222222222,0.9721867461331064,0.974074074074074,0.9722222222222222,0,1.0,0.8117787432504193,0.8747108791953722,0.9974908904909527,0.8145591895635645,0.2916666666666667,0.8747108791953722,0.9972698428414665,0.6291208791208791,0.8813501466300918,0.9977119381404391,0.99999750000625,alcalinity_of_ash,proline,False,soft_adjust,G3,wine,facil
knn_G3_wine,5,0.9444444444444444,0.9436036129748098,0.9493827160493827,0.9444444444444444,0,1.0,0.7255022404959682,0.6813133333088373,0.9978679879454142,0.720054145056545,0.2916666666666667,0.6813133333088373,0.9976242012801653,0.6401098901098902,0.8870501227799195,0.9981117746106632,0.7999984000031999,alcalinity_of_ash,proline,False,soft_adjust,G3,wine,facil
knn_G3_wine,6,0.9722222222222222,0.9721867461331064,0.974074074074074,0.9722222222222222,0,1.0,0.7265081213309089,0.6069348926369207,0.9975198064632731,0.798075673080048,0.2916666666666667,0.6069348926369207,0.99603885992036,0.5961538461538461,0.8898921872544814,0.9990007530061861,0.99999750000625,alcalinity_of_ash,proline,False,soft_adjust,G3,wine,facil
knn_G3_wine,7,0.9444444444444444,0.9436036129748098,0.9493827160493827,0.9444444444444444,0,1.0,0.7013717718481841,0.6044671604188919,0.9981729807908151,0.7228013978037977,0.2653061224489796,0.6044671604188919,0.997391350971133,0.6456043956043955,0.8918465351964739,0.9989546106104973,0.7999984000031999,alcalinity_of_ash,proline,False,soft_adjust,G3,wine,facil
knn_G3_wine,8,0.9722222222222222,0.9721867461331064,0.974074074074074,0.9722222222222222,0,1.0,0.7229855822316231,0.6026003094531591,0.9985212597767537,0.7898339148382898,0.2916666666666667,0.6026003094531591,0.9975882537778646,0.5796703296703297,0.8903808654783927,0.9994542657756426,0.99999750000625,alcalinity_of_ash,proline,False,soft_adjust,G3,wine,facil
knn_G3_wine,9,0.9444444444444444,0.9436036129748098,0.9493827160493827,0.9444444444444444,0,1.0,0.7809655599320793,0.7661937430709904,0.9820466326547633,0.8461525961569711,0.24,0.7661937430709904,0.9653030148413242,0.6923076923076923,0.8890601766039666,0.9987902504682025,0.99999750000625,alcalinity_of_ash,proline,False,soft_adjust,G3,wine,facil
knn_G3_wine,10,0.9722222222222222,0.9721867461331064,0.974074074074074,0.9722222222222222,0,1.0,0.7857360464512023,0.8032770729516909,0.9780571543029863,0.8282954532998283,0.24,0.8032770729516909,0.9567923666107114,0.6565934065934066,0.8818236823852689,0.9993219419952611,0.99999750000625,alcalinity_of_ash,proline,False,soft_adjust,G3,wine,facil
knn_G3_wine,11,0.9444444444444444,0.9436036129748098,0.9493827160493827,0.9444444444444444,0,1.0,0.7819370305555576,0.7660129549050378,0.9851510308065323,0.8406580906624657,0.2653061224489796,0.7660129549050378,0.9711590187398816,0.6813186813186813,0.8830208749109969,0.9991430428731829,0.99999750000625,alcalinity_of_ash,proline,False,soft_adjust,G3,wine,facil
knn_G3_wine,12,0.9722222222222222,0.9721867461331064,0.974074074074074,0.9722222222222222,0,1.0,0.8004440346357216,0.6263179299654953,0.8940943897944491,0.8849854881091825,0.8235294117647058,0.6263179299654953,0.9808765828723942,0.7699734762121152,0.6863254393010813,0.8073121967165039,0.99999750000625,alcalinity_of_ash,alcalinity_of_ash,True,soft_adjust,G3,wine,facil
knn_G3_wine,13,0.9444444444444444,0.9436036129748098,0.9493827160493827,0.9444444444444444,0,1.0,0.7913628106641152,0.7755124327992046,0.9801360964490813,0.8667569917613668,0.2653061224489796,0.7755124327992046,0.9615607412858075,0.7335164835164836,0.8896935264433771,0.9987114516123551,0.99999750000625,alcalinity_of_ash,proline,False,soft_adjust,G3,wine,facil
knn_G3_wine,14,0.9722222222222222,0.9721867461331064,0.974074074074074,0.9722222222222222,0,1.0,0.8114525182083185,0.6393497246634715,0.9012553758302524,0.9026811502900274,0.8235294117647058,0.6393497246634715,0.9886191389921916,0.8053648005738049,0.6965229990132574,0.8138916126683133,0.99999750000625,alcalinity_of_ash,alcalinity_of_ash,True,soft_adjust,G3,wine,facil
knn_G3_wine,15,0.9444444444444444,0.9436036129748098,0.9493827160493827,0.9444444444444444,0,1.0,0.7523214225428634,0.7781535977008037,0.9869544522378313,0.7282959032983032,0.2653061224489796,0.7781535977008037,0.9756998174618717,0.6565934065934066,0.8898600715393918,0.9982090870137907,0.7999984000031999,alcalinity_of_ash,proline,False,soft_adjust,G3,wine,facil
knn_G3_wine,16,0.9722222222222222,0.9721867461331064,0.974074074074074,0.9722222222222222,0,1.0,0.7909238864417165,0.6127129873408668,0.9026782129724387,0.9336302854833185,0.6756756756756757,0.6127129873408668,0.9860896430920623,0.867263070960387,0.6973644528569677,0.8192667828528152,0.99999750000625,alcalinity_of_ash,alcalinity_of_ash,True,soft_adjust,G3,wine,facil
knn_G3_wine,17,0.9444444444444444,0.9436036129748098,0.9493827160493827,0.9444444444444444,0,1.0,0.7537770816501962,0.7658448882323602,0.9894156718974263,0.7434057934081933,0.2653061224489796,0.7658448882323602,0.9811459438240259,0.6868131868131868,0.8917559830233187,0.9976853999708266,0.7999984000031999,alcalinity_of_ash,proline,False,soft_adjust,G3,wine,facil
knn_G3_wine,18,0.9722222222222222,0.9721867461331064,0.974074074074074,0.9722222222222222,0,1.0,0.7775511723061226,0.7735267943140395,0.9876113986812556,0.8228009478053228,0.24,0.7735267943140395,0.9769164126633845,0.6456043956043955,0.8901416507721244,0.9983063846991266,0.99999750000625,alcalinity_of_ash,proline,False,soft_adjust,G3,wine,facil
knn_G3_wine,19,0.9444444444444444,0.9436036129748098,0.9493827160493827,0.9444444444444444,0,1.0,0.7568351690572048,0.7472738447532082,0.9929481873582143,0.7626365626389626,0.2916666666666667,0.7472738447532082,0.9877285765533391,0.7252747252747253,0.8810480338276179,0.9981677981630895,0.7999984000031999,alcalinity_of_ash,proline,False,soft_adjust,G3,wine,facil
rf_G3_wine,0,0.9722222222222222,0.9721867461331064,0.974074074074074,0.9722222222222222,0,0.9398511543767949,0.8474606643080431,0.9429294043810869,0.9999980125425325,0.8631911328602797,0.2916666666666667,0.9429294043810869,0.9999963172740478,0.7263842657165593,0.9517024426985589,0.9999997078110173,0.999998000004,proline,color_intensity,False,soft_adjust,G3,wine,facil
rf_G3_wine,1,1.0,1.0,1.0,1.0,0,0.9988193014072978,0.8558776995119439,0.9574892005276433,0.9399202175541825,0.9267529498836844,0.2916666666666667,0.9626208006901629,0.9336136158559523,0.8535078997633687,0.9574892005276433,0.9462268192524128,0.999998000004,proline,flavanoids,False,soft_adjust,G3,wine,facil
rf_G3_wine,2,1.0,1.0,1.0,1.0,0,0.9778953089475737,0.8817183202121015,0.9553709858036579,0.972187339640592,0.935438727107616,0.47619047619047616,0.9553709858036579,0.9748354704699796,0.8708791208791209,0.9642168816562519,0.9695392088112044,0.9999983333361111,proline,color_intensity,False,soft_adjust,G3,wine,facil
rf_G3_wine,3,1.0,1.0,1.0,1.0,0,0.997346628905637,0.8376956149832493,0.9384377502253994,0.9241258310269185,0.917354538568882,0.21568627450980393,0.9384377502253994,0.8701407362092956,0.834710743801653,0.9800638088336342,0.9781109258445414,0.9999983333361111,total_phenols,proline,False,soft_adjust,G3,wine,facil
rf_G3_wine,4,0.9722222222222222,0.9721867461331064,0.974074074074074,0.9722222222222222,0,0.9951054376496067,0.8202401147613799,0.9459434586717472,0.8752548305238758,0.8799847011507111,0.2653061224489796,0.9465754945590854,0.7846035833308531,0.7599727356236446,0.9459434586717472,0.9659060777168984,0.9999966666777778,alcalinity_of_ash,alcohol,False,soft_adjust,G3,wine,facil
rf_G3_wine,5,1.0,1.0,1.0,1.0,0,0.9984216507653823,0.8072580972627319,0.8703673536046498,0.9086218861355728,0.9027311424145563,0.19230769230769232,0.8703673536046498,0.8416842987763119,0.8054633959389892,0.9650525232723568,0.9755594734948336,0.9999988888901234,total_phenols,color_intensity,False,keep,G3,wine,facil
rf_G3_wine,6,1.0,1.0,1.0,1.0,0,0.9984216507653823,0.7961435434022043,0.8606649272325643,0.9360623755114909,0.8525179814382842,0.19230769230769232,0.8606649272325643,0.8893961267120131,0.7050370739864448,0.9658895671501211,0.9827286243109686,0.9999988888901234,total_phenols,color_intensity,False,keep,G3,wine,facil
rf_G3_wine,7,1.0,1.0,1.0,1.0,0,0.9984216507653823,0.8105403818837987,0.8445982138204267,0.952673992360908,0.9027311424145563,0.19230769230769232,0.8445982138204267,0.9181824076498494,0.8054633959389892,0.9628852410812487,0.9871655770719665,0.9999988888901234,total_phenols,color_intensity,False,keep,G3,wine,facil
rf_G3_wine,8,1.0,1.0,1.0,1.0,0,0.9984216507653823,0.8143645410717507,0.8483202963455423,0.9635041300825773,0.9027311424145563,0.19230769230769232,0.8483202963455423,0.9369127361966801,0.8054633959389892,0.9622682275808917,0.9900955239684744,0.9999988888901234,total_phenols,color_intensity,False,keep,G3,wine,facil
rf_G3_wine,9,1.0,1.0,1.0,1.0,0,0.9984216507653823,0.8020632425100295,0.8438873947948764,0.9715053507053055,0.8594920315738774,0.19230769230769232,0.8438873947948764,0.9508818489142393,0.7189851742576314,0.9638432796338909,0.9921288524963718,0.9999988888901234,total_phenols,color_intensity,False,keep,G3,wine,facil
rf_G3_wine,10,1.0,1.0,1.0,1.0,0,0.9984216507653823,0.81932693008005,0.8603688704682729,0.9772642573312093,0.8957570922789629,0.19230769230769232,0.8603688704682729,0.960932166457616,0.7915152956678024,0.9659001916416946,0.9935963482048025,0.9999988888901234,total_phenols,color_intensity,False,keep,G3,wine,facil
rf_G3_wine,11,1.0,1.0,1.0,1.0,0,0.9984216507653823,0.8638358972636846,0.9167545722948336,0.9815771775753785,0.9452609155321692,0.34782608695652173,0.9167545722948336,0.9691134488354256,0.8905229421742149,0.9641463768279669,0.9940409063153314,0.9999988888901234,proline,color_intensity,False,keep,G3,wine,facil
rf_G3_wine,12,1.0,1.0,1.0,1.0,0,0.9984216507653823,0.8533117105109823,0.9094648383185219,0.9856697149297202,0.941016100943319,0.24,0.9094648383185219,0.9763649407585496,0.8820333129965146,0.9661022116043622,0.9949744891008907,0.9999988888901234,proline,color_intensity,False,keep,G3,wine,facil
rf_G3_wine,13,1.0,1.0,1.0,1.0,0,0.9984216507653823,0.86737546869997,0.9231201809680196,0.9880967329126966,0.9452609155321692,0.34782608695652173,0.9231201809680196,0.9804883638435647,0.8905229421742149,0.9655182881160472,0.9957051019818286,0.9999988888901234,proline,color_intensity,False,keep,G3,wine,facil
rf_G3_wine,14,1.0,1.0,1.0,1.0,0,0.9984216507653823,0.8536872036814902,0.9068559615502388,0.9903023397336917,0.941016100943319,0.24,0.9068559615502388,0.9843171889244919,0.8820333129965146,0.9699391183529095,0.9962874905428916,0.9999988888901234,proline,color_intensity,False,keep,G3,wine,facil
rf_G3_wine,15,1.0,1.0,1.0,1.0,0,0.9984216507653823,0.8686104851193686,0.9241758615925821,0.9917699818408166,0.9452609155321692,0.34782608695652173,0.9241758615925821,0.9867808229405762,0.8905229421742149,0.9655855292575333,0.9967591407410568,0.9999988888901234,proline,color_intensity,False,keep,G3,wine,facil
rf_G3_wine,16,1.0,1.0,1.0,1.0,0,0.9984216507653823,0.8649597565002731,0.9110641090182984,0.9929011704535748,0.9452609155321692,0.34782608695652173,0.9110641090182984,0.9886559296940421,0.8905229421742149,0.970048505087355,0.9971464112131074,0.9999988888901234,proline,color_intensity,False,keep,G3,wine,facil
rf_G3_wine,17,1.0,1.0,1.0,1.0,0,0.9984216507653823,0.8565189629106277,0.9132160980701572,0.9939972128263393,0.941016100943319,0.24,0.9132160980701572,0.9905261563476868,0.8820333129965146,0.9643940615465626,0.9974682693049919,0.9999988888901234,proline,color_intensity,False,keep,G3,wine,facil
rf_G3_wine,18,1.0,1.0,1.0,1.0,0,0.9984216507653823,0.8579725847726601,0.9174342401307181,0.9947499298017961,0.941016100943319,0.24,0.9174342401307181,0.9917612165664254,0.8820333129965146,0.9613555386162737,0.9977386430371668,0.9999988888901234,proline,color_intensity,False,keep,G3,wine,facil
rf_G3_wine,19,1.0,1.0,1.0,1.0,0,0.9984216507653823,0.8677738079338415,0.9184793627890377,0.9952590716629611,0.9452609155321692,0.34782608695652173,0.9184793627890377,0.9925501984450796,0.8905229421742149,0.9648034552889858,0.9979679448808426,0.9999988888901234,proline,color_intensity,False,keep,G3,wine,facil
xgb_G3_wine,0,0.9722222222222222,0.9717752234993614,0.974074074074074,0.9722222222222222,0,0.9465470910072327,0.857432432316514,0.864462118504293,0.9999884472955362,0.9608657613986763,0.34782608695652173,0.864462118504293,0.999977101191192,0.9217325227963526,0.9321063523854877,0.9999997933998803,0.999999000001,proline,color_intensity,False,keep,G3,wine,facil
xgb_G3_wine,1,0.9722222222222222,0.9717752234993614,0.974074074074074,0.9722222222222222,0,0.9465470910072327,0.8553212929068035,0.8543971570557417,0.999974426981582,0.9639052750764878,0.34782608695652173,0.8543971570557417,0.9999490605632836,0.9278115501519757,0.9297167878323913,0.9999997933998803,0.999999000001,proline,color_intensity,False,keep,G3,wine,facil
xgb_G3_wine,2,0.9722222222222222,0.9717752234993614,0.974074074074074,0.9722222222222222,0,0.9465470910072327,0.8610106648105502,0.8734233265256496,0.9999005112326795,0.9639052750764878,0.34782608695652173,0.8734233265256496,0.9998012290654789,0.9278115501519757,0.9668886839092445,0.9999997933998803,0.999999000001,proline,color_intensity,False,keep,G3,wine,facil
xgb_G3_wine,3,0.9722222222222222,0.9717752234993614,0.974074074074074,0.9722222222222222,0,0.9465470910072327,0.8138164411486826,0.7160534741120814,0.9999674394814905,0.9639052750764878,0.34782608695652173,0.7160534741120814,0.9999350855631006,0.9278115501519757,0.9434646729837811,0.9999997933998803,0.999999000001,proline,color_intensity,False,keep,G3,wine,facil
xgb_G3_wine,4,0.9722222222222222,0.9717752234993614,0.974074074074074,0.9722222222222222,0,0.9465470910072327,0.7962141409974686,0.6574181315885116,0.9999206499049181,0.9639052750764878,0.34782608695652173,0.6574181315885116,0.999841506409956,0.9278115501519757,0.9348319029040656,0.9999997933998803,0.999999000001,proline,color_intensity,False,keep,G3,wine,facil
xgb_G3_wine,5,0.9722222222222222,0.9717752234993614,0.974074074074074,0.9722222222222222,0,0.9465470910072327,0.8348824617881396,0.789300826699757,0.9999821153474819,0.9608657613986763,0.34782608695652173,0.789300826699757,0.9999644372950837,0.9217325227963526,0.935349108836311,0.9999997933998803,0.999999000001,proline,color_intensity,False,soft_adjust,G3,wine,facil
xgb_G3_wine,6,0.9722222222222222,0.9721867461331064,0.974074074074074,0.9722222222222222,0,0.9592966437339783,0.7894231720842366,0.8709284712834782,0.9927450457614411,0.65819456419611,0.55,0.8709284712834782,0.9903000483169923,0.8427051671732523,0.9460868923144502,0.99519004320589,0.4736839612189678,proline,color_intensity,False,soft_adjust,G3,wine,facil
xgb_G3_wine,7,0.9722222222222222,0.9721867461331064,0.974074074074074,0.9722222222222222,0,0.9585745930671692,0.7918925963077287,0.862350465836935,0.9914144234755327,0.6761128356258834,0.55,0.862350465836935,0.9897746346548606,0.878541710032799,0.941228270611082,0.9930542122962047,0.4736839612189678,proline,color_intensity,False,soft_adjust,G3,wine,facil
xgb_G3_wine,8,0.9722222222222222,0.9721867461331064,0.974074074074074,0.9722222222222222,0,0.9580533504486084,0.8736133177853722,0.8696977883074529,0.993691565818792,0.9392702994614612,0.55,0.8696977883074529,0.9928513429835805,0.878541710032799,0.9411125234089547,0.9945317886540036,0.9999988888901234,proline,color_intensity,False,soft_adjust,G3,wine,facil
xgb_G3_wine,9,0.9722222222222222,0.9721867461331064,0.974074074074074,0.9722222222222222,0,0.9573619961738586,0.8740923690384503,0.8692495283796746,0.9961456827444385,0.9392702994614612,0.55,0.8692495283796746,0.996710140542774,0.878541710032799,0.9393332967408866,0.995581224946103,0.9999988888901234,proline,color_intensity,False,soft_adjust,G3,wine,facil
xgb_G3_wine,10,0.9722222222222222,0.9717752234993614,0.974074074074074,0.9722222222222222,0,0.943157434463501,0.8546743576180471,0.8612100355118281,0.9984678723558753,0.9175526914898617,0.47619047619047616,0.8612100355118281,0.9989515500427566,0.8351063829787234,0.9317631018319463,0.9979841946689939,0.999999000001,proline,color_intensity,False,soft_adjust,G3,wine,facil
xgb_G3_wine,11,0.9722222222222222,0.9717752234993614,0.974074074074074,0.9722222222222222,0,0.9428353905677795,0.8632137064610341,0.8895227410888569,0.998650021035389,0.9175526914898617,0.47619047619047616,0.8895227410888569,0.999008601256977,0.8351063829787234,0.9317214843526601,0.9982914408138011,0.999999000001,proline,color_intensity,False,soft_adjust,G3,wine,facil
xgb_G3_wine,12,0.9444444444444444,0.9448559670781892,0.9513888888888888,0.9444444444444444,0,0.9549303650856018,0.8752361475936309,0.8767087959275213,0.996546413687193,0.9541921236696447,0.5121951219512195,0.8767087959275213,0.9966093674280961,0.9083852473382894,0.9693808756393304,0.9964834599462898,0.999999000001,proline,color_intensity,False,soft_adjust,G3,wine,facil
xgb_G3_wine,13,0.9722222222222222,0.9717752234993614,0.974074074074074,0.9722222222222222,0,0.9542632699012756,0.8163654191923159,0.9035900068218873,0.9980659896024904,0.6910346042786286,0.5897435897435898,0.9035900068218873,0.9995272083945911,0.9083852473382894,0.9466204602419737,0.9966047708103896,0.4736839612189678,proline,color_intensity,False,soft_adjust,G3,wine,facil
xgb_G3_wine,14,0.9722222222222222,0.9717752234993614,0.974074074074074,0.9722222222222222,0,0.9535912871360779,0.8914903703343989,0.8910836487601032,0.9977844672422701,0.9541920681142064,0.5897435897435898,0.8910836487601032,0.9985321297781734,0.9083852473382894,0.9738181343691589,0.9970368047063668,0.9999988888901234,proline,color_intensity,False,soft_adjust,G3,wine,facil
xgb_G3_wine,15,0.9722222222222222,0.9717752234993614,0.974074074074074,0.9722222222222222,0,0.9528177976608276,0.8726674427312595,0.9033041680144887,0.9984428634885514,0.9526213556244438,0.4418604651162791,0.9033041680144887,0.9995015512274928,0.9052438223587642,0.9464858227403217,0.9973841757496098,0.9999988888901234,proline,color_intensity,False,soft_adjust,G3,wine,facil
xgb_G3_wine,16,0.9722222222222222,0.9717752234993614,0.974074074074074,0.9722222222222222,0,0.9522964358329773,0.8909940136462219,0.8889494544910123,0.9983600736124709,0.9541920681142064,0.5897435897435898,0.8889494544910123,0.9990415382671357,0.9083852473382894,0.9737559592160943,0.9976786089578062,0.9999988888901234,proline,color_intensity,False,soft_adjust,G3,wine,facil
xgb_G3_wine,17,0.9722222222222222,0.9717752234993614,0.974074074074074,0.9722222222222222,0,0.9510807394981384,0.8935316488588699,0.8973127096634098,0.9984747082561866,0.9541920681142064,0.5897435897435898,0.8973127096634098,0.9995147875435644,0.9083852473382894,0.9454381315446344,0.9974346289688087,0.9999988888901234,proline,color_intensity,False,soft_adjust,G3,wine,facil
xgb_G3_wine,18,1.0,1.0,1.0,1.0,0,0.952011227607727,0.877506546367976,0.9076687262342517,0.9979672377995852,0.9107137301593474,0.55,0.9076687262342517,0.9986110170553376,0.8214285714285714,0.9425615641030944,0.9973234585438326,0.9999988888901234,proline,color_intensity,False,soft_adjust,G3,wine,facil
xgb_G3_wine,19,0.9722222222222222,0.9717752234993614,0.974074074074074,0.9722222222222222,0,0.937131941318512,0.8611129341618607,0.8881471261092898,0.9976678150090075,0.9127442371608352,0.47619047619047616,0.8881471261092898,0.9993962698819165,0.8254894743206704,0.9278513435151721,0.9959393601360985,0.999999000001,proline,color_intensity,False,soft_adjust,G3,wine,facil
knn_G3_digits,0,0.9722222222222222,0.972105368567364,0.9726681039452212,0.9722222222222222,0,1.0,0.5,1.0,0.5,0.0,0.5,0.0,,0.5,0.0,,0.5,pixel_0,pixel_0,True,adjust,G3,digits,facil
knn_G3_digits,1,0.9722222222222222,0.972105368567364,0.9726681039452212,0.9722222222222222,0,1.0,0.5,1.0,0.5,0.0,0.5,0.0,,0.5,0.0,,0.5,pixel_0,pixel_0,True,adjust,G3,digits,facil
knn_G3_digits,2,0.9722222222222222,0.972105368567364,0.9726681039452212,0.9722222222222222,0,1.0,0.5,1.0,0.5,0.0,0.5,0.0,,0.5,0.0,,0.5,pixel_0,pixel_0,True,adjust,G3,digits,facil
knn_G3_digits,3,0.9722222222222222,0.972105368567364,0.9726681039452212,0.9722222222222222,0,1.0,0.5,1.0,0.5,0.0,0.5,0.0,,0.5,0.0,,0.5,pixel_0,pixel_0,True,adjust,G3,digits,facil
knn_G3_digits,4,0.9694444444444444,0.9693201569507518,0.9703264074099762,0.9694444444444444,0,1.0,0.5,1.0,0.5,0.0,0.5,0.0,,0.5,0.0,,0.5,pixel_0,pixel_0,True,adjust,G3,digits,facil
knn_G3_digits,5,0.9722222222222222,0.972105368567364,0.9726681039452212,0.9722222222222222,0,1.0,0.5,1.0,0.5,0.0,0.5,0.0,,0.5,0.0,,0.5,pixel_0,pixel_0,True,adjust,G3,digits,facil
knn_G3_digits,6,0.9694444444444444,0.9693201569507518,0.9703264074099762,0.9694444444444444,0,1.0,0.5,1.0,0.5,0.0,0.5,0.0,,0.5,0.0,,0.5,pixel_0,pixel_0,True,adjust,G3,digits,facil
knn_G3_digits,7,0.9722222222222222,0.972105368567364,0.9726681039452212,0.9722222222222222,0,1.0,0.5,1.0,0.5,0.0,0.5,0.0,,0.5,0.0,,0.5,pixel_0,pixel_0,True,adjust,G3,digits,facil
knn_G3_digits,8,0.9694444444444444,0.9693201569507518,0.9703264074099762,0.9694444444444444,0,1.0,0.5,1.0,0.5,0.0,0.5,0.0,,0.5,0.0,,0.5,pixel_0,pixel_0,True,adjust,G3,digits,facil
knn_G3_digits,9,0.9722222222222222,0.972105368567364,0.9726681039452212,0.9722222222222222,0,1.0,0.5,1.0,0.5,0.0,0.5,0.0,,0.5,0.0,,0.5,pixel_0,pixel_0,True,adjust,G3,digits,facil
knn_G3_digits,10,0.9694444444444444,0.9693201569507518,0.9703264074099762,0.9694444444444444,0,1.0,0.5,1.0,0.5,0.0,0.5,0.0,,0.5,0.0,,0.5,pixel_0,pixel_0,True,adjust,G3,digits,facil
knn_G3_digits,11,0.9722222222222222,0.972105368567364,0.9726681039452212,0.9722222222222222,0,1.0,0.5,1.0,0.5,0.0,0.5,0.0,,0.5,0.0,,0.5,pixel_0,pixel_0,True,adjust,G3,digits,facil
knn_G3_digits,12,0.9694444444444444,0.9693201569507518,0.9703264074099762,0.9694444444444444,0,1.0,0.5,1.0,0.5,0.0,0.5,0.0,,0.5,0.0,,0.5,pixel_0,pixel_0,True,adjust,G3,digits,facil
knn_G3_digits,13,0.9722222222222222,0.972105368567364,0.9726681039452212,0.9722222222222222,0,1.0,0.5,1.0,0.5,0.0,0.5,0.0,,0.5,0.0,,0.5,pixel_0,pixel_0,True,adjust,G3,digits,facil
knn_G3_digits,14,0.9694444444444444,0.9693201569507518,0.9703264074099762,0.9694444444444444,0,1.0,0.5,1.0,0.5,0.0,0.5,0.0,,0.5,0.0,,0.5,pixel_0,pixel_0,True,adjust,G3,digits,facil
knn_G3_digits,15,0.9722222222222222,0.972105368567364,0.9726681039452212,0.9722222222222222,0,1.0,0.5,1.0,0.5,0.0,0.5,0.0,,0.5,0.0,,0.5,pixel_0,pixel_0,True,adjust,G3,digits,facil
knn_G3_digits,16,0.9694444444444444,0.9693201569507518,0.9703264074099762,0.9694444444444444,0,1.0,0.5,1.0,0.5,0.0,0.5,0.0,,0.5,0.0,,0.5,pixel_0,pixel_0,True,adjust,G3,digits,facil
knn_G3_digits,17,0.9722222222222222,0.972105368567364,0.9726681039452212,0.9722222222222222,0,1.0,0.5,1.0,0.5,0.0,0.5,0.0,,0.5,0.0,,0.5,pixel_0,pixel_0,True,adjust,G3,digits,facil
knn_G3_digits,18,0.9694444444444444,0.9693201569507518,0.9703264074099762,0.9694444444444444,0,1.0,0.5,1.0,0.5,0.0,0.5,0.0,,0.5,0.0,,0.5,pixel_0,pixel_0,True,adjust,G3,digits,facil
knn_G3_digits,19,0.9722222222222222,0.972105368567364,0.9726681039452212,0.9722222222222222,0,1.0,0.5,1.0,0.5,0.0,0.5,0.0,,0.5,0.0,,0.5,pixel_0,pixel_0,True,adjust,G3,digits,facil
rf_G3_digits,0,0.8333333333333334,0.8306782158619822,0.8365065272197388,0.8333333333333334,0,0.7164446532373556,0.6208503403958437,0.8393931707591006,0.9999684991632212,0.3886041599462191,0.01639344262295082,0.9675349727141286,0.9999740963338842,0.7772083198924382,0.8393931707591006,0.999962901992558,0.0,pixel_46,pixel_36,False,soft_adjust,G3,digits,facil
rf_G3_digits,1,0.8555555555555555,0.8526038792685416,0.8647913856204189,0.8555555555555555,0,0.6750537471388987,0.6328775172641808,0.9100357514498948,0.9584354891995259,0.36637697314374684,0.06896551724137931,0.987618306601743,0.9653237038855579,0.7327539462874937,0.9100357514498948,0.9515472745134939,0.0,pixel_46,pixel_36,False,soft_adjust,G3,digits,facil
rf_G3_digits,2,0.8694444444444445,0.8687514572283562,0.8742586421114606,0.8694444444444445,0,0.6447314395643844,0.5230762537184691,0.8084002961168978,0.7122785060775693,0.3416217945466914,0.0,0.9607838928375634,0.6,0.6832435890933828,0.8084002961168978,0.8245570121551385,0.0,pixel_61,pixel_36,False,soft_adjust,G3,digits,facil
rf_G3_digits,3,0.875,0.8743491565975957,0.8811962886381492,0.875,0,0.6479019264501935,0.5937793896987217,0.9256172690868616,0.8752083265852767,0.31611036977633833,0.01639344262295082,0.9928569295205187,0.8213315588375092,0.6322207395526767,0.9256172690868616,0.9290850943330442,0.0,pixel_61,pixel_36,False,soft_adjust,G3,digits,facil
rf_G3_digits,4,0.8527777777777777,0.8494336940420084,0.8574455734089754,0.8527777777777777,0,0.708654037203744,0.6193121681810124,0.8737144363353546,0.9227879537286413,0.3367638357834607,0.16981132075471697,0.9871468668146832,0.93265692885659,0.6735276715669214,0.8737144363353546,0.9129189786006926,0.0,pixel_61,pixel_36,False,soft_adjust,G3,digits,facil
rf_G3_digits,5,0.8583333333333333,0.856904576182079,0.8681331747792017,0.8583333333333333,0,0.564532992331302,0.5062888133383706,0.6237495764052985,0.7688397294481344,0.3270261806953121,0.19230769230769232,0.9943950559101445,0.9315570830022841,0.6540523613906242,0.6237495764052985,0.6061223758939845,0.0,pixel_54,pixel_28,False,soft_adjust,G3,digits,facil
rf_G3_digits,6,0.8611111111111112,0.8584827435725776,0.869724719269267,0.8611111111111112,0,0.5918768267323291,0.4817868163113356,0.7481217068441491,0.6152794871688321,0.328434774886276,0.03333333333333333,0.9823700157168843,0.6239681443552464,0.656869549772552,0.7481217068441491,0.6065908299824176,0.0,pixel_61,pixel_28,False,soft_adjust,G3,digits,facil
rf_G3_digits,7,0.8694444444444445,0.8694352788194165,0.8811702796996914,0.8694444444444445,0,0.6929344246039087,0.5996325156488286,0.9001572913049705,0.9070780617625422,0.3427193760556731,0.0,0.9941363597392485,0.9015602120880887,0.6854387521113462,0.9001572913049705,0.9125959114369957,0.0,pixel_61,pixel_36,False,soft_adjust,G3,digits,facil
rf_G3_digits,8,0.85,0.8436892168026674,0.861909830359547,0.85,0,0.7550897195759892,0.5516857497982333,0.8283884892168025,0.7467905280047502,0.36281484129312386,0.05084745762711865,0.8283884892168025,0.6,0.7256296825862477,0.8984587003867195,0.8935810560095003,0.0,pixel_42,pixel_36,False,soft_adjust,G3,digits,facil
rf_G3_digits,9,0.8611111111111112,0.8593934893382845,0.8696698822871812,0.8611111111111112,0,0.6933133182539016,0.598823102748191,0.8248447622137144,0.8617361551511526,0.3569649381671155,0.19230769230769232,0.9916819033268951,0.8537895737793935,0.713929876334231,0.8248447622137144,0.8696827365229118,0.0,pixel_61,pixel_33,False,soft_adjust,G3,digits,facil
rf_G3_digits,10,0.8527777777777777,0.8502743721466921,0.8666959450057186,0.8527777777777777,0,0.648268390242405,0.620336110935796,0.8843613103941106,0.9232260903873595,0.370211001612936,0.08771929824561403,0.9951085506329319,0.9512328934297145,0.740422003225872,0.8843613103941106,0.8952192873450046,0.0,pixel_61,pixel_36,False,soft_adjust,G3,digits,facil
rf_G3_digits,11,0.8166666666666667,0.81357909033846,0.832549582238558,0.8166666666666667,0,0.7249159855506953,0.5960633201148726,0.8890939939765458,0.9039985267021013,0.3190279053410523,0.05084745762711865,0.9939049135626642,0.9027222591122205,0.6380558106821046,0.8890939939765458,0.9052747942919821,0.0,pixel_61,pixel_36,False,soft_adjust,G3,digits,facil
rf_G3_digits,12,0.85,0.8470330697852244,0.8583943607880565,0.85,0,0.6922341664508241,0.6193233350246787,0.9388100989138286,0.9042452938104057,0.372063272993096,0.0,0.9779532843129881,0.8875439202233956,0.744126545986192,0.9388100989138286,0.9209466673974159,0.0,pixel_61,pixel_36,False,soft_adjust,G3,digits,facil
rf_G3_digits,13,0.8555555555555555,0.8500240903579628,0.8653004796427688,0.8555555555555555,0,0.7853238078925978,0.5657248837155786,0.896845156064381,0.7400175260301798,0.33774042600837484,0.06896551724137931,0.896845156064381,0.6,0.6754808520167497,0.9379889810668569,0.8800350520603595,0.0,pixel_46,pixel_36,False,soft_adjust,G3,digits,facil
rf_G3_digits,14,0.8722222222222222,0.8716116965879377,0.8783194298983773,0.8722222222222222,0,0.7420598778392595,0.5365052271721718,0.8361305999494438,0.7215508868887444,0.35092775155050826,0.0,0.9352879539675539,0.6,0.7018555031010165,0.8361305999494438,0.8431017737774887,0.0,pixel_37,pixel_36,False,soft_adjust,G3,digits,facil
rf_G3_digits,15,0.8277777777777777,0.8239636530671103,0.8383696118478727,0.8277777777777777,0,0.7969803375420021,0.5778624475008902,0.9317633207238373,0.7465169499273975,0.34692365052607266,0.05084745762711865,0.9317633207238373,0.6,0.6938473010521453,0.9479983828873296,0.893033899854795,0.0,pixel_17,pixel_28,False,soft_adjust,G3,digits,facil
rf_G3_digits,16,0.8722222222222222,0.8711555751125011,0.8807416607463684,0.8722222222222222,0,0.7751738902755905,0.5775327288619715,0.9133611992808108,0.7594572514560973,0.36220018737901294,0.03333333333333333,0.9133611992808108,0.6,0.7244003747580259,0.9348254234119284,0.9189145029121947,0.0,pixel_25,pixel_36,False,soft_adjust,G3,digits,facil
rf_G3_digits,17,0.8444444444444444,0.8389502590791221,0.8551000527195267,0.8444444444444444,0,0.7587518626788008,0.5954411138082991,0.9204371077641578,0.7667625939921077,0.38153812748060906,0.08771929824561403,0.9626419766051666,0.6,0.7630762549612181,0.9204371077641578,0.9335251879842155,0.0,pixel_46,pixel_36,False,soft_adjust,G3,digits,facil
rf_G3_digits,18,0.8611111111111112,0.8601585105916968,0.8671371000863876,0.8611111111111112,0,0.8089138640104491,0.6045873144780982,0.9462798030192119,0.7776743447021173,0.36737786275125606,0.10714285714285714,0.9711051847557157,0.6,0.7347557255025121,0.9462798030192119,0.9553486894042345,0.0,pixel_46,pixel_36,False,soft_adjust,G3,digits,facil
rf_G3_digits,19,0.85,0.8463371213329667,0.8630474612707164,0.85,0,0.7289239414484372,0.5608156613540075,0.8418010991468424,0.791490990053971,0.33352585503418364,0.06896551724137931,0.966996503463104,0.7876670046924784,0.6670517100683673,0.8418010991468424,0.7953149754154637,0.0,pixel_54,pixel_36,False,soft_adjust,G3,digits,facil
xgb_G3_digits,0,0.9083333333333333,0.9092812007346317,0.9134211460570801,0.9083333333333333,0,0.905339241027832,0.5898729533987613,0.22036402510621259,0.9997974549267288,0.7961162464616466,0.01639344262295082,0.22036402510621259,0.9996137369204354,0.5922341595871821,0.921987886608524,0.999981172933022,0.9999983333361111,pixel_21,pixel_36,False,soft_adjust,G3,digits,facil
xgb_G3_digits,1,0.9083333333333333,0.9091858089902352,0.9132285956753313,0.9083333333333333,0,0.9060222506523132,0.5878481882688941,0.1803344930822895,0.9790440672887081,0.8466910510843627,0.01639344262295082,0.1803344930822895,0.96585254771831,0.6933871021437256,0.9478268841008474,0.9922355868591062,0.9999950000249999,pixel_21,pixel_36,False,soft_adjust,G3,digits,facil
xgb_G3_digits,2,0.9083333333333333,0.9091858089902352,0.9132285956753313,0.9083333333333333,0,0.905656099319458,0.6477774802861752,0.3701534165045189,0.9909785272511579,0.8466910510843627,0.01639344262295082,0.3701534165045189,0.9855087265240838,0.6933871021437256,0.9365153421032261,0.9964483279782319,0.9999950000249999,pixel_21,pixel_36,False,soft_adjust,G3,digits,facil
xgb_G3_digits,3,0.9027777777777778,0.9036519564004443,0.908262414431635,0.9027777777777778,0,0.9021450281143188,0.5972972978920532,0.21903206995393823,0.9877250735813681,0.8280213617017658,0.03333333333333333,0.21903206995393823,0.9798475863622984,0.6560443900674204,0.9388178149738304,0.9956025608004376,0.9999983333361111,pixel_21,pixel_36,False,soft_adjust,G3,digits,facil
xgb_G3_digits,4,0.9,0.9010500133367474,0.9063286846945965,0.9,0,0.8981366753578186,0.6467057336621468,0.3954152074526732,0.966034288364807,0.8386436371280723,0.01639344262295082,0.3954152074526732,0.9409581777577326,0.6772906075783668,0.9454445877802805,0.9911103989718815,0.9999966666777778,pixel_21,pixel_36,False,soft_adjust,G3,digits,facil
xgb_G3_digits,5,0.9,0.9010500133367474,0.9063286846945965,0.9,0,0.8977521061897278,0.6232901515056163,0.3085895381638566,0.9765627628852653,0.8386436371280723,0.01639344262295082,0.3085895381638566,0.9590696142209119,0.6772906075783668,0.9308178657099291,0.9940559115496188,0.9999966666777778,pixel_21,pixel_36,False,soft_adjust,G3,digits,facil
xgb_G3_digits,6,0.9027777777777778,0.9038377506808473,0.9085561159127208,0.9027777777777778,0,0.8962382674217224,0.67710531547723,0.49479639719785934,0.956842254498621,0.8523527756440565,0.0,0.49479639719785934,0.919784018268085,0.7047088846103354,0.9484904934600821,0.993900490729157,0.9999966666777778,pixel_29,pixel_36,False,soft_adjust,G3,digits,facil
xgb_G3_digits,7,0.9027777777777778,0.9038377506808473,0.9085561159127208,0.9027777777777778,0,0.8948255181312561,0.6802339497479495,0.4967555919404795,0.9676908849097029,0.8517818364612666,0.0,0.4967555919404795,0.9400200767628387,0.7035670062447555,0.9595352177461313,0.9953616930565671,0.9999966666777778,pixel_29,pixel_36,False,soft_adjust,G3,digits,facil
xgb_G3_digits,8,0.8944444444444445,0.8956313743312622,0.9002715151550412,0.8944444444444445,0,0.8916155695915222,0.6980344136357022,0.588899294293868,0.9590197385443591,0.8261989690381735,0.0,0.588899294293868,0.9213952924716756,0.6524012713985692,0.9517308849702079,0.9966441846170424,0.9999966666777778,pixel_29,pixel_36,False,soft_adjust,G3,digits,facil
xgb_G3_digits,9,0.9027777777777778,0.9039918153942995,0.908532277669276,0.9027777777777778,0,0.892146110534668,0.6613146074857352,0.4561557475486575,0.9666150772652684,0.83021371301607,0.0,0.4561557475486575,0.938115256362248,0.6604307593543624,0.9545211034739621,0.9951148981682887,0.9999966666777778,pixel_29,pixel_36,False,soft_adjust,G3,digits,facil
xgb_G3_digits,10,0.8972222222222223,0.8983833435810086,0.9029559068292583,0.8972222222222223,0,0.8906798362731934,0.6027154579715313,0.2558632723624839,0.9724899495511099,0.8302799629166954,0.0,0.2558632723624839,0.9474961395759199,0.660563259155613,0.9571117812559755,0.9974837595262998,0.9999966666777778,pixel_29,pixel_36,False,soft_adjust,G3,digits,facil
xgb_G3_digits,11,0.8972222222222223,0.8981635088342859,0.9021606111413595,0.8972222222222223,0,0.8829902410507202,0.6466232776898717,0.4010605674266165,0.9886384022205208,0.8179850230225216,0.0,0.4010605674266165,0.979959952568932,0.6359712960434809,0.9581192981575276,0.9973168518721095,0.9999987500015625,pixel_21,pixel_36,False,soft_adjust,G3,digits,facil
xgb_G3_digits,12,0.9,0.9008909121060439,0.905142547439828,0.9,0,0.8814876675605774,0.6483112590717206,0.4058996546015696,0.9900763223986254,0.8175742736386444,0.0,0.4058996546015696,0.9834597062474596,0.6351497972757264,0.9610525922295681,0.9966929385497912,0.9999987500015625,pixel_21,pixel_36,False,keep,G3,digits,facil
xgb_G3_digits,13,0.9,0.9008909121060439,0.905142547439828,0.9,0,0.8814876675605774,0.6394652555251787,0.37498554764965164,0.9917892365547596,0.8175742736386444,0.0,0.37498554764965164,0.9864277927361574,0.6351497972757264,0.956487031687013,0.9971506803733617,0.9999987500015625,pixel_21,pixel_36,False,soft_adjust,G3,digits,facil
xgb_G3_digits,14,0.9,0.9011457118877317,0.9060021435392495,0.9,0,0.8859569430351257,0.6530682851939702,0.3810944206138494,0.9905395809533547,0.857850212571589,0.0,0.3810944206138494,0.9837763822280614,0.7157054251181783,0.971121821489111,0.997302779678648,0.9999950000249999,pixel_21,pixel_36,False,soft_adjust,G3,digits,facil
xgb_G3_digits,15,0.8972222222222223,0.8981238255755749,0.9031804634746886,0.8972222222222223,0,0.8894543051719666,0.6305677188776218,0.3353924674163272,0.9573009539635247,0.8562491338728082,0.0,0.3353924674163272,0.9387241792246798,0.7125032677206166,0.9578141284851236,0.9758777287023696,0.9999950000249999,pixel_29,pixel_36,False,soft_adjust,G3,digits,facil
xgb_G3_digits,16,0.9,0.9010560577212902,0.9060305311503376,0.9,0,0.8893327713012695,0.6704689355443034,0.5098829377650171,0.9536938387915067,0.8177686483897388,0.0,0.5098829377650171,0.9285369061832982,0.6355472966794786,0.9619939419153146,0.9788507713997152,0.999990000099999,pixel_29,pixel_36,False,soft_adjust,G3,digits,facil
xgb_G3_digits,17,0.9027777777777778,0.9038138809708329,0.9085877978716912,0.9027777777777778,0,0.8891791701316833,0.6106111627587274,0.2993861480642747,0.9587139766676835,0.8245560805750805,0.0,0.2993861480642747,0.9343669122864813,0.649122161050162,0.9690273964323549,0.9830610410488858,0.999990000099999,pixel_29,pixel_36,False,soft_adjust,G3,digits,facil
xgb_G3_digits,18,0.9,0.9011009538972863,0.9061714924147449,0.9,0,0.8863699436187744,0.5768237186983851,0.19813940550768197,0.9554511485076528,0.815897033063891,0.0,0.19813940550768197,0.9224469220580733,0.6317960661237821,0.9661654350576804,0.9884553749572322,0.999998000004,pixel_29,pixel_36,False,soft_adjust,G3,digits,facil
xgb_G3_digits,19,0.9,0.9011747558129057,0.9061071888121347,0.9,0,0.8860430121421814,0.5845003662964372,0.20611629103656937,0.9662985649940556,0.8244694591231747,0.0,0.20611629103656937,0.9430620839165826,0.6489489181463504,0.9155651028817117,0.9895350460715285,0.999990000099999,pixel_29,pixel_36,False,soft_adjust,G3,digits,facil
knn_G3_covertype,0,0.685,0.6777562391161278,0.6887270896752951,0.685,1,0.9,0.7521804289024787,0.6982859927814881,0.9999969693450317,0.8459099164622366,0.06896551724137931,0.8554756576301003,0.9999951024300924,0.6918223329182233,0.6982859927814881,0.999998836259971,0.99999750000625,f6,f9,False,soft_adjust,G3,covertype,facil
knn_G3_covertype,1,0.691,0.6837983950348213,0.6860476678843737,0.691,1,0.8888888888888888,0.7697675815790147,0.7609030982431405,0.9950130579939687,0.8413814674638642,0.08771929824561403,0.838599071147162,0.9905405571051169,0.6827729348277294,0.7609030982431405,0.9994855588828203,0.999990000099999,f6,f9,False,soft_adjust,G3,covertype,facil
knn_G3_covertype,2,0.685,0.6777562391161278,0.6887270896752951,0.685,1,0.9,0.7276469945036171,0.6133526604151974,0.9980076566863689,0.8460344494634819,0.08771929824561403,0.8498119442387846,0.9962540511568257,0.6920713989207139,0.6133526604151974,0.999761262215912,0.99999750000625,f6,f9,False,soft_adjust,G3,covertype,facil
knn_G3_covertype,3,0.691,0.6837983950348213,0.6860476678843737,0.691,1,0.8888888888888888,0.7435699609747157,0.6176244248820852,0.99520804214055,0.897172252021772,0.08771929824561403,0.8296663705026542,0.9909305253982797,0.7943545039435449,0.6176244248820852,0.9994855588828203,0.999990000099999,f6,f9,False,soft_adjust,G3,covertype,facil
knn_G3_covertype,4,0.685,0.6777562391161278,0.6887270896752951,0.685,1,0.9,0.728856431198378,0.6250917090929253,0.9889079846536332,0.8459099164622366,0.08771929824561403,0.8735167656020828,0.9781584849812383,0.6918223329182233,0.6250917090929253,0.9996574843260281,0.99999750000625,f2,f9,False,soft_adjust,G3,covertype,facil
knn_G3_covertype,5,0.691,0.6837983950348213,0.6860476678843737,0.691,1,0.8888888888888888,0.7495021949742252,0.6926201306713853,0.9957914462599211,0.8414644894646944,0.08771929824561403,0.8241944137791452,0.9920973336370218,0.6829389788293898,0.6926201306713853,0.9994855588828203,0.999990000099999,f6,f9,False,soft_adjust,G3,covertype,facil
knn_G3_covertype,6,0.685,0.6777562391161278,0.6887270896752951,0.685,1,0.9,0.749833173020543,0.6338565407984419,0.9913642331754419,0.9001647940047854,0.10714285714285714,0.8829807589993013,0.9832696362504515,0.8003320880033209,0.6338565407984419,0.9994588301004322,0.99999750000625,f6,f9,False,soft_adjust,G3,covertype,facil
knn_G3_covertype,7,0.691,0.6837983950348213,0.6860476678843737,0.691,1,0.8888888888888888,0.7911241863434707,0.7690469119143643,0.9918021172682026,0.8972137630221871,0.12727272727272726,0.895319719966784,0.984093251228756,0.7944375259443752,0.7690469119143643,0.9995109833076491,0.999990000099999,f6,f9,False,soft_adjust,G3,covertype,facil
knn_G3_covertype,8,0.685,0.6777562391161278,0.6887270896752951,0.685,1,0.9,0.7637681401896896,0.6872587509576229,0.9828221968590192,0.9003308380064459,0.10714285714285714,0.8926392338299276,0.9661744267186094,0.8006641760066417,0.6872587509576229,0.9994699669994289,0.99999750000625,f2,f9,False,soft_adjust,G3,covertype,facil
knn_G3_covertype,9,0.691,0.6837983950348213,0.6860476678843737,0.691,1,0.8888888888888888,0.7621978139988859,0.6804266859530169,0.9939084221476293,0.897545851025508,0.08771929824561403,0.8610401012731163,0.9883033459529436,0.7951017019510169,0.6804266859530169,0.999513498342315,0.999990000099999,f6,f9,False,soft_adjust,G3,covertype,facil
knn_G3_covertype,10,0.685,0.6777562391161278,0.6887270896752951,0.685,1,0.9,0.7445205491890442,0.6182325660822791,0.9947393883785133,0.9001232830043703,0.08771929824561403,0.9051549596200051,0.9900049673385966,0.8002490660024906,0.6182325660822791,0.99947380941843,0.99999750000625,f6,f9,False,soft_adjust,G3,covertype,facil
knn_G3_covertype,11,0.691,0.6837983950348213,0.6860476678843737,0.691,1,0.8888888888888888,0.716506927006073,0.5736759171131628,0.9880627332723719,0.8568650706187002,0.08771929824561403,0.8902847153664153,0.9766124961195627,0.7137401411374014,0.5736759171131628,0.9995129704251813,0.999990000099999,f2,f9,False,adjust,G3,covertype,facil
knn_G3_covertype,12,0.685,0.6777562391161278,0.6887270896752951,0.685,1,0.9,0.7448409926168413,0.6199421662795666,0.9931726306449866,0.9007874590110121,0.08771929824561403,0.8868453042605813,0.9868702708488357,0.8015774180157741,0.6199421662795666,0.9994749904411374,0.99999750000625,f6,f9,False,soft_adjust,G3,covertype,facil
knn_G3_covertype,13,0.691,0.6837983950348213,0.6860476678843737,0.691,1,0.8888888888888888,0.7481186936499896,0.6374688243344331,0.9887926822908577,0.8978364280284138,0.08771929824561403,0.9137427811206014,0.9780738527921022,0.7956828559568285,0.6374688243344331,0.9995115117896131,0.999990000099999,f6,f9,False,soft_adjust,G3,covertype,facil
knn_G3_covertype,14,0.685,0.6777562391161278,0.6887270896752951,0.685,1,0.9,0.7657670431884285,0.6404295301524101,0.9937625624877264,0.9447060974501984,0.10714285714285714,0.9018290554642078,0.988050037844354,0.8894146948941468,0.6404295301524101,0.9994750871310989,0.99999750000625,f2,f9,False,soft_adjust,G3,covertype,facil
knn_G3_covertype,15,0.691,0.6837983950348213,0.6860476678843737,0.691,1,0.8888888888888888,0.7666825721354477,0.6946064282746053,0.9948317639079707,0.897545851025508,0.08771929824561403,0.9126335458213405,0.990153702138821,0.7951017019510169,0.6946064282746053,0.9995098256771204,0.999990000099999,f6,f9,False,soft_adjust,G3,covertype,facil
knn_G3_covertype,16,0.685,0.6777562391161278,0.6887270896752951,0.685,1,0.9,0.7569461280594116,0.6575217352006141,0.9908698748428305,0.9006214150093517,0.10714285714285714,0.8980079789138823,0.9822650279896379,0.8012453300124533,0.6575217352006141,0.9994747216960231,0.99999750000625,f2,f9,False,soft_adjust,G3,covertype,facil
knn_G3_covertype,17,0.691,0.6837983950348213,0.6860476678843737,0.691,1,0.8888888888888888,0.7368086360594234,0.5974663704649211,0.9915553965720071,0.8978364280284138,0.08771929824561403,0.8889686403362149,0.9836026300718836,0.7956828559568285,0.5974663704649211,0.9995081630721305,0.999990000099999,f6,f9,False,soft_adjust,G3,covertype,facil
knn_G3_covertype,18,0.685,0.6777562391161278,0.6887270896752951,0.685,1,0.9,0.7484372058473757,0.6333706912336675,0.9924395176321656,0.8999572390027099,0.08771929824561403,0.9079254353274916,0.9854048710954753,0.7999169779991697,0.6333706912336675,0.9994741641688561,0.99999750000625,f2,f9,False,soft_adjust,G3,covertype,facil
knn_G3_covertype,19,0.691,0.6837983950348213,0.6860476678843737,0.691,1,0.8888888888888888,0.7739359864585117,0.7188315261373202,0.9950741829679577,0.8972967850230174,0.08771929824561403,0.8914879489153736,0.9906417543335361,0.7946035699460356,0.7188315261373202,0.9995066116023794,0.999990000099999,f2,f9,False,soft_adjust,G3,covertype,facil
rf_G3_covertype,0,0.626,0.5802102609783654,0.5902902778168124,0.626,1,0.7206611473051439,0.5268015423914233,0.5823738987949837,0.9998854096090466,0.30591064254819883,0.06896551724137931,0.5823738987949837,0.9997787982542565,0.6118212850963977,0.631984540095484,0.9999920209638367,0.0,f2,f0,False,adjust,G3,covertype,facil
rf_G3_covertype,1,0.595,0.5308109086462027,0.5688776875298616,0.595,1,0.6899082655942151,0.5393116282854944,0.6247623090241652,0.9332932290944813,0.2990449148615689,0.19230769230769232,0.6247623090241652,0.9471333395465893,0.5980898297231378,0.8528266267551178,0.9194531186423732,0.0,f2,f0,False,adjust,G3,covertype,facil
rf_G3_covertype,2,0.648,0.6002363750698688,0.586582960880688,0.648,1,0.7035500751299473,0.46857823421247613,0.365235430915843,0.7802857629123703,0.41380081947427905,0.2653061224489796,0.365235430915843,0.6,0.8276016389485581,0.8540665534142364,0.9605715258247406,0.0,f4,f0,False,adjust,G3,covertype,facil
rf_G3_covertype,3,0.66,0.6236380895481368,0.6030630102416165,0.66,1,0.6573441822467301,0.5325150094317813,0.6814186927082487,0.9073714797045361,0.29362878985443497,0.08771929824561403,0.6814186927082487,0.8596703676886708,0.5872575797088699,0.7194494869187475,0.9550725917204015,0.0,f2,f0,False,adjust,G3,covertype,facil
rf_G3_covertype,4,0.655,0.6210239055508904,0.5978118975014756,0.655,1,0.6592627665377384,0.30884174248559126,0.023273022252976006,0.7888650685697596,0.22881189555752862,0.24,0.023273022252976006,0.6,0.45762379111505724,0.726876083835932,0.9777301371395191,0.0,f8,f0,False,adjust,G3,covertype,facil
rf_G3_covertype,5,0.615,0.5648969263383526,0.5768934567382246,0.615,1,0.6235403169906193,0.5345888443612421,0.6013931591258027,0.9519881203900583,0.3705795550866223,0.03333333333333333,0.6013931591258027,0.9374490602196949,0.7411591101732447,0.702857261642956,0.9665271805604218,0.0,f2,f0,False,adjust,G3,covertype,facil
rf_G3_covertype,6,0.665,0.6300861126549059,0.6097957150911483,0.665,1,0.6725060587692239,0.4744113233303048,0.5222603888614638,0.7955997272834074,0.3112052557926875,0.16981132075471697,0.5222603888614638,0.6,0.622410511585375,0.7697497968658066,0.9911994545668149,0.0,f4,f0,False,adjust,G3,covertype,facil
rf_G3_covertype,7,0.559,0.46669663657195115,0.5752143370434655,0.559,1,0.6061000461512813,0.3284049260015116,0.199006241343113,0.6213804286325673,0.34337706284743,0.06896551724137931,0.199006241343113,0.6,0.68675412569486,0.519561311886798,0.6427608572651344,0.0,f9,f10,False,adjust,G3,covertype,facil
rf_G3_covertype,8,0.64,0.5999915361888383,0.5909057170542636,0.64,1,0.6504576427671229,0.26751054441239397,0.0,0.7670284928220514,0.17843732994886297,0.14814814814814814,0.0,0.6,0.35687465989772593,0.5279279899336906,0.9340569856441028,0.0,f4,f0,False,adjust,G3,covertype,facil
rf_G3_covertype,9,0.644,0.6015017123206982,0.5894703065435046,0.644,1,0.7192361178032161,0.5510453559077105,0.5512429611382179,0.7635003993896188,0.33353508537859106,0.631578947368421,0.5512429611382179,0.6,0.6670701707571821,0.8565986104659261,0.9270007987792376,0.0,f0,f0,True,adjust,G3,covertype,facil
rf_G3_covertype,10,0.657,0.6225595823824291,0.600327226766998,0.657,1,0.6121274199727269,0.307430113846912,0.0,0.7775338385241801,0.37682218071955653,0.0,0.0,0.6,0.7536443614391131,0.7203113328059877,0.9550676770483604,0.0,f7,f0,False,adjust,G3,covertype,facil
rf_G3_covertype,11,0.666,0.6337910518014874,0.6078811868701077,0.666,1,0.6192966535123208,0.5466446091527621,0.10944709334503368,0.7885017333306749,0.7995192650796682,0.5121951219512195,0.10944709334503368,0.6,0.5990395301583364,0.7601960102440489,0.9770034666613497,0.999999000001,f0,f0,True,soft_adjust,G3,covertype,facil
rf_G3_covertype,12,0.676,0.644596252630626,0.6183621182210668,0.676,1,0.6555389941540731,0.5200942862198245,0.4752117746417327,0.7934132515707737,0.4233450929704432,0.34782608695652173,0.4752117746417327,0.6,0.8466901859408864,0.7376640633203333,0.9868265031415475,0.0,f0,f0,True,adjust,G3,covertype,facil
rf_G3_covertype,13,0.654,0.620076487891062,0.5964535806570691,0.654,1,0.6821466498101026,0.47125354040772055,0.5556071092314346,0.7867803551228677,0.27468206914788573,0.16981132075471697,0.5556071092314346,0.6,0.5493641382957715,0.7009079322574688,0.9735607102457354,0.0,f8,f0,False,adjust,G3,covertype,facil
rf_G3_covertype,14,0.659,0.6250453312826421,0.6039070800734087,0.659,1,0.6194787708541973,0.6266322365157362,0.34516914214554234,0.8608068016414597,0.886980263919981,0.10714285714285714,0.34516914214554234,0.7323434696259211,0.7739705277399629,0.7803235380745132,0.9892701336569983,0.999990000099999,f4,f0,False,adjust,G3,covertype,facil
rf_G3_covertype,15,0.608,0.5507781565382363,0.5813560649338285,0.608,1,0.6937049045516344,0.4640108508476986,0.529706251295127,0.7784615195001681,0.36008193063558636,0.01639344262295082,0.529706251295127,0.6,0.7201638612711727,0.7287728616640676,0.9569230390003363,0.0,f1,f0,False,adjust,G3,covertype,facil
rf_G3_covertype,16,0.646,0.6108580028780218,0.5917082630260265,0.646,1,0.6461136632144734,0.3341350699070919,0.10146233475034942,0.7848319733204654,0.2504514499180005,0.21568627450980393,0.10146233475034942,0.6,0.500902899836001,0.8218901070753518,0.9696639466409308,0.0,f9,f0,False,adjust,G3,covertype,facil
rf_G3_covertype,17,0.647,0.6069774043801441,0.5885437199800387,0.647,1,0.6799140645274695,0.481777992454825,0.5860570083613682,0.7909897196240587,0.2866374593939257,0.14814814814814814,0.5860570083613682,0.6,0.5732749187878514,0.7683501283193751,0.9819794392481176,0.0,f8,f0,False,adjust,G3,covertype,facil
rf_G3_covertype,18,0.646,0.6103576364985825,0.5920074639958542,0.646,1,0.6431708895755034,0.36028107418463695,0.17231814925729305,0.7876817763798585,0.36402056306347264,0.01639344262295082,0.17231814925729305,0.6,0.7280411261269453,0.6899045096191871,0.975363552759717,0.0,f4,f0,False,adjust,G3,covertype,facil
rf_G3_covertype,19,0.603,0.5512031368922264,0.5681110746630537,0.603,1,0.6438141981735187,0.32587826240793577,0.10085533407979574,0.7589366923769799,0.35295829696584025,0.0,0.10085533407979574,0.6,0.7059165939316805,0.5719352194172417,0.9178733847539599,0.0,f4,f0,False,adjust,G3,covertype,facil
xgb_G3_covertype,0,0.703,0.6840216853209369,0.6799438228091547,0.703,1,0.7111093401908875,0.6717738651502789,0.49546137705973575,0.9999932092330319,0.6895269331888615,0.4418604651162791,0.49546137705973575,0.9999880186986969,0.3790548663767231,0.7663782768188213,0.999998399767367,0.999999000001,f0,f0,True,keep,G3,covertype,facil
xgb_G3_covertype,1,0.703,0.6840216853209369,0.6799438228091547,0.703,1,0.7111093401908875,0.6400903141486356,0.389849540368616,0.9999932092558022,0.6895269331888615,0.4418604651162791,0.389849540368616,0.9999880187442372,0.3790548663767231,0.7129715427133135,0.999998399767367,0.999999000001,f0,f0,True,keep,G3,covertype,facil
xgb_G3_covertype,2,0.703,0.6840216853209369,0.6799438228091547,0.703,1,0.7111093401908875,0.664492583293709,0.47119044764680906,0.999993197102264,0.6895269331888615,0.4418604651162791,0.47119044764680906,0.9999879944371608,0.3790548663767231,0.8364515137753966,0.999998399767367,0.999999000001,f0,f0,True,keep,G3,covertype,facil
xgb_G3_covertype,3,0.703,0.6840216853209369,0.6799438228091547,0.703,1,0.7111093401908875,0.6605187998830329,0.4579445085605187,0.9999931903631076,0.6895269331888615,0.4418604651162791,0.4579445085605187,0.9999879809588481,0.3790548663767231,0.8328699489716337,0.999998399767367,0.999999000001,f0,f0,True,keep,G3,covertype,facil
xgb_G3_covertype,4,0.703,0.6840216853209369,0.6799438228091547,0.703,1,0.7111093401908875,0.6569243289772067,0.4459629512413939,0.9999931755227532,0.6895269331888615,0.4418604651162791,0.4459629512413939,0.9999879512781394,0.3790548663767231,0.8346891079386848,0.999998399767367,0.999999000001,f0,f0,True,keep,G3,covertype,facil
xgb_G3_covertype,5,0.703,0.6840216853209369,0.6799438228091547,0.703,1,0.7111093401908875,0.6547317504762806,0.4386543442175035,0.9999931899477172,0.6895269331888615,0.4418604651162791,0.4386543442175035,0.9999879801280673,0.3790548663767231,0.7784366793291856,0.999998399767367,0.999999000001,f0,f0,True,keep,G3,covertype,facil
xgb_G3_covertype,6,0.703,0.6840216853209369,0.6799438228091547,0.703,1,0.7111093401908875,0.6553821571130174,0.44120200221885947,0.9995376268930375,0.6895269331888615,0.4418604651162791,0.44120200221885947,0.9992114361996431,0.3790548663767231,0.826092778545814,0.9998638175864318,0.999999000001,f0,f0,True,keep,G3,covertype,facil
xgb_G3_covertype,7,0.703,0.6840216853209369,0.6799438228091547,0.703,1,0.7111093401908875,0.6322936077118682,0.3641558616197993,0.9996387980073123,0.6895269331888615,0.4418604651162791,0.3641558616197993,0.9993823159789051,0.3790548663767231,0.7049781893434103,0.9998952800357195,0.999999000001,f0,f0,True,keep,G3,covertype,facil
xgb_G3_covertype,8,0.703,0.6840216853209369,0.6799438228091547,0.703,1,0.7111093401908875,0.6412176833907208,0.3938428125766323,0.9997107595745236,0.6895269331888615,0.4418604651162791,0.3938428125766323,0.999504646364046,0.3790548663767231,0.7924235438366711,0.9999168727850013,0.999999000001,f0,f0,True,keep,G3,covertype,facil
xgb_G3_covertype,9,0.703,0.6840216853209369,0.6799438228091547,0.703,1,0.7111093401908875,0.6511202426727347,0.42680556564073346,0.9997656930256581,0.6895269331888615,0.4418604651162791,0.42680556564073346,0.9995990557083096,0.3790548663767231,0.7789621288014629,0.9999323303430065,0.999999000001,f0,f0,True,keep,G3,covertype,facil
xgb_G3_covertype,10,0.703,0.6840216853209369,0.6799438228091547,0.703,1,0.7111093401908875,0.6330840416177139,0.3666559168036965,0.9998004674100192,0.6895269331888615,0.4418604651162791,0.3666559168036965,0.9996571602781218,0.3790548663767231,0.8350868958709515,0.9999437745419166,0.999999000001,f0,f0,True,keep,G3,covertype,facil
xgb_G3_covertype,11,0.703,0.6840216853209369,0.6799438228091547,0.703,1,0.7111093401908875,0.6308052559376662,0.3590377345649042,0.9998271433763789,0.6895269331888615,0.4418604651162791,0.3590377345649042,0.999701803373186,0.3790548663767231,0.854883344534066,0.9999524833795718,0.999999000001,f0,f0,True,keep,G3,covertype,facil
xgb_G3_covertype,12,0.703,0.6840216853209369,0.6799438228091547,0.703,1,0.7111093401908875,0.6548608920863932,0.4392002599580856,0.9998546574994693,0.6895269331888615,0.4418604651162791,0.4392002599580856,0.9997500511171614,0.3790548663767231,0.8345163962609704,0.9999592638817771,0.999999000001,f0,f0,True,keep,G3,covertype,facil
xgb_G3_covertype,13,0.703,0.6840216853209369,0.6799438228091547,0.703,1,0.7111093401908875,0.6233769345716134,0.3342377699287425,0.9998738154755611,0.6895269331888615,0.4418604651162791,0.3342377699287425,0.9997829849462384,0.3790548663767231,0.8213235000071867,0.9999646460048839,0.999999000001,f0,f0,True,keep,G3,covertype,facil
xgb_G3_covertype,14,0.703,0.6840216853209369,0.6799438228091547,0.703,1,0.7111093401908875,0.6533128019185741,0.43401291234325584,0.9998871139659882,0.6895269331888615,0.4418604651162791,0.43401291234325584,0.9998052385192179,0.3790548663767231,0.8214696981246268,0.9999689894127584,0.999999000001,f0,f0,True,keep,G3,covertype,facil
xgb_G3_covertype,15,0.703,0.6840216853209369,0.6799438228091547,0.703,1,0.7111093401908875,0.617271940090953,0.31386696041633205,0.9998988089678127,0.6895269331888615,0.4418604651162791,0.31386696041633205,0.9998250727785063,0.3790548663767231,0.7766716950770644,0.9999725451571191,0.999999000001,f0,f0,True,keep,G3,covertype,facil
xgb_G3_covertype,16,0.703,0.6840216853209369,0.6799438228091547,0.703,1,0.7111093401908875,0.635522063889332,0.3746926556249586,0.9999084699109763,0.6895269331888615,0.4418604651162791,0.3746926556249586,0.9998414470376964,0.3790548663767231,0.8105569546412795,0.9999754927842561,0.999999000001,f0,f0,True,keep,G3,covertype,facil
xgb_G3_covertype,17,0.703,0.6840216853209369,0.6799438228091547,0.703,1,0.7111093401908875,0.6269814042460471,0.34621646935108624,0.9999172548664834,0.6895269331888615,0.4418604651162791,0.34621646935108624,0.9998565462811507,0.3790548663767231,0.8445987635953549,0.9999779634518162,0.999999000001,f0,f0,True,keep,G3,covertype,facil
xgb_G3_covertype,18,0.703,0.6840216853209369,0.6799438228091547,0.703,1,0.7111093401908875,0.6430335623279695,0.39972031892761645,0.9999212677023368,0.6895269331888615,0.4418604651162791,0.39972031892761645,0.9998624806303884,0.3790548663767231,0.8263838308704882,0.9999800547742852,0.999999000001,f0,f0,True,keep,G3,covertype,facil
xgb_G3_covertype,19,0.703,0.6840216853209369,0.6799438228091547,0.703,1,0.7111093401908875,0.6258034217010771,0.3422780666642699,0.9999314079107835,0.6895269331888615,0.4418604651162791,0.3422780666642699,0.9998809752072286,0.3790548663767231,0.759846511545876,0.9999818406143383,0.999999000001,f0,f0,True,keep,G3,covertype,facil
gb_G4_wine,0,0.9722222222222222,0.9717752234993614,0.974074074074074,0.9722222222222222,0,0.9815517792741708,0.6727311775702314,0.25112595206158306,0.999986106851527,0.9691006619073601,0.37777777777777777,0.25112595206158306,0.9999723653265469,0.9382023238137204,0.9192829504536056,0.9999998483765071,0.999999000001,proline,color_intensity,False,keep,G4,wine,facil
gb_G4_wine,1,0.9722222222222222,0.9717752234993614,0.974074074074074,0.9722222222222222,0,0.9815517792741708,0.6985986029688902,0.3375062405472502,0.9997994622633617,0.9691006619073601,0.37777777777777777,0.3375062405472502,0.9995990761502161,0.9382023238137204,0.9273786569131717,0.9999998483765071,0.999999000001,proline,color_intensity,False,keep,G4,wine,facil
gb_G4_wine,2,0.9722222222222222,0.9717752234993614,0.974074074074074,0.9722222222222222,0,0.9815517792741708,0.6882535341894458,0.30298344313422554,0.9998465440412139,0.9691006619073601,0.37777777777777777,0.30298344313422554,0.9996932397059207,0.9382023238137204,0.9234657870256636,0.9999998483765071,0.999999000001,proline,color_intensity,False,keep,G4,wine,facil
gb_G4_wine,3,0.9722222222222222,0.9717752234993614,0.974074074074074,0.9722222222222222,0,0.9815517792741708,0.699636280685701,0.3413439751669291,0.9993448915869909,0.9691006619073601,0.37777777777777777,0.3413439751669291,0.9986899347974748,0.9382023238137204,0.9215700330036003,0.9999998483765071,0.999999000001,proline,color_intensity,False,keep,G4,wine,facil
gb_G4_wine,4,0.9722222222222222,0.9717752234993614,0.974074074074074,0.9722222222222222,0,0.9815517792741708,0.6983644977096288,0.3366763702600716,0.9998588855709308,0.9691006619073601,0.37777777777777777,0.3366763702600716,0.9997179227653545,0.9382023238137204,0.9197750586186951,0.9999998483765071,0.999999000001,proline,color_intensity,False,keep,G4,wine,facil
gb_G4_wine,5,0.9722222222222222,0.9717752234993614,0.974074074074074,0.9722222222222222,0,0.9815517792741708,0.6934807024332963,0.3203831282946407,0.9998755948241175,0.9691006619073601,0.37777777777777777,0.3203831282946407,0.999751341271728,0.9382023238137204,0.9177499973860189,0.9999998483765069,0.999999000001,proline,color_intensity,False,keep,G4,wine,facil
gb_G4_wine,6,0.9722222222222222,0.9717752234993614,0.974074074074074,0.9722222222222222,0,0.9815517792741708,0.7244107279006929,0.36013207905532313,0.993269696688187,0.9707480390645546,0.5121951219512195,0.36013207905532313,0.9866580651282995,0.9414970781281093,0.9095616969395857,0.9998813282480745,0.999999000001,proline,color_intensity,False,keep,G4,wine,facil
gb_G4_wine,7,0.9722222222222222,0.9717752234993614,0.974074074074074,0.9722222222222222,0,0.9815517792741708,0.7194209848695662,0.34107789345177236,0.9961757472879407,0.9707480390645546,0.5121951219512195,0.34107789345177236,0.992442540932478,0.9414970781281093,0.9077408027479134,0.9999089536434035,0.999999000001,proline,color_intensity,False,keep,G4,wine,facil
gb_G4_wine,8,0.9722222222222222,0.9717752234993614,0.974074074074074,0.9722222222222222,0,0.9815517792741708,0.7298785379619361,0.37522014197543213,0.997035261429029,0.9707480390645546,0.5121951219512195,0.37522014197543213,0.9941425864931083,0.9414970781281093,0.9064886827309795,0.9999279363649498,0.999999000001,proline,color_intensity,False,keep,G4,wine,facil
gb_G4_wine,9,0.9722222222222222,0.9717752234993614,0.974074074074074,0.9722222222222222,0,0.9815517792741708,0.7226614447401579,0.3527382494399951,0.9951451595844403,0.9707480390645546,0.5121951219512195,0.3527382494399951,0.9903487804831292,0.9414970781281093,0.9058483419441273,0.9999415386857513,0.999999000001,proline,color_intensity,False,keep,G4,wine,facil
gb_G4_wine,10,0.9722222222222222,0.9717752234993614,0.974074074074074,0.9722222222222222,0,0.9815517792741708,0.7202470714322601,0.3418261243705192,0.9985822164362201,0.9707480390645546,0.5121951219512195,0.3418261243705192,0.9972128156223863,0.9414970781281093,0.9053233049557783,0.999951617250054,0.999999000001,proline,color_intensity,False,keep,G4,wine,facil
gb_G4_wine,11,0.9722222222222222,0.9717752234993614,0.974074074074074,0.9722222222222222,0,0.9815517792741708,0.7448862064385079,0.4241527079145719,0.9983468562083486,0.9707480390645546,0.5121951219512195,0.4241527079145719,0.9967344205750986,0.9414970781281093,0.9037080036673706,0.9999592918415987,0.999999000001,proline,color_intensity,False,keep,G4,wine,facil
gb_G4_wine,12,0.9722222222222222,0.9717752234993614,0.974074074074074,0.9722222222222222,0,0.9815517792741708,0.7236487960397918,0.35380423419831786,0.9978153830729888,0.9707480390645546,0.5121951219512195,0.35380423419831786,0.9956654957841697,0.9414970781281093,0.9025560554608373,0.9999652703618079,0.999999000001,proline,color_intensity,False,keep,G4,wine,facil
gb_G4_wine,13,0.9722222222222222,0.9717752234993614,0.974074074074074,0.9722222222222222,0,0.9815517792741708,0.7337286747944148,0.38676476339504,0.9985822630554142,0.9707480390645546,0.5121951219512195,0.38676476339504,0.9971945080056714,0.9414970781281093,0.9022354863089361,0.999970018105157,0.999999000001,proline,color_intensity,False,keep,G4,wine,facil
gb_G4_wine,14,0.9722222222222222,0.9717752234993614,0.974074074074074,0.9722222222222222,0,0.9815517792741708,0.7342615131807106,0.3878437716260387,0.9994188067233991,0.9707480390645546,0.5121951219512195,0.3878437716260387,0.9988637623466686,0.9414970781281093,0.9025307365667462,0.9999738511001297,0.999999000001,proline,color_intensity,False,keep,G4,wine,facil
gb_G4_wine,15,0.9722222222222222,0.9717752234993614,0.974074074074074,0.9722222222222222,0,0.9815517792741708,0.7385774319782233,0.4030631678990331,0.9984192063858564,0.9707480390645546,0.5121951219512195,0.4030631678990331,0.9968614226822913,0.9414970781281093,0.90307469139088,0.9999769900894215,0.999999000001,proline,color_intensity,False,keep,G4,wine,facil
gb_G4_wine,16,0.9722222222222222,0.9717752234993614,0.974074074074074,0.9722222222222222,0,0.9815517792741708,0.7301134461380802,0.3754375110202755,0.9977140512797931,0.9707480390645546,0.5121951219512195,0.3754375110202755,0.9954485095237291,0.9414970781281093,0.9025032754722324,0.999979593035857,0.999999000001,proline,color_intensity,False,keep,G4,wine,facil
gb_G4_wine,17,0.9722222222222222,0.9717752234993614,0.974074074074074,0.9722222222222222,0,0.9815517792741708,0.7335554015987747,0.3855636965757382,0.9993304504560159,0.9707480390645546,0.5121951219512195,0.3855636965757382,0.9986791255220258,0.9414970781281093,0.9021222761285357,0.999981775390006,0.999999000001,proline,color_intensity,False,keep,G4,wine,facil
gb_G4_wine,18,0.9722222222222222,0.9717752234993614,0.974074074074074,0.9722222222222222,0,0.9815517792741708,0.7264896864853457,0.3620313558322859,0.9993063988944431,0.9707480390645546,0.5121951219512195,0.3620313558322859,0.9986291746733554,0.9414970781281093,0.9022265650839472,0.9999836231155307,0.999999000001,proline,color_intensity,False,keep,G4,wine,facil
gb_G4_wine,19,0.9722222222222222,0.9717752234993614,0.974074074074074,0.9722222222222222,0,0.9815517792741708,0.7334923648824209,0.3855408078210985,0.9991057700961684,0.9707480390645546,0.5121951219512195,0.3855408078210985,0.9982263389066909,0.9414970781281093,0.9027592346561276,0.9999852012856459,0.999999000001,proline,color_intensity,False,keep,G4,wine,facil
svm_G4_wine,0,1.0,1.0,1.0,1.0,0,0.8440874229162022,0.7648416005319078,0.86467998002922,0.9999994893380301,0.7019220769250769,0.14814814814814814,0.86467998002922,0.9999992799439591,0.40384615384615385,0.9167163237787685,0.999999698732101,0.999998000004,alcalinity_of_ash,proline,False,soft_adjust,G4,wine,facil
svm_G4_wine,1,0.9722222222222222,0.9725248123940935,0.9753086419753088,0.9722222222222222,0,0.9620236210887635,0.7810727685818929,0.8615186994227549,0.9895976191405829,0.7678554761960317,0.14814814814814814,0.8872180073930609,0.9873746041542377,0.5357142857142857,0.8615186994227549,0.9918206341269279,0.9999966666777778,alcalinity_of_ash,proline,False,soft_adjust,G4,wine,facil
svm_G4_wine,2,0.9722222222222222,0.9725248123940935,0.9753086419753088,0.9722222222222222,0,0.9619267350392746,0.7830714789997439,0.8641023528450305,0.9944920767052567,0.7678554761960317,0.14814814814814814,0.8967828821651811,0.9932795270004333,0.5357142857142857,0.8641023528450305,0.9957046264100801,0.9999966666777778,alcalinity_of_ash,proline,False,soft_adjust,G4,wine,facil
svm_G4_wine,3,0.9722222222222222,0.9725248123940935,0.9753086419753088,0.9722222222222222,0,0.9618129276541463,0.784301164430586,0.8662172631438115,0.9968729260700874,0.7678554761960317,0.14814814814814814,0.8688938945551199,0.9963636008961402,0.5357142857142857,0.8662172631438115,0.9973822512440346,0.9999966666777778,alcalinity_of_ash,proline,False,soft_adjust,G4,wine,facil
svm_G4_wine,4,0.9722222222222222,0.9725248123940935,0.9753086419753088,0.9722222222222222,0,0.9619249121341802,0.7849371803978098,0.8675552083925456,0.9978114556405018,0.7678554761960317,0.14814814814814814,0.8884753987692956,0.997386548238983,0.5357142857142857,0.8675552083925456,0.9982363630420207,0.9999966666777778,alcalinity_of_ash,proline,False,soft_adjust,G4,wine,facil
svm_G4_wine,5,0.9722222222222222,0.9725248123940935,0.9753086419753088,0.9722222222222222,0,0.9622916385597892,0.7852592397548753,0.8682247108498926,0.9982962901199475,0.7678554761960317,0.14814814814814814,0.8938544644323193,0.9980295530817465,0.5357142857142857,0.8682247108498926,0.9985630271581486,0.9999966666777778,alcalinity_of_ash,proline,False,soft_adjust,G4,wine,facil
svm_G4_wine,6,0.9722222222222222,0.9725248123940935,0.9753086419753088,0.9722222222222222,0,0.9618387269077038,0.796281786796094,0.8654987532938616,0.9934903501847824,0.7719763553169108,0.37777777777777777,0.8824013729015424,0.9886392065133303,0.5439560439560439,0.8654987532938616,0.9983414938562345,0.9999966666777778,alcalinity_of_ash,proline,False,soft_adjust,G4,wine,facil
svm_G4_wine,7,0.9722222222222222,0.9725248123940935,0.9753086419753088,0.9722222222222222,0,0.9616789643025607,0.7982619819071751,0.8673376334042112,0.9942594195516324,0.77609723443779,0.37777777777777777,0.9073400934840021,0.9897513703889058,0.5521978021978022,0.8673376334042112,0.9987674687143591,0.9999966666777778,alcalinity_of_ash,proline,False,soft_adjust,G4,wine,facil
svm_G4_wine,8,0.9722222222222222,0.9725248123940935,0.9753086419753088,0.9722222222222222,0,0.9619218207136248,0.7978031164649927,0.8687563225659816,0.9956665857338335,0.7719763553169108,0.37777777777777777,0.9050181053620183,0.99242387262258,0.5439560439560439,0.8687563225659816,0.998909298845087,0.9999966666777778,alcalinity_of_ash,proline,False,soft_adjust,G4,wine,facil
svm_G4_wine,9,0.9722222222222222,0.9725248123940935,0.9753086419753088,0.9722222222222222,0,0.9615298938610348,0.8000551852677604,0.8716418435179755,0.9962671808574564,0.77609723443779,0.37777777777777777,0.8966591788151503,0.9932865454452464,0.5521978021978022,0.8716418435179755,0.9992478162696662,0.9999966666777778,alcalinity_of_ash,proline,False,soft_adjust,G4,wine,facil
svm_G4_wine,10,0.9722222222222222,0.9725248123940935,0.9753086419753088,0.9722222222222222,0,0.9616483154250813,0.8004321636235574,0.8722040530171769,0.9971004428816026,0.77609723443779,0.37777777777777777,0.9095509362334875,0.9948752803492874,0.5521978021978022,0.8722040530171769,0.9993256054139177,0.9999966666777778,alcalinity_of_ash,proline,False,soft_adjust,G4,wine,facil
svm_G4_wine,11,0.9722222222222222,0.9725248123940935,0.9753086419753088,0.9722222222222222,0,0.9614908366846461,0.8013732975893832,0.8746645277678124,0.9979124090441434,0.77609723443779,0.37777777777777777,0.893196750550391,0.9963467260322387,0.5521978021978022,0.8746645277678124,0.9994780920560479,0.9999966666777778,alcalinity_of_ash,proline,False,soft_adjust,G4,wine,facil
svm_G4_wine,12,0.9722222222222222,0.9725248123940935,0.9753086419753088,0.9722222222222222,0,0.9618369477729646,0.8015696238241338,0.8752360421584203,0.9980118967144163,0.77609723443779,0.37777777777777777,0.9115811790729781,0.9965625253510274,0.5521978021978022,0.8752360421584203,0.9994612680778051,0.9999966666777778,alcalinity_of_ash,proline,False,soft_adjust,G4,wine,facil
svm_G4_wine,13,0.9722222222222222,0.9725248123940935,0.9753086419753088,0.9722222222222222,0,0.9617684549861749,0.8007733589535458,0.876799322117047,0.9978959562267673,0.7719763553169108,0.37777777777777777,0.9145658856872113,0.996227805411103,0.5439560439560439,0.876799322117047,0.9995641070424316,0.9999966666777778,alcalinity_of_ash,proline,False,soft_adjust,G4,wine,facil
svm_G4_wine,14,0.9722222222222222,0.9725248123940935,0.9753086419753088,0.9722222222222222,0,0.9615034736644272,0.8014912134135517,0.8787898266855458,0.9983787685845924,0.7719763553169108,0.37777777777777777,0.9059302681005198,0.9970979068249078,0.5439560439560439,0.8787898266855458,0.9996596303442769,0.9999966666777778,alcalinity_of_ash,proline,False,soft_adjust,G4,wine,facil
svm_G4_wine,15,0.9722222222222222,0.9725248123940935,0.9753086419753088,0.9722222222222222,0,0.9616361698307871,0.8039645003137856,0.8786683470833773,0.9985275818180206,0.7802181135586691,0.37777777777777777,0.9072023499684799,0.9973758411675792,0.5604395604395604,0.8786683470833773,0.9996793224684619,0.9999966666777778,alcalinity_of_ash,proline,False,soft_adjust,G4,wine,facil
svm_G4_wine,16,0.9722222222222222,0.9725248123940935,0.9753086419753088,0.9722222222222222,0,0.9613446636591647,0.8021796828531402,0.8806475682307062,0.998903356488754,0.7719763553169108,0.37777777777777777,0.905547588715313,0.9980527379490638,0.5439560439560439,0.8806475682307062,0.9997539750284442,0.9999966666777778,alcalinity_of_ash,proline,False,soft_adjust,G4,wine,facil
svm_G4_wine,17,0.9722222222222222,0.9725248123940935,0.9753086419753088,0.9722222222222222,0,0.9614079796436574,0.8037390793382955,0.8816753842629758,0.9989625082455966,0.77609723443779,0.37777777777777777,0.9047670430448862,0.9981489058780371,0.5521978021978022,0.8816753842629758,0.9997761106131561,0.9999966666777778,alcalinity_of_ash,proline,False,soft_adjust,G4,wine,facil
svm_G4_wine,18,0.9722222222222222,0.9725248123940935,0.9753086419753088,0.9722222222222222,0,0.9617405258052717,0.8023528752368497,0.8813312181351001,0.9987757461383193,0.7719763553169108,0.37777777777777777,0.912430510116791,0.9977880392238564,0.5439560439560439,0.8813312181351001,0.9997634530527822,0.9999966666777778,alcalinity_of_ash,proline,False,soft_adjust,G4,wine,facil
svm_G4_wine,19,0.9722222222222222,0.9725248123940935,0.9753086419753088,0.9722222222222222,0,0.9620075970947873,0.8024559581889255,0.8814135459049117,0.9990892846228483,0.7719763553169108,0.37777777777777777,0.8972215099941026,0.9984616314041349,0.5439560439560439,0.8814135459049117,0.9997169378415617,0.9999966666777778,alcalinity_of_ash,proline,False,soft_adjust,G4,wine,facil
torch_G4_wine,0,1.0,1.0,1.0,1.0,0,0.6243547797203064,0.6714131211092899,0.861129512488325,0.9999997271531069,0.47994475494535493,0.12727272727272726,0.9957469911731611,0.9999999651897845,0.35989010989010983,0.861129512488325,0.9999994891164294,0.5999994000006,alcalinity_of_ash,alcohol,False,soft_adjust,G4,wine,facil
torch_G4_wine,1,1.0,1.0,1.0,1.0,0,0.6772366166114807,0.6911268895266836,0.8658377101128917,0.999029139497378,0.5417579417585418,0.12727272727272726,0.9985867630561404,0.9982124164673181,0.4835164835164835,0.8658377101128917,0.9998458625274379,0.5999994000006,alcalinity_of_ash,alcohol,False,soft_adjust,G4,wine,facil
torch_G4_wine,2,1.0,1.0,1.0,1.0,0,0.7348591685295105,0.6799236952028943,0.8727075655366362,0.9993791441002122,0.49725243475313785,0.12727272727272726,0.9989850693438138,0.999485417358034,0.4945054945054945,0.8727075655366362,0.9992728708423905,0.49999937500078123,alcalinity_of_ash,alcohol,False,soft_adjust,G4,wine,facil
torch_G4_wine,3,1.0,1.0,1.0,1.0,0,0.7774820327758789,0.6759224878247609,0.8751772552943294,0.9985425550103151,0.4821425446432478,0.12727272727272726,0.9989339355950286,0.9983092756992559,0.4642857142857143,0.8751772552943294,0.9987758343213743,0.49999937500078123,alcalinity_of_ash,alcohol,False,soft_adjust,G4,wine,facil
torch_G4_wine,4,1.0,1.0,1.0,1.0,0,0.8115555047988892,0.6871089175697527,0.8782204864787916,0.9984276053601361,0.5164832039839071,0.12727272727272726,0.9992753371716536,0.9983707072016749,0.532967032967033,0.8782204864787916,0.9984845035185973,0.49999937500078123,alcalinity_of_ash,alcohol,False,soft_adjust,G4,wine,facil
torch_G4_wine,5,1.0,1.0,1.0,1.0,0,0.8361621499061584,0.7197036450131992,0.8821725265220981,0.9985412026587841,0.5998162942622203,0.16981132075471697,0.9993555216427039,0.9986107037949251,0.532967032967033,0.8821725265220981,0.998471701522643,0.6666655555574075,alcalinity_of_ash,alcohol,False,soft_adjust,G4,wine,facil
torch_G4_wine,6,1.0,1.0,1.0,1.0,0,0.8564283847808838,0.7739805656775816,0.8834647715957833,0.9965598981027388,0.7362624862668612,0.06896551724137931,0.9989001609963013,0.9946568516500405,0.4725274725274725,0.8834647715957833,0.998462944555437,0.99999750000625,alcalinity_of_ash,alcohol,False,soft_adjust,G4,wine,facil
torch_G4_wine,7,1.0,1.0,1.0,1.0,0,0.8741636276245117,0.7868288335113465,0.8865398182684116,0.9981090672767986,0.7747240247283997,0.06896551724137931,0.9989951531816599,0.9977847774937594,0.5494505494505495,0.8865398182684116,0.9984333570598378,0.99999750000625,alcalinity_of_ash,alcohol,False,soft_adjust,G4,wine,facil
torch_G4_wine,8,1.0,1.0,1.0,1.0,0,0.8898531198501587,0.7626960076032684,0.8889389970155391,0.9979093428436556,0.6774717274741274,0.12727272727272726,0.9993784749013691,0.9975119801147113,0.554945054945055,0.8889389970155391,0.9983067055725998,0.7999984000031999,alcalinity_of_ash,alcohol,False,soft_adjust,G4,wine,facil
torch_G4_wine,9,1.0,1.0,1.0,1.0,0,0.90496426820755,0.7659654440142357,0.8902364922647754,0.9978916326499798,0.687087112089512,0.12727272727272726,0.9991622433061831,0.9976833348214994,0.5741758241758241,0.8902364922647754,0.9980999304784601,0.7999984000031999,alcalinity_of_ash,alcohol,False,soft_adjust,G4,wine,facil
torch_G4_wine,10,1.0,1.0,1.0,1.0,0,0.9180974960327148,0.6986086151103653,0.8911289958008222,0.9982790636790292,0.5315930940937972,0.14814814814814814,0.9993411822170102,0.9986153729053024,0.5631868131868132,0.8911289958008222,0.9979427544527559,0.49999937500078123,alcalinity_of_ash,alcohol,False,soft_adjust,G4,wine,facil
torch_G4_wine,11,1.0,1.0,1.0,1.0,0,0.9270691275596619,0.7735574161802293,0.8937684643948438,0.9964244118781103,0.6994497494521494,0.16981132075471697,0.9994652441687674,0.9949540002633013,0.5989010989010989,0.8937684643948438,0.9978948234929192,0.7999984000031999,alcalinity_of_ash,alcohol,False,soft_adjust,G4,wine,facil
torch_G4_wine,12,1.0,1.0,1.0,1.0,0,0.9342266321182251,0.7046012098387237,0.896502962202391,0.9975467146566118,0.5247249622256653,0.19230769230769232,0.9994053015130643,0.9972912114163834,0.5494505494505495,0.896502962202391,0.9978022178968402,0.49999937500078123,alcalinity_of_ash,alcohol,False,soft_adjust,G4,wine,facil
torch_G4_wine,13,1.0,1.0,1.0,1.0,0,0.9419118165969849,0.8022330538624058,0.8980674915392336,0.9974126767587446,0.7953284203327953,0.14814814814814814,0.9996290778208253,0.9972584905605116,0.5906593406593407,0.8980674915392336,0.9975668629569775,0.99999750000625,alcalinity_of_ash,alcohol,False,soft_adjust,G4,wine,facil
torch_G4_wine,14,1.0,1.0,1.0,1.0,0,0.9495036005973816,0.7359041357303747,0.8980593867253048,0.9964767354814402,0.6396514590973851,0.16981132075471697,0.999652001955572,0.9955934213218071,0.6126373626373627,0.8980593867253048,0.9973600496410734,0.6666655555574075,alcalinity_of_ash,alcohol,False,soft_adjust,G4,wine,facil
torch_G4_wine,15,1.0,1.0,1.0,1.0,0,0.9560679197311401,0.7243918411057406,0.8977292163440252,0.9967886979714143,0.6121789316248576,0.14814814814814814,0.9996188568857455,0.9964195230528735,0.5576923076923077,0.8977292163440252,0.9971578728899552,0.6666655555574075,alcalinity_of_ash,alcohol,False,soft_adjust,G4,wine,facil
torch_G4_wine,16,1.0,1.0,1.0,1.0,0,0.9604887366294861,0.7305794674385623,0.8986576683382438,0.9973481378327154,0.6314097008556268,0.14814814814814814,0.999590295657623,0.9976978994240447,0.5961538461538461,0.8986576683382438,0.9969983762413861,0.6666655555574075,alcalinity_of_ash,alcohol,False,soft_adjust,G4,wine,facil
torch_G4_wine,17,1.0,1.0,1.0,1.0,0,0.9645949602127075,0.7277188104184893,0.8995922735831707,0.997309235983764,0.6314097008556268,0.12727272727272726,0.999629784348549,0.9978105880051922,0.5961538461538461,0.8995922735831707,0.9968078839623358,0.6666655555574075,alcalinity_of_ash,alcohol,False,soft_adjust,G4,wine,facil
torch_G4_wine,18,1.0,1.0,1.0,1.0,0,0.9684814810752869,0.6990326379207734,0.899689520506502,0.997944283515604,0.5247249622256653,0.14814814814814814,0.999615930474395,0.9992649304582687,0.5494505494505495,0.899689520506502,0.9966236365729394,0.49999937500078123,alcalinity_of_ash,alcohol,False,soft_adjust,G4,wine,facil
torch_G4_wine,19,1.0,1.0,1.0,1.0,0,0.9721066951751709,0.7063150701201084,0.8994224979738247,0.9970625490202665,0.560439247939951,0.12727272727272726,0.9995814299104426,0.9977394312773322,0.6208791208791209,0.8994224979738247,0.9963856667632007,0.49999937500078123,alcalinity_of_ash,alcohol,False,soft_adjust,G4,wine,facil
gb_G4_digits,0,0.9138888888888889,0.914217639130665,0.9171501029045408,0.9138888888888889,0,0.9854290202733624,0.3968440481609163,0.1399529244809483,0.9994894761605531,0.34995267258831175,0.0,0.1399529244809483,0.9990287875383667,0.6999053451766235,0.9986694262101178,0.9999501647827396,0.0,pixel_21,pixel_36,False,soft_adjust,G4,digits,facil
gb_G4_digits,1,0.9138888888888889,0.9151862031518151,0.920126631867211,0.9138888888888889,0,0.983742820839373,0.3842924532739812,0.12749930863416734,0.9894788430681323,0.32890983305565974,0.0,0.12749930863416734,0.985152455563692,0.6578196661113195,0.9990529394605326,0.9938052305725725,0.0,pixel_21,pixel_36,False,soft_adjust,G4,digits,facil
gb_G4_digits,2,0.9222222222222223,0.9228322383837372,0.9275262708968709,0.9222222222222223,0,0.9800190208604557,0.5502392484252735,0.05938055365855548,0.9810708710597411,0.8405928545535009,0.01639344262295082,0.05938055365855548,0.9653496880312293,0.6811957090070028,0.9988690344518346,0.9967920540882528,0.999990000099999,pixel_21,pixel_36,False,keep,G4,digits,facil
gb_G4_digits,3,0.9222222222222223,0.9228322383837372,0.9275262708968709,0.9222222222222223,0,0.9800190208604557,0.5630689702232922,0.09588885680955575,0.9885797944706152,0.8405928545535009,0.01639344262295082,0.09588885680955575,0.9789824779040449,0.6811957090070028,0.9988679349581409,0.9981771110371854,0.999990000099999,pixel_21,pixel_36,False,keep,G4,digits,facil
gb_G4_digits,4,0.9222222222222223,0.9228322383837372,0.9275262708968709,0.9222222222222223,0,0.9800190208604557,0.5559811780261198,0.06922622563672129,0.9924476460038231,0.8404063021247542,0.01639344262295082,0.06922622563672129,0.9860769100385695,0.6808226041495093,0.9988688083388694,0.9988183819690767,0.999990000099999,pixel_21,pixel_36,False,keep,G4,digits,facil
gb_G4_digits,5,0.9222222222222223,0.9228322383837372,0.9275262708968709,0.9222222222222223,0,0.9800190208604557,0.5533011319309163,0.05848234881456428,0.9946041236014196,0.840419627298236,0.01639344262295082,0.05848234881456428,0.9900415971249016,0.680849254496473,0.9988699137700755,0.9991666500779377,0.999990000099999,pixel_21,pixel_36,False,keep,G4,digits,facil
gb_G4_digits,6,0.9222222222222223,0.9228322383837372,0.9275262708968709,0.9222222222222223,0,0.9800190208604557,0.6085436450760772,0.304478435306851,0.8938077156966037,0.8296235814958661,0.14814814814814814,0.304478435306851,0.7900887249105616,0.6592571628917332,0.9988204563926193,0.9975267064826457,0.999990000099999,pixel_29,pixel_36,False,keep,G4,digits,facil
gb_G4_digits,7,0.9222222222222223,0.9228322383837372,0.9275262708968709,0.9222222222222223,0,0.9800190208604557,0.6136744429083815,0.30033717042077274,0.9193004248891148,0.8296235814958661,0.14814814814814814,0.30033717042077274,0.8405048646818043,0.6592571628917332,0.9988202561422072,0.9980959850964252,0.999990000099999,pixel_29,pixel_36,False,keep,G4,digits,facil
gb_G4_digits,8,0.9222222222222223,0.9228322383837372,0.9275262708968709,0.9222222222222223,0,0.9800190208604557,0.6181968537118269,0.3002005209074911,0.9373523743520911,0.8297916424681522,0.14814814814814814,0.3002005209074911,0.8762182581603551,0.6595932848363054,0.9988213558491891,0.9984864905438269,0.999990000099999,pixel_29,pixel_36,False,keep,G4,digits,facil
gb_G4_digits,9,0.9222222222222223,0.9228322383837372,0.9275262708968709,0.9222222222222223,0,0.9800190208604557,0.6118014650777063,0.26718064641903455,0.9515963423684999,0.8296235814958661,0.14814814814814814,0.26718064641903455,0.9044267854311234,0.6592571628917332,0.9988215302394005,0.9987658993058762,0.999990000099999,pixel_29,pixel_36,False,keep,G4,digits,facil
gb_G4_digits,10,0.9222222222222223,0.9228322383837372,0.9275262708968709,0.9222222222222223,0,0.9800190208604557,0.626467689025808,0.30780098066758266,0.9613151638959058,0.8297916424681522,0.14814814814814814,0.30780098066758266,0.923657665207603,0.6595932848363054,0.9988216735361436,0.9989726625842086,0.999990000099999,pixel_29,pixel_36,False,keep,G4,digits,facil
gb_G4_digits,11,0.9222222222222223,0.9228322383837372,0.9275262708968709,0.9222222222222223,0,0.9800190208604557,0.6221825140148544,0.28864062416890446,0.9673685648172485,0.8296235814958661,0.14814814814814814,0.28864062416890446,0.9356071949235377,0.6592571628917332,0.9988208881484972,0.9991299347109592,0.999990000099999,pixel_29,pixel_36,False,keep,G4,digits,facil
gb_G4_digits,12,0.9222222222222223,0.9228322383837372,0.9275262708968709,0.9222222222222223,0,0.9800190208604557,0.6263579205280368,0.2965669799642281,0.9743568907488466,0.8297916424681522,0.14814814814814814,0.2965669799642281,0.9494614491138508,0.6595932848363054,0.9988218753169051,0.9992523323838424,0.999990000099999,pixel_29,pixel_36,False,keep,G4,digits,facil
gb_G4_digits,13,0.9222222222222223,0.9228322383837372,0.9275262708968709,0.9222222222222223,0,0.9800190208604557,0.6238709776252719,0.2869529394021615,0.9760855876969353,0.8296752925642619,0.14814814814814814,0.2869529394021615,0.9528217248377497,0.6593605850285246,0.9988214072941985,0.9993494505561209,0.999990000099999,pixel_29,pixel_36,False,keep,G4,digits,facil
gb_G4_digits,14,0.9222222222222223,0.9228322383837372,0.9275262708968709,0.9222222222222223,0,0.9800190208604557,0.622718968805516,0.279745829408086,0.9801881376928772,0.8296235814958661,0.14814814814814814,0.279745829408086,0.9609484768488287,0.6592571628917332,0.9988218621502991,0.9994277985369255,0.999990000099999,pixel_29,pixel_36,False,keep,G4,digits,facil
gb_G4_digits,15,0.9222222222222223,0.9228322383837372,0.9275262708968709,0.9222222222222223,0,0.9800190208604557,0.6156067197683378,0.25269443740256625,0.9839991387840445,0.8297916424681522,0.14814814814814814,0.25269443740256625,0.9685063593363021,0.6595932848363054,0.9988221896835168,0.9994919182317871,0.999990000099999,pixel_29,pixel_36,False,keep,G4,digits,facil
gb_G4_digits,16,0.9222222222222223,0.9228322383837372,0.9275262708968709,0.9222222222222223,0,0.9800190208604557,0.6201438522858471,0.2657132391274014,0.9865251067842797,0.8297916424681522,0.14814814814814814,0.2657132391274014,0.973505156845019,0.6595932848363054,0.9988227881732182,0.9995450567235405,0.999990000099999,pixel_29,pixel_36,False,keep,G4,digits,facil
gb_G4_digits,17,0.9222222222222223,0.9228322383837372,0.9275262708968709,0.9222222222222223,0,0.9800190208604557,0.6415683693970645,0.33650288503746767,0.9872756001370696,0.8297916424681522,0.14814814814814814,0.33650288503746767,0.9749616151083459,0.6595932848363054,0.9988226510984647,0.9995895851657933,0.999990000099999,pixel_29,pixel_36,False,keep,G4,digits,facil
gb_G4_digits,18,0.9222222222222223,0.9228322383837372,0.9275262708968709,0.9222222222222223,0,0.9800190208604557,0.6288763176515798,0.2930691052658639,0.9889226819709109,0.8295460148932725,0.14814814814814814,0.2930691052658639,0.9782180962256328,0.659102029686546,0.9988229913157087,0.999627267716189,0.999990000099999,pixel_29,pixel_36,False,keep,G4,digits,facil
gb_G4_digits,19,0.9222222222222223,0.9228322383837372,0.9275262708968709,0.9222222222222223,0,0.9800190208604557,0.6262568899674601,0.2836120714828532,0.9897003318509328,0.8296235814958661,0.14814814814814814,0.2836120714828532,0.9797412248432918,0.6592571628917332,0.998823041110665,0.9996594388585738,0.999990000099999,pixel_29,pixel_36,False,keep,G4,digits,facil
svm_G4_digits,0,0.9638888888888889,0.9639222653990172,0.9640960348011764,0.9638888888888889,0,0.9166607233756109,0.31304823191369235,0.0,0.9919312466360533,0.21688473418226356,0.0,0.0,0.9999670121414527,0.4337694683645271,0.4744169536411412,0.983895481130654,0.0,pixel_51,pixel_19,False,adjust,G4,digits,facil
svm_G4_digits,1,0.9638888888888889,0.9639222653990172,0.9640960348011764,0.9638888888888889,0,0.9166973065464601,0.3135638624965066,0.0,0.9916868364671576,0.21880717793239057,0.0,0.0,0.9998098891115464,0.43761435586478115,0.47086908944925576,0.9835637838227689,0.0,pixel_51,pixel_19,False,adjust,G4,digits,facil
svm_G4_digits,2,0.9638888888888889,0.9639222653990172,0.9640960348011764,0.9638888888888889,0,0.9166973065464601,0.3133173370879611,0.0,0.991432201235463,0.21819762259698444,0.0,0.0,0.9993143903819693,0.4363952451939689,0.46341423763574613,0.9835500120889568,0.0,pixel_14,pixel_19,False,adjust,G4,digits,facil
svm_G4_digits,3,0.9638888888888889,0.9639222653990172,0.9640960348011764,0.9638888888888889,0,0.9166973065464601,0.3131905645592232,0.0,0.9915440442303083,0.21768184500548696,0.0,0.0,0.9995478506061631,0.4353636900109739,0.46343396649845175,0.9835402378544535,0.0,pixel_14,pixel_19,False,adjust,G4,digits,facil
svm_G4_digits,4,0.9638888888888889,0.9639222653990172,0.9640960348011764,0.9638888888888889,0,0.9166973065464601,0.31338693862077355,0.0,0.9915136741045047,0.21836173364882455,0.0,0.0,0.9994939059124905,0.4367234672976491,0.4634179501033256,0.983533442296519,0.0,pixel_14,pixel_19,False,adjust,G4,digits,facil
svm_G4_digits,5,0.9638888888888889,0.9639222653990172,0.9640960348011764,0.9638888888888889,0,0.9166973065464601,0.3136977901326801,0.0,0.9914066806398467,0.21948706657572817,0.0,0.0,0.9992848388440533,0.43897413315145634,0.46339786140090805,0.98352852243564,0.0,pixel_14,pixel_19,False,adjust,G4,digits,facil
svm_G4_digits,6,0.9638888888888889,0.9639222653990172,0.9640960348011764,0.9638888888888889,0,0.9166973065464601,0.3114029516054073,0.00945272267095242,0.9808158123149509,0.2112106057512796,0.0,0.00945272267095242,0.9778994978672759,0.4224212115025592,0.4627018833911715,0.9837321267626257,0.0,pixel_51,pixel_19,False,adjust,G4,digits,facil
svm_G4_digits,7,0.9638888888888889,0.9639222653990172,0.9640960348011764,0.9638888888888889,0,0.9166973065464601,0.31086416898486996,0.0077353733647350185,0.9827025328539959,0.20955974587316833,0.0,0.0077353733647350185,0.9815924213821031,0.41911949174633667,0.46270557723928996,0.9838126443258887,0.0,pixel_51,pixel_19,False,adjust,G4,digits,facil
svm_G4_digits,8,0.9638888888888889,0.9639222653990172,0.9640960348011764,0.9638888888888889,0,0.9166973065464601,0.3180768667250834,0.026232621509551,0.9854364151192456,0.21282658830802234,0.0,0.026232621509551,0.987002091535284,0.4256531766160447,0.46268553193186357,0.9838707387032073,0.0,pixel_14,pixel_19,False,adjust,G4,digits,facil
svm_G4_digits,9,0.9638888888888889,0.9639222653990172,0.9640960348011764,0.9638888888888889,0,0.9166973065464601,0.3171633424753548,0.026468540079051174,0.9862843843286959,0.20883894789821833,0.0,0.026468540079051174,0.9886543809730122,0.41767789579643666,0.462682250021819,0.9839143876843797,0.0,pixel_51,pixel_19,False,adjust,G4,digits,facil
svm_G4_digits,10,0.9638888888888889,0.9639222653990172,0.9640960348011764,0.9638888888888889,0,0.9166973065464601,0.3176259179415567,0.02337598030666319,0.9876046756419536,0.2123731831302312,0.0,0.02337598030666319,0.991261105124134,0.4247463662604624,0.4626796499525847,0.9839482461597733,0.0,pixel_14,pixel_19,False,adjust,G4,digits,facil
svm_G4_digits,11,0.9638888888888889,0.9639222653990172,0.9640960348011764,0.9638888888888889,0,0.9166973065464601,0.3117640060235273,0.004917224354679911,0.9883722725372337,0.21065256860938283,0.0,0.004917224354679911,0.9927693503133057,0.42130513721876567,0.4626939936989882,0.9839751947611616,0.0,pixel_14,pixel_19,False,adjust,G4,digits,facil
svm_G4_digits,12,0.9638888888888889,0.9639222653990172,0.9640960348011764,0.9638888888888889,0,0.9166973065464601,0.31463529332271767,0.015670501908447845,0.9882509250243838,0.20957137164695783,0.0,0.015670501908447845,0.9925047473905115,0.41914274329391565,0.4626760486003873,0.9839971026582562,0.0,pixel_14,pixel_19,False,adjust,G4,digits,facil
svm_G4_digits,13,0.9638888888888889,0.9639222653990172,0.9640960348011764,0.9638888888888889,0,0.9166973065464601,0.3138434182693838,0.011803627794975746,0.988663403177611,0.21045493045496105,0.0,0.011803627794975746,0.99331157540711,0.4209098609099221,0.462684624320329,0.984015230948112,0.0,pixel_14,pixel_19,False,adjust,G4,digits,facil
svm_G4_digits,14,0.9638888888888889,0.9639222653990172,0.9640960348011764,0.9638888888888889,0,0.9166973065464601,0.32040415582521214,0.032536744578823745,0.9892872140472936,0.2110710964658054,0.0,0.032536744578823745,0.9945439693749676,0.4221421929316108,0.46267630352629147,0.9840304587196196,0.0,pixel_14,pixel_19,False,adjust,G4,digits,facil
svm_G4_digits,15,0.9638888888888889,0.9639222653990172,0.9640960348011764,0.9638888888888889,0,0.9166973065464601,0.3156763216105027,0.014397459403943115,0.9896876559739667,0.21311723265276022,0.0,0.014397459403943115,0.9953318959355211,0.42623446530552045,0.4626701794718079,0.9840434160124124,0.0,pixel_14,pixel_19,False,adjust,G4,digits,facil
svm_G4_digits,16,0.9638888888888889,0.9639222653990172,0.9640960348011764,0.9638888888888889,0,0.9166973065464601,0.31391138641082517,0.009428414654638631,0.9898184505865949,0.21209416455928282,0.0,0.009428414654638631,0.9955823358947365,0.42418832911856563,0.46265903929383484,0.9840545652784533,0.0,pixel_14,pixel_19,False,adjust,G4,digits,facil
svm_G4_digits,17,0.9638888888888889,0.9639222653990172,0.9640960348011764,0.9638888888888889,0,0.9166973065464601,0.311279537263441,0.001679938367568277,0.9899982693248319,0.2109199614065417,0.0,0.001679938367568277,0.9959322855772433,0.4218399228130834,0.46266160118998895,0.9840642530724205,0.0,pixel_14,pixel_19,False,adjust,G4,digits,facil
svm_G4_digits,18,0.9638888888888889,0.9639222653990172,0.9640960348011764,0.9638888888888889,0,0.9166973065464601,0.31205335877880974,0.0018521080547949389,0.9903060299803623,0.21307072955760217,0.0,0.0018521080547949389,0.996539316097275,0.42614145911520435,0.4626552592356859,0.9840727438634496,0.0,pixel_14,pixel_19,False,adjust,G4,digits,facil
svm_G4_digits,19,0.9638888888888889,0.9639222653990172,0.9640960348011764,0.9638888888888889,0,0.9166973065464601,0.3176278753461358,0.02333658321024097,0.9904778693425552,0.21002477682474896,0.0,0.02333658321024097,0.9968754959364274,0.4200495536494979,0.46265434499136965,0.984080242748683,0.0,pixel_14,pixel_19,False,adjust,G4,digits,facil
torch_G4_digits,0,0.9777777777777777,0.9778718197629737,0.9781746031746033,0.9777777777777777,0,0.9999738931655884,0.42928084601380695,0.3461309098148562,0.7999999995587682,0.36456714869409823,0.10714285714285714,0.9999854624284921,0.9999999991175365,0.7291342973881965,0.3461309098148562,0.6,0.0,pixel_28,pixel_20,False,keep,G4,digits,facil
torch_G4_digits,1,0.9777777777777777,0.9778718197629737,0.9781746031746033,0.9777777777777777,0,0.9999738931655884,0.42667184200964,0.32110018673818363,0.7986752262058419,0.36150252404834093,0.14814814814814814,0.999984521841415,0.9973504524116839,0.7230050480966819,0.32110018673818363,0.6,0.0,pixel_28,pixel_20,False,keep,G4,digits,facil
torch_G4_digits,2,0.9777777777777777,0.9778718197629737,0.9781746031746033,0.9777777777777777,0,0.9999738931655884,0.43352663696769533,0.34958433219848695,0.7980811067525837,0.3563627946592705,0.14814814814814814,0.9999861166542864,0.9961622135051674,0.712725589318541,0.34958433219848695,0.6,0.0,pixel_28,pixel_20,False,soft_adjust,G4,digits,facil
torch_G4_digits,3,0.975,0.9750477869880042,0.9753968253968255,0.975,0,0.9999779462814331,0.4302642705276999,0.36062568202426026,0.7990628526050031,0.35413141399247483,0.10714285714285714,0.9999857174882918,0.9981257052100062,0.7082628279849497,0.36062568202426026,0.6,0.0,pixel_28,pixel_20,False,soft_adjust,G4,digits,facil
torch_G4_digits,4,0.975,0.9750477869880042,0.9753968253968255,0.975,0,0.9999845027923584,0.4275769760963925,0.35185781000950883,0.7992009920268457,0.3538265217179996,0.10714285714285714,0.9999877077446072,0.9984019840536913,0.7076530434359992,0.35185781000950883,0.6,0.0,pixel_28,pixel_20,False,soft_adjust,G4,digits,facil
torch_G4_digits,5,0.975,0.9750477869880042,0.9753968253968255,0.975,0,0.9999840259552002,0.4157211282961498,0.33885428190029526,0.7978538859990167,0.3565808452741309,0.05084745762711865,0.9999835612005865,0.9957077719980334,0.7131616905482618,0.33885428190029526,0.6,0.0,pixel_28,pixel_20,False,soft_adjust,G4,digits,facil
torch_G4_digits,6,0.975,0.9750477869880042,0.9753968253968255,0.975,0,0.9999862909317017,0.4175830425088929,0.32600519943204365,0.7977317019119929,0.3573022082147983,0.08771929824561403,0.9999826599920507,0.9954634038239859,0.7146044164295966,0.32600519943204365,0.6,0.0,pixel_28,pixel_20,False,soft_adjust,G4,digits,facil
torch_G4_digits,7,0.975,0.9750477869880042,0.9753968253968255,0.975,0,0.9999831914901733,0.41162299153318777,0.32698585439374434,0.7987570930304382,0.3540361443779573,0.05084745762711865,0.9999821146385436,0.9975141860608765,0.7080722887559145,0.32698585439374434,0.6,0.0,pixel_28,pixel_20,False,soft_adjust,G4,digits,facil
torch_G4_digits,8,0.975,0.9750477869880042,0.9753968253968255,0.975,0,0.9999901056289673,0.40246929578192503,0.31291608887938077,0.7973747196975474,0.3387455684988539,0.05084745762711865,0.9999809228714088,0.9947494393950947,0.6774911369977078,0.31291608887938077,0.6,0.0,pixel_28,pixel_20,False,soft_adjust,G4,digits,facil
torch_G4_digits,9,0.975,0.974993845227274,0.9753577517963709,0.975,0,0.9999935626983643,0.41382934024512696,0.3090623939489349,0.7989010260933016,0.36075823600093004,0.08771929824561403,0.9999818550165025,0.9978020521866032,0.7215164720018601,0.3090623939489349,0.6,0.0,pixel_28,pixel_20,False,soft_adjust,G4,digits,facil
torch_G4_digits,10,0.975,0.974993845227274,0.9753577517963709,0.975,0,0.9999934434890747,0.4128613263251672,0.3084608851867654,0.7983671777890492,0.3585779052834441,0.08771929824561403,0.9999820237470503,0.9967343555780984,0.7171558105668882,0.3084608851867654,0.6,0.0,pixel_28,pixel_20,False,soft_adjust,G4,digits,facil
torch_G4_digits,11,0.9777777777777777,0.9778146031551914,0.9780868902439025,0.9777777777777777,0,0.9999936819076538,0.4204601900945162,0.324921808394823,0.7979882984817424,0.3677622607293054,0.08771929824561403,0.9999846792830311,0.9959765969634848,0.7355245214586108,0.324921808394823,0.6,0.0,pixel_28,pixel_20,False,soft_adjust,G4,digits,facil
torch_G4_digits,12,0.9722222222222222,0.9722663724234004,0.9726049615248398,0.9722222222222222,0,0.999993085861206,0.4079049746502205,0.3016390145837903,0.7974838598168669,0.3496147019467488,0.08771929824561403,0.9999849123795583,0.9949677196337338,0.6992294038934976,0.3016390145837903,0.6,0.0,pixel_28,pixel_20,False,soft_adjust,G4,digits,facil
torch_G4_digits,13,0.9777777777777777,0.9778146031551914,0.9780868902439025,0.9777777777777777,0,0.999994158744812,0.4134578610404976,0.31624116269159847,0.7986235621373241,0.35257242320614984,0.08771929824561403,0.9999846880594172,0.9972471242746482,0.7051448464122997,0.31624116269159847,0.6,0.0,pixel_28,pixel_20,False,soft_adjust,G4,digits,facil
torch_G4_digits,14,0.975,0.9750477869880042,0.9753968253968255,0.975,0,0.9999932050704956,0.40932305703186095,0.30632743563489884,0.7975035548161128,0.3496368096684034,0.08771929824561403,0.9999840326824041,0.9950071096322256,0.6992736193368068,0.30632743563489884,0.6,0.0,pixel_28,pixel_20,False,soft_adjust,G4,digits,facil
torch_G4_digits,15,0.975,0.9750477869880042,0.9753968253968255,0.975,0,0.9999963045120239,0.4073831941185687,0.29789812504453117,0.7978826758460753,0.35128397635616154,0.08771929824561403,0.9999825147798646,0.9957653516921507,0.7025679527123231,0.29789812504453117,0.6,0.0,pixel_28,pixel_20,False,soft_adjust,G4,digits,facil
torch_G4_digits,16,0.975,0.974993845227274,0.9753577517963709,0.975,0,0.9999973773956299,0.39351113994792547,0.2796522488853843,0.794880701874219,0.3442272372322923,0.05084745762711865,0.9999845340205893,0.9897614037484379,0.6884544744645846,0.2796522488853843,0.6,0.0,pixel_36,pixel_20,False,soft_adjust,G4,digits,facil
torch_G4_digits,17,0.975,0.974993845227274,0.9753577517963709,0.975,0,0.999997615814209,0.40046524148024665,0.28270116405972057,0.7954186509912861,0.335762669810268,0.10714285714285714,0.9999871732451564,0.9908373019825721,0.671525339620536,0.28270116405972057,0.6,0.0,pixel_28,pixel_20,False,soft_adjust,G4,digits,facil
torch_G4_digits,18,0.975,0.9750477869880042,0.9753968253968255,0.975,0,0.9999972581863403,0.40058983357921346,0.2656133560358021,0.7977009779921389,0.35136384566336526,0.10714285714285714,0.9999876345156837,0.9954019559842779,0.7027276913267305,0.2656133560358021,0.6,0.0,pixel_28,pixel_20,False,soft_adjust,G4,digits,facil
torch_G4_digits,19,0.975,0.9750477869880042,0.9753968253968255,0.975,0,0.9999971389770508,0.3996755412303596,0.26103670750193425,0.7966716758913761,0.3537506047850223,0.10714285714285714,0.999986742287829,0.9933433517827523,0.7075012095700446,0.26103670750193425,0.6,0.0,pixel_28,pixel_20,False,soft_adjust,G4,digits,facil
gb_G4_covertype,0,0.712,0.7064547839115479,0.711136125602566,0.712,1,0.8356760971522537,0.5505703359729307,0.04525688088483339,0.9999973506264774,0.8269050675258596,0.06896551724137931,0.04525688088483339,0.9999962665024482,0.6538111350507191,0.49499622063010956,0.9999984347505066,0.999999000001,f0,f9,False,keep,G4,covertype,facil
gb_G4_covertype,1,0.712,0.7064547839115479,0.711136125602566,0.712,1,0.8356760971522537,0.5476723355713002,0.03559690256206455,0.9999973230072783,0.8269050675258596,0.06896551724137931,0.03559690256206455,0.9999962112640498,0.6538111350507191,0.4977412863663074,0.9999984347505066,0.999999000001,f0,f9,False,soft_adjust,G4,covertype,facil
gb_G4_covertype,2,0.712,0.706313573818062,0.71493166639953,0.712,1,0.8336700239983628,0.5529010818989606,0.05320897371081119,0.9997778229394239,0.8269050675258596,0.06896551724137931,0.05320897371081119,0.999807205184941,0.6538111350507191,0.49919488204367674,0.9997484406939068,0.999999000001,f0,f9,False,soft_adjust,G4,covertype,facil
gb_G4_covertype,3,0.711,0.7055839392671007,0.7157317452356788,0.711,1,0.8418922142810118,0.5806863730787127,0.08106960480289123,0.9889486344608058,0.8861095949239643,0.12727272727272726,0.08106960480289123,0.9944026458298674,0.7722201898469289,0.46244225976631653,0.9834946230917443,0.999999000001,f0,f9,False,keep,G4,covertype,facil
gb_G4_covertype,4,0.711,0.7055839392671007,0.7157317452356788,0.711,1,0.8418922142810118,0.5919251616515325,0.1154498199827838,0.9928145652530114,0.8859703993266335,0.12727272727272726,0.1154498199827838,0.9962596148257881,0.7719417986522669,0.4603749724446355,0.9893695156802347,0.999999000001,f0,f9,False,keep,G4,covertype,facil
gb_G4_covertype,5,0.711,0.7055839392671007,0.7157317452356788,0.711,1,0.8418922142810118,0.582486925913799,0.08216413379712297,0.9950044457248701,0.8859703993266335,0.12727272727272726,0.08216413379712297,0.99741460850267,0.7719417986522669,0.46356521656117394,0.9925942829470703,0.999999000001,f0,f9,False,keep,G4,covertype,facil
gb_G4_covertype,6,0.711,0.7055839392671007,0.7157317452356788,0.711,1,0.8418922142810118,0.5751337343087506,0.04228196859829257,0.9863137527438937,0.8864807831835136,0.21568627450980393,0.04228196859829257,0.9785398675562462,0.7729625663660273,0.4548627239837,0.9940876379315412,0.999999000001,f0,f9,False,keep,G4,covertype,facil
gb_G4_covertype,7,0.711,0.7055839392671007,0.7157317452356788,0.711,1,0.8418922142810118,0.5762227492355755,0.04325596522491337,0.9895010164992486,0.8864807831835136,0.21568627450980393,0.04325596522491337,0.9835346265139014,0.7729625663660273,0.4553554066901187,0.9954674064845956,0.999999000001,f0,f9,False,keep,G4,covertype,facil
gb_G4_covertype,8,0.711,0.7055839392671007,0.7157317452356788,0.711,1,0.8418922142810118,0.5683397771421032,0.015169697999536057,0.9916726487958119,0.8864807831835136,0.21568627450980393,0.015169697999536057,0.9869296874317756,0.7729625663660273,0.46022815943256384,0.9964156101598483,0.999999000001,f0,f9,False,soft_adjust,G4,covertype,facil
gb_G4_covertype,9,0.711,0.7050216889007909,0.7141371165161415,0.711,1,0.8314913896945885,0.5651292791698138,0.08108273702311349,0.9804498073254064,0.8306871905830813,0.16981132075471697,0.08108273702311349,0.9843604634270526,0.6613753811651627,0.4323626331621612,0.9765391512237603,0.999999000001,f0,f9,False,soft_adjust,G4,covertype,facil
gb_G4_covertype,10,0.71,0.7045796224646496,0.7142462236729712,0.71,1,0.8406591838330068,0.5611520095831406,0.043259979550277924,0.9871367331507503,0.8321327747678992,0.24,0.043259979550277924,0.989281058487008,0.6642665495347984,0.48061962475664843,0.9849924078144926,0.999999000001,f0,f9,False,soft_adjust,G4,covertype,facil
gb_G4_covertype,11,0.713,0.7072932973594674,0.7111098712111201,0.713,1,0.8302116752968979,0.5788444697884952,0.05951956565306017,0.9857053326567957,0.88211932113381,0.21568627450980393,0.05951956565306017,0.9868590359336646,0.76423964226662,0.4920827687326182,0.9845516293799268,0.999999000001,f0,f9,False,soft_adjust,G4,covertype,facil
gb_G4_covertype,12,0.712,0.7063024317109732,0.7120734831871345,0.712,1,0.8590033920855716,0.5768513468778736,0.05184074909742114,0.9868021606184716,0.8822403713526473,0.21568627450980393,0.05184074909742114,0.9873006603048042,0.7644817427042947,0.4696770718689766,0.986303660932139,0.999999000001,f0,f9,False,soft_adjust,G4,covertype,facil
gb_G4_covertype,13,0.715,0.70972433426977,0.7156756199616122,0.715,1,0.8434120327480644,0.5141903351518448,0.09212185147678291,0.6300260296864173,0.8019524460855569,0.5897435897435898,0.09212185147678291,0.6,0.6039065588350027,0.33265654459270144,0.6600520593728347,0.9999983333361111,f1,f1,True,soft_adjust,G4,covertype,facil
gb_G4_covertype,14,0.707,0.7016034426016107,0.7072207151671792,0.707,1,0.8465225560825691,0.49731497652183576,0.08334458380493441,0.6807157177886674,0.8076523847048316,0.34782608695652173,0.08334458380493441,0.6864828485708936,0.6153057694086632,0.45702039229254665,0.674948587006441,0.999999000001,f6,f1,False,soft_adjust,G4,covertype,facil
gb_G4_covertype,15,0.711,0.7048679562663667,0.7148926588391823,0.711,1,0.8401660515272709,0.5242019250778667,0.10826391470325719,0.766239971703525,0.8151258591366943,0.2916666666666667,0.10826391470325719,0.7951250859926049,0.7211616356280093,0.37943891858851414,0.7373548574144451,0.9090900826453794,f6,f1,False,soft_adjust,G4,covertype,facil
gb_G4_covertype,16,0.71,0.703748065634812,0.7146502203567665,0.71,1,0.8404375616033346,0.5246023119782416,0.08274345950986975,0.8180087595472281,0.811756947461579,0.24,0.08274345950986975,0.8624590311645673,0.7144238122777786,0.41184540515019896,0.7735584879298889,0.9090900826453794,f6,f1,False,soft_adjust,G4,covertype,facil
gb_G4_covertype,17,0.717,0.7118094387608359,0.7180065376490655,0.717,1,0.8372778522675252,0.5353853735315122,0.022825885720635847,0.8298319644423954,0.8779781549731888,0.3191489361702128,0.022825885720635847,0.7120728894474708,0.7559573099453776,0.5295275585050603,0.9475910394373199,0.999999000001,f0,f9,False,soft_adjust,G4,covertype,facil
gb_G4_covertype,18,0.722,0.7158230796881938,0.7228000061402895,0.722,1,0.8591698596526657,0.5259998046278882,0.03955431365557485,0.8344076348080192,0.8295497838751479,0.37777777777777777,0.03955431365557485,0.743720830878712,0.6591005677492958,0.541313278955482,0.9250944387373263,0.999999000001,f0,f9,False,soft_adjust,G4,covertype,facil
gb_G4_covertype,19,0.72,0.7127490121608365,0.7186935473040738,0.72,1,0.8703331754918567,0.5349917496045038,0.015349799635547261,0.8322728753860555,0.8855064140021969,0.37777777777777777,0.015349799635547261,0.7375056499049422,0.7710138280033938,0.5986889011812889,0.9270401008671688,0.999999000001,f0,f9,False,soft_adjust,G4,covertype,facil
svm_G4_covertype,0,0.673,0.6639443814258459,0.6571428784504335,0.673,1,0.8073222205729526,0.5264515918242164,0.01967418429888168,0.9999860224498553,0.7412658466633706,0.19230769230769232,0.01967418429888168,0.9999722375917538,0.48253269332574117,0.9511241464275282,0.9999998073079569,0.999999000001,f6,f0,False,adjust,G4,covertype,facil
svm_G4_covertype,1,0.672,0.6625789838601449,0.655423460420463,0.672,1,0.806536207592299,0.5217523890386908,0.004463727217949315,0.9999649351738593,0.7408298671892143,0.19230769230769232,0.004463727217949315,0.9999410832515238,0.4816607343774287,0.9504581529882759,0.999988787096195,0.999999000001,f6,f0,False,adjust,G4,covertype,facil
svm_G4_covertype,2,0.672,0.6625789838601449,0.655423460420463,0.672,1,0.8065229526089622,0.522289442243269,0.0062439033106675606,0.9999769366809103,0.7408298671892143,0.19230769230769232,0.0062439033106675606,0.999959245907757,0.4816607343774287,0.9508207044480458,0.9999946274540635,0.999999000001,f6,f0,False,adjust,G4,covertype,facil
svm_G4_covertype,3,0.672,0.6625789838601449,0.655423460420463,0.672,1,0.8065229526089622,0.5204172906628817,0.0,0.9999810143321619,0.7408298671892143,0.19230769230769232,0.0,0.9999651311127978,0.4816607343774287,0.9503054505729723,0.9999968975515259,0.999999000001,f6,f0,False,adjust,G4,covertype,facil
svm_G4_covertype,4,0.672,0.6625789838601449,0.655423460420463,0.672,1,0.8065229526089622,0.5204177869545316,0.0,0.9999829994987615,0.7408298671892143,0.19230769230769232,0.0,0.999968052008528,0.4816607343774287,0.950067577333675,0.999997946988995,0.999999000001,f6,f0,False,adjust,G4,covertype,facil
svm_G4_covertype,5,0.672,0.6625789838601449,0.655423460420463,0.672,1,0.8065229526089622,0.5229471759138269,0.00843012814934388,0.9999844015567299,0.7408298671892143,0.19230769230769232,0.00843012814934388,0.9999702864933396,0.4816607343774287,0.9504767549469052,0.9999985166201202,0.999999000001,f6,f0,False,adjust,G4,covertype,facil
svm_G4_covertype,6,0.672,0.6625789838601449,0.655423460420463,0.672,1,0.8065229526089622,0.5249099925013356,0.0,0.9882116358775096,0.7407736117731942,0.2916666666666667,0.0,0.9764851237353206,0.4815482235453884,0.9519762600244736,0.9999381480196986,0.999999000001,f6,f0,False,adjust,G4,covertype,facil
svm_G4_covertype,7,0.672,0.6625789838601449,0.655423460420463,0.672,1,0.8065229526089622,0.5257253227217333,0.0,0.9914729567591002,0.7407736117731942,0.2916666666666667,0.0,0.9829932408939736,0.4815482235453884,0.9519750066124933,0.9999526726242268,0.999999000001,f6,f0,False,adjust,G4,covertype,facil
svm_G4_covertype,8,0.672,0.6625789838601449,0.655423460420463,0.672,1,0.8065229526089622,0.5264096572921674,0.00053574877633576,0.9935673965092335,0.7407736117731942,0.2916666666666667,0.00053574877633576,0.9871721826734438,0.4815482235453884,0.952109229761885,0.9999626103450234,0.999999000001,f6,f0,False,adjust,G4,covertype,facil
svm_G4_covertype,9,0.672,0.6625789838601449,0.655423460420463,0.672,1,0.8065229526089622,0.5266042779457935,0.0,0.9949887776553409,0.7407736117731942,0.2916666666666667,0.0,0.9900078479913499,0.4815482235453884,0.9534951340411176,0.9999697073193319,0.999999000001,f6,f0,False,adjust,G4,covertype,facil
svm_G4_covertype,10,0.672,0.6625789838601449,0.655423460420463,0.672,1,0.8065229526089622,0.5268503155810235,0.0,0.9959729281962608,0.7407736117731942,0.2916666666666667,0.0,0.9919709049344199,0.4815482235453884,0.954064358275802,0.9999749514581019,0.999999000001,f6,f0,False,adjust,G4,covertype,facil
svm_G4_covertype,11,0.672,0.6625789838601449,0.655423460420463,0.672,1,0.8065229526089622,0.5270295703837984,0.0,0.9966899474073606,0.7407736117731942,0.2916666666666667,0.0,0.9934009590341935,0.4815482235453884,0.9554613356115637,0.9999789357805278,0.999999000001,f6,f0,False,adjust,G4,covertype,facil
svm_G4_covertype,12,0.672,0.6625789838601449,0.655423460420463,0.672,1,0.8065229526089622,0.5271624618195375,0.0,0.997221513150317,0.7407736117731942,0.2916666666666667,0.0,0.9944609925700982,0.4815482235453884,0.9499666275298158,0.9999820337305357,0.999999000001,f6,f0,False,adjust,G4,covertype,facil
svm_G4_covertype,13,0.672,0.6625789838601449,0.655423460420463,0.672,1,0.8065229526089622,0.527271860482989,0.0,0.997659107804123,0.7407736117731942,0.2916666666666667,0.0,0.9953337256320228,0.4815482235453884,0.9477621297087208,0.9999844899762232,0.999999000001,f6,f0,False,adjust,G4,covertype,facil
svm_G4_covertype,14,0.672,0.6625789838601449,0.655423460420463,0.672,1,0.8065229526089622,0.5273565725360662,0.0,0.9979979560164317,0.7407736117731942,0.2916666666666667,0.0,0.9960094417907328,0.4815482235453884,0.9502230464429686,0.9999864702421306,0.999999000001,f6,f0,False,adjust,G4,covertype,facil
svm_G4_covertype,15,0.672,0.6625789838601449,0.655423460420463,0.672,1,0.8065229526089622,0.5274231916203079,0.0,0.9982644323533986,0.7407736117731942,0.2916666666666667,0.0,0.9965407746932995,0.4815482235453884,0.9433222019419613,0.9999880900134976,0.999999000001,f6,f0,False,adjust,G4,covertype,facil
svm_G4_covertype,16,0.672,0.6625789838601449,0.655423460420463,0.672,1,0.8065229526089622,0.5274747273289395,0.0,0.998470575187925,0.7407736117731942,0.2916666666666667,0.0,0.9969517186129863,0.4815482235453884,0.9432795809907251,0.9999894317628639,0.999999000001,f6,f0,False,adjust,G4,covertype,facil
svm_G4_covertype,17,0.672,0.6625789838601449,0.655423460420463,0.672,1,0.8065229526089622,0.5275180078054941,0.0,0.9986436970941431,0.7407736117731942,0.2916666666666667,0.0,0.9972968385288195,0.4815482235453884,0.953447077162488,0.9999905556594668,0.999999000001,f6,f0,False,adjust,G4,covertype,facil
svm_G4_covertype,18,0.672,0.6625789838601449,0.655423460420463,0.672,1,0.8065229526089622,0.52755865922159,0.0,0.9988063027585269,0.7407736117731942,0.2916666666666667,0.0,0.9976210990828426,0.4815482235453884,0.9562181145333717,0.9999915064342112,0.999999000001,f6,f0,False,adjust,G4,covertype,facil
svm_G4_covertype,19,0.672,0.6625789838601449,0.655423460420463,0.672,1,0.8065229526089622,0.5275884748014731,0.0,0.9989255650780593,0.7407736117731942,0.2916666666666667,0.0,0.9978588122559402,0.4815482235453884,0.95665645890772,0.9999923179001784,0.999999000001,f6,f0,False,adjust,G4,covertype,facil
torch_G4_covertype,0,0.726,0.7188782536470505,0.7146893939323747,0.726,1,0.7504892349243164,0.8169793051154912,0.9793515943978978,0.9999999260360859,0.7939811236345969,0.01639344262295082,0.9998304662661076,0.9999999985628722,0.5879632472681939,0.9793515943978978,0.9999998535092994,0.999999000001,f25,f0,False,soft_adjust,G4,covertype,facil
torch_G4_covertype,1,0.736,0.7297889954989693,0.7385289765673742,0.736,1,0.7578918933868408,0.8185270343473996,0.9788295290177197,0.9991308653820894,0.8044848643218709,0.0,0.9998253703881984,0.9983387572609286,0.608970728642742,0.9788295290177197,0.9999229735032503,0.999999000001,f25,f0,False,keep,G4,covertype,facil
torch_G4_covertype,2,0.736,0.7297889954989693,0.7385289765673742,0.736,1,0.7578918933868408,0.8176006917301748,0.9788288519188605,0.998711590228436,0.8017471286580253,0.0,0.9998127273964545,0.9974576014644299,0.6034952573150507,0.9788288519188605,0.9999655789924422,0.999999000001,f25,f0,False,keep,G4,covertype,facil
torch_G4_covertype,3,0.736,0.7297889954989693,0.7385289765673742,0.736,1,0.7578918933868408,0.8112908824745823,0.9790016002103348,0.9989356978671782,0.7762565658265532,0.01639344262295082,0.9998429653979477,0.9978908519907241,0.5525141316521066,0.9790016002103348,0.9999805437436321,0.999999000001,f25,f0,False,soft_adjust,G4,covertype,facil
torch_G4_covertype,4,0.726,0.7191123402806416,0.7126768017889131,0.726,1,0.7433934807777405,0.8193046115622292,0.9799938577791898,0.9975791629328781,0.7988722116508425,0.03333333333333333,0.9998425899210533,0.9952696656535361,0.5977454233006851,0.9799938577791898,0.99988866021222,0.999999000001,f25,f0,False,soft_adjust,G4,covertype,facil
torch_G4_covertype,5,0.734,0.7271574901383135,0.7351503699066414,0.734,1,0.7824123501777649,0.818209090414962,0.9788313087631879,0.9985346469934243,0.799821759469761,0.01639344262295082,0.9998394500504101,0.9972868286597429,0.599644518938522,0.9788313087631879,0.9997824653271057,0.999999000001,f25,f0,False,soft_adjust,G4,covertype,facil
torch_G4_covertype,6,0.728,0.721645382623176,0.7173308823015008,0.728,1,0.7801921963691711,0.8304614585706437,0.9791013829033277,0.9967139549710129,0.8376751831896403,0.03333333333333333,0.9998925670352198,0.9941701804352887,0.6753513663782806,0.9791013829033277,0.9992577295067371,0.999999000001,f25,f0,False,soft_adjust,G4,covertype,facil
torch_G4_covertype,7,0.735,0.7305543323966605,0.7383651682373598,0.735,1,0.7932502031326294,0.821850178185908,0.978880629972559,0.9982421240930817,0.8121531665804952,0.01639344262295082,0.9998876308473247,0.9971791515961519,0.6243073331599904,0.978880629972559,0.9993050965900114,0.999999000001,f25,f0,False,soft_adjust,G4,covertype,facil
torch_G4_covertype,8,0.728,0.7198995910439485,0.733661810612001,0.728,1,0.836125910282135,0.8189302639883445,0.9767001051872457,0.9967942884444028,0.809905534403567,0.0,0.9998872941782952,0.9954148445830832,0.6198120688061342,0.9767001051872457,0.9981737323057225,0.999999000001,f25,f0,False,keep,G4,covertype,facil
torch_G4_covertype,9,0.728,0.7198995910439485,0.733661810612001,0.728,1,0.836125910282135,0.8198443397731553,0.9769369191423118,0.9970441310725533,0.8084090768853404,0.01639344262295082,0.9998691972102457,0.9955931108040027,0.6168191537696808,0.9769369191423118,0.9984951513411038,0.999999000001,f25,f0,False,keep,G4,covertype,facil
torch_G4_covertype,10,0.728,0.7198995910439485,0.733661810612001,0.728,1,0.836125910282135,0.823343014359402,0.9771610639693412,0.9972260361047592,0.8237939538080332,0.0,0.999892714222379,0.9957134124248055,0.6475889076150665,0.9771610639693412,0.998738659784713,0.999999000001,f25,f0,False,keep,G4,covertype,facil
torch_G4_covertype,11,0.728,0.7198995910439485,0.733661810612001,0.728,1,0.836125910282135,0.8279768634104665,0.9768928506546393,0.9976892458709206,0.8307889891544817,0.03333333333333333,0.9998804843188277,0.9964509584226283,0.6615789783079635,0.9768928506546393,0.9989275333192127,0.999999000001,f25,f0,False,keep,G4,covertype,facil
torch_G4_covertype,12,0.728,0.7198995910439485,0.733661810612001,0.728,1,0.836125910282135,0.8235943952818862,0.9772827392107017,0.9975646980407733,0.8158946633616079,0.03333333333333333,0.9998834530383548,0.9960524297269817,0.6317903267222158,0.9772827392107017,0.999076966354565,0.999999000001,f25,f0,False,keep,G4,covertype,facil
torch_G4_covertype,13,0.728,0.7198995910439485,0.733661810612001,0.728,1,0.836125910282135,0.8190785401144959,0.9658539001285114,0.9976881496938047,0.8164027481858998,0.01639344262295082,0.997355863859152,0.9961790812703095,0.6328064963707996,0.9658539001285114,0.9991972181172999,0.999999000001,f25,f0,False,keep,G4,covertype,facil
torch_G4_covertype,14,0.728,0.7198995910439485,0.733661810612001,0.728,1,0.836125910282135,0.8213219365084414,0.9652439155961922,0.9964963144404757,0.8123408980878714,0.06896551724137931,0.9973800076614588,0.99369721115392,0.6246827961747428,0.9652439155961922,0.9992954177270316,0.999999000001,f25,f0,False,keep,G4,covertype,facil
torch_G4_covertype,15,0.728,0.7198995910439485,0.733661810612001,0.728,1,0.836125910282135,0.8198521592220454,0.9650429088046418,0.9986154401548246,0.8231180884731557,0.0,0.9968260504970767,0.9978542366281412,0.6462371769453114,0.9650429088046418,0.9993766436815081,0.999999000001,f25,f0,False,keep,G4,covertype,facil
torch_G4_covertype,16,0.728,0.7198995910439485,0.733661810612001,0.728,1,0.836125910282135,0.8239627819695191,0.9649454308836523,0.9974286384641264,0.8338082829722349,0.01639344262295082,0.9969566494368366,0.995412684103339,0.6676175659434699,0.9649454308836523,0.9994445928249137,0.999999000001,f25,f0,False,keep,G4,covertype,facil
torch_G4_covertype,17,0.728,0.7198995910439485,0.733661810612001,0.728,1,0.836125910282135,0.824566078124778,0.977421634829496,0.9980847159775487,0.8227963349494025,0.01639344262295082,0.9998807550510227,0.9966674240082115,0.6455936698978052,0.977421634829496,0.9995020079468858,0.999999000001,f25,f0,False,keep,G4,covertype,facil
torch_G4_covertype,18,0.728,0.7198995910439485,0.733661810612001,0.728,1,0.836125910282135,0.8225653138415945,0.9759096559912523,0.9981108365337498,0.8217156930359379,0.0,0.999885047101602,0.9966707144434566,0.6434323860708759,0.9759096559912523,0.999550958624043,0.999999000001,f25,f0,False,keep,G4,covertype,facil
torch_G4_covertype,19,0.728,0.7198995910439485,0.733661810612001,0.728,1,0.836125910282135,0.8148937315559248,0.9762209695377141,0.9976310175455225,0.7962322876940997,0.0,0.9998800246054125,0.9956690049333202,0.5924655753871994,0.9762209695377141,0.9995930301577248,0.999999000001,f25,f0,False,keep,G4,covertype,facil
knn_G5_wine,0,0.9444444444444444,0.9436036129748098,0.9493827160493827,0.9444444444444444,0,1.0,0.8310499086724006,0.8942798716103394,0.9999938601820164,0.8571416071459821,0.2916666666666667,0.8942798716103394,0.9999880139549131,0.7142857142857143,0.9750564162654645,0.9999997064091198,0.99999750000625,alcalinity_of_ash,proline,False,soft_adjust,G5,wine,facil
knn_G5_wine,1,0.9444444444444444,0.9436036129748098,0.9493827160493827,0.9444444444444444,0,1.0,0.8144912083859557,0.8961560843663872,0.9990900213113972,0.8008229258273007,0.2916666666666667,0.8961560843663872,0.9982338178249822,0.6016483516483516,0.9754921333578249,0.9999462247978123,0.99999750000625,alcalinity_of_ash,proline,False,soft_adjust,G5,wine,facil
knn_G5_wine,2,0.9444444444444444,0.9436036129748098,0.9493827160493827,0.9444444444444444,0,1.0,0.8246483984799924,0.9263524250853553,0.998538117879727,0.80494380494818,0.2916666666666667,0.9263524250853553,0.9970994268398586,0.6098901098901099,0.9749382602020975,0.9999768089195955,0.99999750000625,alcalinity_of_ash,proline,False,soft_adjust,G5,wine,facil
knn_G5_wine,3,0.9444444444444444,0.9436036129748098,0.9493827160493827,0.9444444444444444,0,1.0,0.8176980435459169,0.8908229575883282,0.9985368943046931,0.8173064423108173,0.2916666666666667,0.8908229575883282,0.9972490918420793,0.6346153846153846,0.9750511073173023,0.9998246967673067,0.99999750000625,alcalinity_of_ash,proline,False,soft_adjust,G5,wine,facil
knn_G5_wine,4,0.9722222222222222,0.9721867461331064,0.974074074074074,0.9722222222222222,0,1.0,0.8271907950803178,0.9390768132454774,0.9967351417855859,0.8021965522009271,0.2916666666666667,0.9390768132454774,0.9938182999392278,0.6043956043956044,0.9753567339001581,0.999651983631944,0.99999750000625,alcalinity_of_ash,proline,False,soft_adjust,G5,wine,facil
knn_G5_wine,5,0.9444444444444444,0.9436036129748098,0.9493827160493827,0.9444444444444444,0,1.0,0.8280984298241725,0.9328934571140336,0.9978955982286271,0.8104383104426854,0.2916666666666667,0.9328934571140336,0.9962928509091943,0.6208791208791209,0.9751843829995502,0.9994983455480597,0.99999750000625,alcalinity_of_ash,proline,False,soft_adjust,G5,wine,facil
knn_G5_wine,6,0.9722222222222222,0.9721867461331064,0.974074074074074,0.9722222222222222,0,1.0,0.8298174024625548,0.9146096909416536,0.9719828088169561,0.8626361126404876,0.2653061224489796,0.9146096909416536,0.9445468003483917,0.7252747252747253,0.97488948335644,0.9994188172855205,0.99999750000625,alcalinity_of_ash,proline,False,soft_adjust,G5,wine,facil
knn_G5_wine,7,0.9444444444444444,0.9436036129748098,0.9493827160493827,0.9444444444444444,0,1.0,0.8290130002740606,0.9544876832710162,0.9861957536947454,0.8145591895635645,0.24,0.9544876832710162,0.9731422864474928,0.6291208791208791,0.9747522681822791,0.9992492209419981,0.99999750000625,alcalinity_of_ash,proline,False,soft_adjust,G5,wine,facil
knn_G5_wine,8,0.9722222222222222,0.9721867461331064,0.974074074074074,0.9722222222222222,0,1.0,0.8235166305981332,0.9126224574350013,0.989723271268979,0.8351635851679602,0.24,0.9126224574350013,0.9797755734831594,0.6703296703296704,0.9751678571657033,0.9996709690547987,0.99999750000625,alcalinity_of_ash,proline,False,soft_adjust,G5,wine,facil
knn_G5_wine,9,0.9444444444444444,0.9436036129748098,0.9493827160493827,0.9444444444444444,0,1.0,0.8053376641076487,0.937061063522689,0.9951436463238968,0.7392849142873142,0.2653061224489796,0.937061063522689,0.9908057909942698,0.6785714285714286,0.9758708294173017,0.9994815016535239,0.7999984000031999,alcalinity_of_ash,proline,False,soft_adjust,G5,wine,facil
knn_G5_wine,10,0.9722222222222222,0.9721867461331064,0.974074074074074,0.9722222222222222,0,1.0,0.8283303167383307,0.9449899854485548,0.9899172019937243,0.8186800686844437,0.24,0.9449899854485548,0.9800428787026503,0.6373626373626373,0.9743487547872316,0.9997915252847984,0.99999750000625,alcalinity_of_ash,proline,False,soft_adjust,G5,wine,facil
knn_G5_wine,11,0.9444444444444444,0.9436036129748098,0.9493827160493827,0.9444444444444444,0,1.0,0.835316254083472,0.9154339004265089,0.9933227588952505,0.8557679807723557,0.2916666666666667,0.9154339004265089,0.9870345193404884,0.7115384615384616,0.9758664698551535,0.9996109984500127,0.99999750000625,alcalinity_of_ash,proline,False,soft_adjust,G5,wine,facil
knn_G5_wine,12,0.9722222222222222,0.9721867461331064,0.974074074074074,0.9722222222222222,0,1.0,0.8328507300386242,0.9516145677427843,0.9934559498484167,0.8241745741789492,0.24,0.9516145677427843,0.9870548390001616,0.6483516483516484,0.9760505401874893,0.9998570606966718,0.99999750000625,alcalinity_of_ash,proline,False,soft_adjust,G5,wine,facil
knn_G5_wine,13,0.9444444444444444,0.9436036129748098,0.9493827160493827,0.9444444444444444,0,1.0,0.8371552320620608,0.9410087695936032,0.9953789376992022,0.8475262225305975,0.24,0.9410087695936032,0.9910666615764139,0.695054945054945,0.9766859927426018,0.9996912138219903,0.99999750000625,alcalinity_of_ash,proline,False,soft_adjust,G5,wine,facil
knn_G5_wine,14,0.9722222222222222,0.9721867461331064,0.974074074074074,0.9722222222222222,0,1.0,0.8267888120769387,0.9376761985575025,0.9958244309141229,0.8159328159371909,0.24,0.9376761985575025,0.9917529738262667,0.6318681318681318,0.9760505401874893,0.9998958880019791,0.99999750000625,alcalinity_of_ash,proline,False,soft_adjust,G5,wine,facil
knn_G5_wine,15,0.9444444444444444,0.9436036129748098,0.9493827160493827,0.9444444444444444,0,1.0,0.7963433939147204,0.917053227081271,0.9973612126099866,0.7337904087928087,0.24,0.917053227081271,0.9949777138684132,0.6675824175824175,0.9766859927426018,0.99974471135156,0.7999984000031999,alcalinity_of_ash,proline,False,soft_adjust,G5,wine,facil
knn_G5_wine,16,0.9722222222222222,0.9721867461331064,0.974074074074074,0.9722222222222222,0,1.0,0.8104979873808715,0.8834263812053089,0.9957609129524864,0.8159328159371909,0.24,0.8834263812053089,0.9916014801099349,0.6318681318681318,0.9760505401874893,0.9999203457950379,0.99999750000625,alcalinity_of_ash,proline,False,soft_adjust,G5,wine,facil
knn_G5_wine,17,0.9444444444444444,0.9436036129748098,0.9493827160493827,0.9444444444444444,0,1.0,0.8310528694755674,0.9301415490486961,0.9981804816774473,0.8228009478053228,0.2916666666666667,0.9301415490486961,0.9965785685400023,0.6456043956043955,0.9766859927426018,0.9997823948148923,0.99999750000625,alcalinity_of_ash,proline,False,soft_adjust,G5,wine,facil
knn_G5_wine,18,0.9722222222222222,0.9721867461331064,0.974074074074074,0.9722222222222222,0,1.0,0.8207658154233085,0.9342902858735174,0.997224110948956,0.798075673080048,0.24,0.9342902858735174,0.9945117540272298,0.5961538461538461,0.9742506522016995,0.9999364678706822,0.99999750000625,alcalinity_of_ash,proline,False,soft_adjust,G5,wine,facil
knn_G5_wine,19,0.9444444444444444,0.9436036129748098,0.9493827160493827,0.9444444444444444,0,1.0,0.7983245524494276,0.9346613471390324,0.9989912675146664,0.7214277714301713,0.24,0.9346613471390324,0.9981724552922968,0.6428571428571428,0.9766788475977576,0.9998100797370361,0.7999984000031999,alcalinity_of_ash,proline,False,soft_adjust,G5,wine,facil
lr_G5_wine,0,1.0,1.0,1.0,1.0,0,0.6277756775498645,0.6753821415583745,0.7144250002205912,0.9999992057485885,0.5835161335168335,0.24,0.7144250002205912,0.9999989683539567,0.46703296703296704,0.9776408029391671,0.9999994431432201,0.6999993000007,alcalinity_of_ash,alcohol,False,soft_adjust,G5,wine,facil
lr_G5_wine,1,0.9722222222222222,0.9721867461331064,0.974074074074074,0.9722222222222222,0,0.9279852067256114,0.6567200839588555,0.8190933153912063,0.965772163316122,0.3090659340659341,0.5121951219512195,0.8190933153912063,0.9791773260511245,0.6181318681318682,0.8613904256390933,0.9523670005811194,0.0,alcalinity_of_ash,alcalinity_of_ash,True,soft_adjust,G5,wine,facil
lr_G5_wine,2,0.9722222222222222,0.9721867461331064,0.974074074074074,0.9722222222222222,0,0.9266554773518069,0.66376386676451,0.8283239256111629,0.9828705622747925,0.3090659340659341,0.5121951219512195,0.8283239256111629,0.991233561278025,0.6181318681318682,0.8625933288696322,0.9745075632715601,0.0,alcalinity_of_ash,alcalinity_of_ash,True,soft_adjust,G5,wine,facil
lr_G5_wine,3,0.9722222222222222,0.9721867461331064,0.974074074074074,0.9722222222222222,0,0.9279264527093604,0.661454152418693,0.8156695791481584,0.9888169206471293,0.3090659340659341,0.5121951219512195,0.8156695791481584,0.9948373898635604,0.6181318681318682,0.8570530545148703,0.9827964514306983,0.0,alcalinity_of_ash,alcalinity_of_ash,True,soft_adjust,G5,wine,facil
lr_G5_wine,4,0.9722222222222222,0.9721867461331064,0.974074074074074,0.9722222222222222,0,0.928365778197393,0.665077083109234,0.8249185030878735,0.9922099346816355,0.3090659340659341,0.5121951219512195,0.8249185030878735,0.9965653255437857,0.6181318681318682,0.853609255449858,0.9878545438194853,0.0,alcalinity_of_ash,alcalinity_of_ash,True,soft_adjust,G5,wine,facil
lr_G5_wine,5,0.9722222222222222,0.9721867461331064,0.974074074074074,0.9722222222222222,0,0.9280438862982993,0.6662804137104821,0.8269568623199494,0.9945772260081368,0.3090659340659341,0.5121951219512195,0.8269568623199494,0.9977333923578491,0.6181318681318682,0.8536236308892862,0.9914210596584245,0.0,alcalinity_of_ash,alcalinity_of_ash,True,soft_adjust,G5,wine,facil
lr_G5_wine,6,0.9722222222222222,0.9721867461331064,0.974074074074074,0.9722222222222222,0,0.9285556846275979,0.6633178494141381,0.8160103017200492,0.9958628415426409,0.3090659340659341,0.5121951219512195,0.8160103017200492,0.9983122479960027,0.6181318681318682,0.8526210695007902,0.9934134350892792,0.0,alcalinity_of_ash,alcalinity_of_ash,True,soft_adjust,G5,wine,facil
lr_G5_wine,7,0.9722222222222222,0.9721867461331064,0.974074074074074,0.9722222222222222,0,0.9305426975794859,0.6808840310405769,0.8423903467055393,0.9936567191046717,0.3241758241758242,0.55,0.8492294034989618,0.994908912775707,0.6483516483516484,0.8423903467055393,0.9924045254336362,0.0,alcalinity_of_ash,alcalinity_of_ash,True,soft_adjust,G5,wine,facil
lr_G5_wine,8,1.0,1.0,1.0,1.0,0,0.6355310299138524,0.6803016432888982,0.7777033281879006,0.961628157700733,0.5807688807695808,0.21568627450980393,0.7777033281879006,0.9630136602043176,0.46153846153846156,0.9760362061206254,0.9602426551971484,0.6999993000007,alcalinity_of_ash,alcohol,False,keep,G5,wine,facil
lr_G5_wine,9,1.0,1.0,1.0,1.0,0,0.6355310299138524,0.6831411677621658,0.7404644053704248,0.9710063948264702,0.6196576875598343,0.21568627450980393,0.7404644053704248,0.9700631010588565,0.46153846153846156,0.9759916165676844,0.9719496885940838,0.777776913581207,alcalinity_of_ash,alcohol,False,soft_adjust,G5,wine,facil
lr_G5_wine,10,0.9722222222222222,0.9721867461331064,0.974074074074074,0.9722222222222222,0,0.9306333063876419,0.6788248799210546,0.8436004004253517,0.983968050162807,0.3241758241758242,0.55,0.8436004004253517,0.9902186875968515,0.6483516483516484,0.846446075049591,0.9777174127287624,0.0,alcalinity_of_ash,alcalinity_of_ash,True,soft_adjust,G5,wine,facil
lr_G5_wine,11,1.0,1.0,1.0,1.0,0,0.6364069724849308,0.6791990309948073,0.795559789615153,0.973971700101027,0.5489507596951135,0.21568627450980393,0.795559789615153,0.9720022952127058,0.46153846153846156,0.9760058539304224,0.9759411049893482,0.6363630578517656,alcalinity_of_ash,alcohol,False,keep,G5,wine,facil
lr_G5_wine,12,1.0,1.0,1.0,1.0,0,0.6364069724849308,0.6671862869784045,0.7198152281582425,0.978632452494348,0.5807688807695808,0.21568627450980393,0.7198152281582425,0.9760701751553893,0.46153846153846156,0.976742552882687,0.9811947298333068,0.6999993000007,alcalinity_of_ash,alcohol,False,soft_adjust,G5,wine,facil
lr_G5_wine,13,1.0,1.0,1.0,1.0,0,0.6364069724849308,0.6930371611858344,0.7641065025611372,0.9822198518922894,0.6196576875598343,0.21568627450980393,0.7641065025611372,0.9795310591381226,0.46153846153846156,0.9768601525182761,0.9849086446464563,0.777776913581207,alcalinity_of_ash,alcohol,False,soft_adjust,G5,wine,facil
lr_G5_wine,14,1.0,1.0,1.0,1.0,0,0.6364069724849308,0.6640987596335644,0.7361234837537107,0.984894181689786,0.5489507596951135,0.21568627450980393,0.7361234837537107,0.9821608807186635,0.46153846153846156,0.976742552882687,0.9876274826609087,0.6363630578517656,alcalinity_of_ash,alcohol,False,soft_adjust,G5,wine,facil
lr_G5_wine,15,1.0,1.0,1.0,1.0,0,0.6364069724849308,0.676155581459347,0.7745748450198731,0.9869798354735217,0.5489507596951135,0.21568627450980393,0.7745748450198731,0.984283831584675,0.46153846153846156,0.9768601525182761,0.9896758393623684,0.6363630578517656,alcalinity_of_ash,alcohol,False,soft_adjust,G5,wine,facil
lr_G5_wine,16,1.0,1.0,1.0,1.0,0,0.6364069724849308,0.6824918414194271,0.7624607408363415,0.9886800550447195,0.5807688807695808,0.21568627450980393,0.7624607408363415,0.9861036078223878,0.46153846153846156,0.976742552882687,0.991256502267051,0.6999993000007,alcalinity_of_ash,alcohol,False,soft_adjust,G5,wine,facil
lr_G5_wine,17,1.0,1.0,1.0,1.0,0,0.6364069724849308,0.6847419979995524,0.7688006562273415,0.9900727828960206,0.5807688807695808,0.21568627450980393,0.7688006562273415,0.987644300553978,0.46153846153846156,0.9768601525182761,0.9925012652380633,0.6999993000007,alcalinity_of_ash,alcohol,False,soft_adjust,G5,wine,facil
lr_G5_wine,18,0.9722222222222222,0.9721867461331064,0.974074074074074,0.9722222222222222,0,0.9299951117969308,0.6649009658802314,0.816645494802872,0.9606182807464904,0.3241758241758242,0.55,0.816645494802872,0.974800244884343,0.6483516483516484,0.8565319331068391,0.9464363166086377,0.0,alcalinity_of_ash,alcalinity_of_ash,True,soft_adjust,G5,wine,facil
lr_G5_wine,19,1.0,1.0,1.0,1.0,0,0.637283381418684,0.6974281661774238,0.7725619596549576,0.9896373233460627,0.6196576875598343,0.21568627450980393,0.7725619596549576,0.987011057329354,0.46153846153846156,0.9768785923206162,0.9922635893627715,0.777776913581207,alcalinity_of_ash,alcohol,False,soft_adjust,G5,wine,facil
torch_G5_wine,0,1.0,1.0,1.0,1.0,0,0.6494287848472595,0.7933767380025308,0.9766515794883066,0.9999998736345349,0.7001744945966133,0.08771929824561403,0.9921277015180805,0.9999999733197262,0.6730769230769231,0.9766515794883066,0.9999997739493436,0.7272720661163036,alcalinity_of_ash,alcohol,False,keep,G5,wine,facil
torch_G5_wine,1,1.0,1.0,1.0,1.0,0,0.6494287848472595,0.7355915932275905,0.9747975560470655,0.9974958331660719,0.6205041649262837,0.05084745762711865,0.994227028331477,0.9949918923828003,0.5137362637362637,0.9747975560470655,0.9999997739493436,0.7272720661163036,alcalinity_of_ash,alcohol,False,keep,G5,wine,facil
torch_G5_wine,2,1.0,1.0,1.0,1.0,0,0.6494287848472595,0.7228724875866749,0.9748684761781793,0.998137266606278,0.5590657778160317,0.08771929824561403,0.9939060946146512,0.9962747592632125,0.6181318681318682,0.9748684761781793,0.9999997739493436,0.49999968750019536,alcalinity_of_ash,alcohol,False,keep,G5,wine,facil
torch_G5_wine,3,1.0,1.0,1.0,1.0,0,0.6494287848472595,0.7349970459766278,0.9751241725367035,0.9987898701803657,0.6080583302810618,0.06896551724137931,0.9914694224710049,0.9975799664113879,0.5494505494505495,0.9751241725367035,0.9999997739493436,0.666666111111574,alcalinity_of_ash,alcohol,False,keep,G5,wine,facil
torch_G5_wine,4,1.0,1.0,1.0,1.0,0,0.6494287848472595,0.7982045579946516,0.9756247880818327,0.9966872427403091,0.720054545055345,0.08771929824561403,0.9928451852824913,0.9933747115312744,0.6401098901098902,0.9756247880818327,0.9999997739493436,0.7999992000008,alcalinity_of_ash,alcohol,False,keep,G5,wine,facil
torch_G5_wine,5,1.0,1.0,1.0,1.0,0,0.6494287848472595,0.7896636602729348,0.9758695652952157,0.9991747348173334,0.693955643956444,0.06896551724137931,0.9935024663838307,0.9983496956853234,0.5879120879120879,0.9758695652952157,0.9999997739493436,0.7999992000008,alcalinity_of_ash,alcohol,False,keep,G5,wine,facil
torch_G5_wine,6,1.0,1.0,1.0,1.0,0,0.6494287848472595,0.7767785282903116,0.9752840924857099,0.9990568241215754,0.6562184506405694,0.05084745762711865,0.9945723845259974,0.9982656156287163,0.5851648351648352,0.9752840924857099,0.9998480326144346,0.7272720661163036,alcalinity_of_ash,alcohol,False,keep,G5,wine,facil
torch_G5_wine,7,1.0,1.0,1.0,1.0,0,0.6494287848472595,0.785210437388198,0.9759762294651418,0.9962669059660809,0.6767396489623805,0.08771929824561403,0.9953235274742176,0.9926501472094209,0.6868131868131868,0.9759762294651418,0.999883664722741,0.666666111111574,alcalinity_of_ash,alcohol,False,keep,G5,wine,facil
torch_G5_wine,8,1.0,1.0,1.0,1.0,0,0.6494287848472595,0.7439857985009418,0.9766041422942526,0.9982536952140764,0.6369876814098001,0.06896551724137931,0.9939120762086318,0.9965993149865509,0.5467032967032966,0.9766041422942526,0.999908075441602,0.7272720661163036,alcalinity_of_ash,alcohol,False,soft_adjust,G5,wine,facil
torch_G5_wine,9,1.0,1.0,1.0,1.0,0,0.6558656096458435,0.7263519882022057,0.9772137416169665,0.9967486702975694,0.5879119316621856,0.05084745762711865,0.9923765921169951,0.9935798782187085,0.6758241758241759,0.9772137416169665,0.9999174623764303,0.49999968750019536,alcalinity_of_ash,alcohol,False,keep,G5,wine,facil
torch_G5_wine,10,1.0,1.0,1.0,1.0,0,0.6558656096458435,0.7860916590492579,0.9761229147364946,0.9985486612534599,0.6823173517394705,0.06896551724137931,0.9942576328364445,0.9971654119638094,0.6373626373626373,0.9761229147364946,0.9999319105431104,0.7272720661163036,alcalinity_of_ash,alcohol,False,keep,G5,wine,facil
torch_G5_wine,11,1.0,1.0,1.0,1.0,0,0.6558656096458435,0.7142635980204851,0.9771986710544587,0.9985313694661506,0.5370877558380097,0.06896551724137931,0.9953987213944577,0.9971198752275238,0.5741758241758241,0.9771986710544587,0.9999428637047774,0.49999968750019536,alcalinity_of_ash,alcohol,False,soft_adjust,G5,wine,facil
torch_G5_wine,12,1.0,1.0,1.0,1.0,0,0.7097477316856384,0.798211416121901,0.9802242125279221,0.996052122779575,0.7206956929184243,0.06896551724137931,0.9941640501215513,0.9934915738168585,0.7747252747252746,0.9802242125279221,0.9986126717422915,0.666666111111574,alcalinity_of_ash,alcohol,False,keep,G5,wine,facil
torch_G5_wine,13,1.0,1.0,1.0,1.0,0,0.7097477316856384,0.7929681406438004,0.9803210720617899,0.9985300754426774,0.7055858028085342,0.05084745762711865,0.995310428919887,0.9982502035701858,0.7445054945054945,0.9803210720617899,0.998809947315169,0.666666111111574,alcalinity_of_ash,alcohol,False,keep,G5,wine,facil
torch_G5_wine,14,1.0,1.0,1.0,1.0,0,0.7097477316856384,0.789517665600837,0.9802242125279221,0.9980312198982781,0.6945967918195233,0.05084745762711865,0.9940647791078832,0.9970944745211937,0.7225274725274725,0.9802242125279221,0.9989679652753627,0.666666111111574,alcalinity_of_ash,alcohol,False,keep,G5,wine,facil
torch_G5_wine,15,1.0,1.0,1.0,1.0,0,0.7097477316856384,0.7816403451497937,0.9803210720617899,0.9980335703152258,0.6726187698415014,0.03333333333333333,0.9939688386178129,0.9969706539038462,0.6785714285714286,0.9803210720617899,0.9990964867266053,0.666666111111574,alcalinity_of_ash,alcohol,False,keep,G5,wine,facil
torch_G5_wine,16,1.0,1.0,1.0,1.0,0,0.7097477316856384,0.7126767179194443,0.9802242125279221,0.9934489931551429,0.5508240195742735,0.03333333333333333,0.9936799988354885,0.9876955679008311,0.6016483516483516,0.9802242125279221,0.9992024184094548,0.49999968750019536,alcalinity_of_ash,alcohol,False,keep,G5,wine,facil
torch_G5_wine,17,1.0,1.0,1.0,1.0,0,0.7097477316856384,0.7311101999382553,0.9803210720617899,0.9988659075211661,0.5989009426511965,0.05084745762711865,0.9952062329555091,0.9984410566209994,0.6978021978021978,0.9803210720617899,0.999290758421333,0.49999968750019536,alcalinity_of_ash,alcohol,False,keep,G5,wine,facil
torch_G5_wine,18,1.0,1.0,1.0,1.0,0,0.7097477316856384,0.7951785093197178,0.9803695171038086,0.9989718211150643,0.7125371319592506,0.05084745762711865,0.9954615170289094,0.9985784465451714,0.6978021978021978,0.9803695171038086,0.9993651956849573,0.7272720661163036,alcalinity_of_ash,alcohol,False,keep,G5,wine,facil
torch_G5_wine,19,1.0,1.0,1.0,1.0,0,0.7097477316856384,0.787724830662709,0.9803108134855252,0.9989977172384008,0.6877286599513914,0.05084745762711865,0.9944214936583636,0.9985669336964014,0.7087912087912088,0.9803108134855252,0.9994285007804001,0.666666111111574,alcalinity_of_ash,alcohol,False,keep,G5,wine,facil
knn_G5_digits,0,0.9722222222222222,0.972105368567364,0.9726681039452212,0.9722222222222222,0,1.0,0.5,1.0,0.5,0.0,0.5,0.0,,0.5,0.0,,0.5,pixel_0,pixel_0,True,adjust,G5,digits,facil
knn_G5_digits,1,0.9722222222222222,0.972105368567364,0.9726681039452212,0.9722222222222222,0,1.0,0.5,1.0,0.5,0.0,0.5,0.0,,0.5,0.0,,0.5,pixel_0,pixel_0,True,adjust,G5,digits,facil
knn_G5_digits,2,0.9722222222222222,0.972105368567364,0.9726681039452212,0.9722222222222222,0,1.0,0.5,1.0,0.5,0.0,0.5,0.0,,0.5,0.0,,0.5,pixel_0,pixel_0,True,adjust,G5,digits,facil
knn_G5_digits,3,0.9722222222222222,0.972105368567364,0.9726681039452212,0.9722222222222222,0,1.0,0.5,1.0,0.5,0.0,0.5,0.0,,0.5,0.0,,0.5,pixel_0,pixel_0,True,adjust,G5,digits,facil
knn_G5_digits,4,0.9694444444444444,0.9693201569507518,0.9703264074099762,0.9694444444444444,0,1.0,0.5,1.0,0.5,0.0,0.5,0.0,,0.5,0.0,,0.5,pixel_0,pixel_0,True,adjust,G5,digits,facil
knn_G5_digits,5,0.9722222222222222,0.972105368567364,0.9726681039452212,0.9722222222222222,0,1.0,0.5,1.0,0.5,0.0,0.5,0.0,,0.5,0.0,,0.5,pixel_0,pixel_0,True,adjust,G5,digits,facil
knn_G5_digits,6,0.9694444444444444,0.9693201569507518,0.9703264074099762,0.9694444444444444,0,1.0,0.5,1.0,0.5,0.0,0.5,0.0,,0.5,0.0,,0.5,pixel_0,pixel_0,True,adjust,G5,digits,facil
knn_G5_digits,7,0.9722222222222222,0.972105368567364,0.9726681039452212,0.9722222222222222,0,1.0,0.5,1.0,0.5,0.0,0.5,0.0,,0.5,0.0,,0.5,pixel_0,pixel_0,True,adjust,G5,digits,facil
knn_G5_digits,8,0.9694444444444444,0.9693201569507518,0.9703264074099762,0.9694444444444444,0,1.0,0.5,1.0,0.5,0.0,0.5,0.0,,0.5,0.0,,0.5,pixel_0,pixel_0,True,adjust,G5,digits,facil
knn_G5_digits,9,0.9722222222222222,0.972105368567364,0.9726681039452212,0.9722222222222222,0,1.0,0.5,1.0,0.5,0.0,0.5,0.0,,0.5,0.0,,0.5,pixel_0,pixel_0,True,adjust,G5,digits,facil
knn_G5_digits,10,0.9694444444444444,0.9693201569507518,0.9703264074099762,0.9694444444444444,0,1.0,0.5,1.0,0.5,0.0,0.5,0.0,,0.5,0.0,,0.5,pixel_0,pixel_0,True,adjust,G5,digits,facil
knn_G5_digits,11,0.9722222222222222,0.972105368567364,0.9726681039452212,0.9722222222222222,0,1.0,0.5,1.0,0.5,0.0,0.5,0.0,,0.5,0.0,,0.5,pixel_0,pixel_0,True,adjust,G5,digits,facil
knn_G5_digits,12,0.9694444444444444,0.9693201569507518,0.9703264074099762,0.9694444444444444,0,1.0,0.5,1.0,0.5,0.0,0.5,0.0,,0.5,0.0,,0.5,pixel_0,pixel_0,True,adjust,G5,digits,facil
knn_G5_digits,13,0.9722222222222222,0.972105368567364,0.9726681039452212,0.9722222222222222,0,1.0,0.5,1.0,0.5,0.0,0.5,0.0,,0.5,0.0,,0.5,pixel_0,pixel_0,True,adjust,G5,digits,facil
knn_G5_digits,14,0.9694444444444444,0.9693201569507518,0.9703264074099762,0.9694444444444444,0,1.0,0.5,1.0,0.5,0.0,0.5,0.0,,0.5,0.0,,0.5,pixel_0,pixel_0,True,adjust,G5,digits,facil
knn_G5_digits,15,0.9722222222222222,0.972105368567364,0.9726681039452212,0.9722222222222222,0,1.0,0.5,1.0,0.5,0.0,0.5,0.0,,0.5,0.0,,0.5,pixel_0,pixel_0,True,adjust,G5,digits,facil
knn_G5_digits,16,0.9694444444444444,0.9693201569507518,0.9703264074099762,0.9694444444444444,0,1.0,0.5,1.0,0.5,0.0,0.5,0.0,,0.5,0.0,,0.5,pixel_0,pixel_0,True,adjust,G5,digits,facil
knn_G5_digits,17,0.9722222222222222,0.972105368567364,0.9726681039452212,0.9722222222222222,0,1.0,0.5,1.0,0.5,0.0,0.5,0.0,,0.5,0.0,,0.5,pixel_0,pixel_0,True,adjust,G5,digits,facil
knn_G5_digits,18,0.9694444444444444,0.9693201569507518,0.9703264074099762,0.9694444444444444,0,1.0,0.5,1.0,0.5,0.0,0.5,0.0,,0.5,0.0,,0.5,pixel_0,pixel_0,True,adjust,G5,digits,facil
knn_G5_digits,19,0.9722222222222222,0.972105368567364,0.9726681039452212,0.9722222222222222,0,1.0,0.5,1.0,0.5,0.0,0.5,0.0,,0.5,0.0,,0.5,pixel_0,pixel_0,True,adjust,G5,digits,facil
lr_G5_digits,0,0.9416666666666667,0.9418725031370346,0.9431478305480616,0.9416666666666667,0,0.8786259089973565,0.3647098903743489,0.13447726031499815,0.9980998488907813,0.24947250019051392,0.0,0.13447726031499815,0.9999687393358984,0.49894500038102785,0.9924993276578337,0.9962309584456641,0.0,pixel_51,pixel_20,False,soft_adjust,G5,digits,facil
lr_G5_digits,1,0.9416666666666667,0.9418725031370346,0.9431478305480616,0.9416666666666667,0,0.8832777289802053,0.36281136400829306,0.12778536834387325,0.9979452140052835,0.24996483334603425,0.0,0.12778536834387325,0.9999615410860423,0.4999296666920685,0.991703279548103,0.9959288869245246,0.0,pixel_14,pixel_20,False,soft_adjust,G5,digits,facil
lr_G5_digits,2,0.9416666666666667,0.9418725031370346,0.9431478305480616,0.9416666666666667,0,0.8832777289802053,0.3691490148718577,0.1488348044223553,0.9979239608726731,0.2500586110899429,0.0,0.1488348044223553,0.999949605978341,0.5001172221798857,0.991701663528232,0.995898315767005,0.0,pixel_51,pixel_20,False,soft_adjust,G5,digits,facil
lr_G5_digits,3,0.9416666666666667,0.9418725031370346,0.9431478305480616,0.9416666666666667,0,0.8832777289802053,0.3637446761408475,0.1312685595083082,0.9979206329857678,0.24961316680637688,0.0,0.1312685595083082,0.9999590074186265,0.49922633361275376,0.9917004202178878,0.9958822585529091,0.0,pixel_14,pixel_20,False,soft_adjust,G5,digits,facil
lr_G5_digits,4,0.9416666666666667,0.9418725031370346,0.9431478305480616,0.9416666666666667,0,0.8832777289802053,0.3604397288174813,0.1207600139752777,0.9979159647801505,0.24910911143286799,0.0,0.1207600139752777,0.9999595588930259,0.49821822286573597,0.9916987549502069,0.9958723706672753,0.0,pixel_51,pixel_20,False,soft_adjust,G5,digits,facil
lr_G5_digits,5,0.9416666666666667,0.9418725031370346,0.9431478305480616,0.9416666666666667,0,0.8832777289802053,0.35582812513574574,0.10501593770826899,0.9979123084028572,0.24948422240850252,0.0,0.10501593770826899,0.9999589452839682,0.49896844481700503,0.9916981157169383,0.995865671521746,0.0,pixel_14,pixel_20,False,soft_adjust,G5,digits,facil
lr_G5_digits,6,0.9416666666666667,0.9418725031370346,0.9431478305480616,0.9416666666666667,0,0.8832777289802053,0.3777056351279378,0.16159394597628338,0.9832455538074485,0.26985682163249347,0.01639344262295082,0.16159394597628338,0.9706635912285475,0.5397136432649869,0.9917271187547322,0.9958275163863496,0.0,pixel_51,pixel_20,False,soft_adjust,G5,digits,facil
lr_G5_digits,7,0.9416666666666667,0.9418725031370346,0.9431478305480616,0.9416666666666667,0,0.8832777289802053,0.3791838865691099,0.16313829117060114,0.9865240933402999,0.27050786496470636,0.01639344262295082,0.16313829117060114,0.9772138276609841,0.5410157299294127,0.9917269751057318,0.9958343590196156,0.0,pixel_51,pixel_20,False,soft_adjust,G5,digits,facil
lr_G5_digits,8,0.9416666666666667,0.9418725031370346,0.9431478305480616,0.9416666666666667,0,0.8832777289802053,0.383344967601829,0.17512412309553826,0.9891899960891269,0.2701707175248104,0.01639344262295082,0.17512412309553826,0.982541206356314,0.5403414350496208,0.9917267644582691,0.9958387858219399,0.0,pixel_51,pixel_20,False,soft_adjust,G5,digits,facil
lr_G5_digits,9,0.9416666666666667,0.9418725031370346,0.9431478305480616,0.9416666666666667,0,0.8832777289802053,0.3811712421025681,0.16649775955863796,0.9908467303363637,0.2701707175248104,0.01639344262295082,0.16649775955863796,0.9858516994131149,0.5403414350496208,0.9917264636625877,0.9958417612596125,0.0,pixel_51,pixel_20,False,soft_adjust,G5,digits,facil
lr_G5_digits,10,0.9416666666666667,0.9418725031370346,0.9431478305480616,0.9416666666666667,0,0.8832777289802053,0.38332461778056764,0.17266056873424585,0.9922322731802016,0.2700312082393362,0.01639344262295082,0.17266056873424585,0.9886207259222446,0.5400624164786724,0.991726418757377,0.9958438204381586,0.0,pixel_51,pixel_20,False,soft_adjust,G5,digits,facil
lr_G5_digits,11,0.9416666666666667,0.9418725031370346,0.9431478305480616,0.9416666666666667,0,0.8832777289802053,0.38793795327824415,0.1949913872837957,0.9931806122718689,0.2704846134171273,0.0,0.1949913872837957,0.9905159467122565,0.5409692268342546,0.9917264619737572,0.9958452778314815,0.0,pixel_51,pixel_20,False,soft_adjust,G5,digits,facil
lr_G5_digits,12,0.9416666666666667,0.9418725031370346,0.9431478305480616,0.9416666666666667,0,0.8832777289802053,0.39244470201530124,0.20178836410977452,0.9937592556685017,0.2700312082393362,0.01639344262295082,0.20178836410977452,0.9916721842884365,0.5400624164786724,0.9917262695910326,0.9958463270485668,0.0,pixel_51,pixel_20,False,soft_adjust,G5,digits,facil
lr_G5_digits,13,0.9416666666666667,0.9418725031370346,0.9431478305480616,0.9416666666666667,0,0.8832777289802053,0.38888137421051777,0.18902180767830573,0.9943654315250654,0.27041485877439025,0.01639344262295082,0.18902180767830573,0.9928837711045213,0.5408297175487805,0.9917265234433547,0.9958470919456094,0.0,pixel_51,pixel_20,False,soft_adjust,G5,digits,facil
lr_G5_digits,14,0.9416666666666667,0.9418725031370346,0.9431478305480616,0.9416666666666667,0,0.8832777289802053,0.38561087061810734,0.177962814757124,0.9948471781603374,0.2701707175248104,0.01639344262295082,0.177962814757124,0.9938467019774017,0.5403414350496208,0.9917260811784537,0.9958476543432733,0.0,pixel_51,pixel_20,False,soft_adjust,G5,digits,facil
lr_G5_digits,15,0.9416666666666667,0.9418725031370346,0.9431478305480616,0.9416666666666667,0,0.8832777289802053,0.37776416605948043,0.15943922435421595,0.9952317644835943,0.27041485877439025,0.0,0.15943922435421595,0.994615459179224,0.5408297175487805,0.9917260626550869,0.9958480697879646,0.0,pixel_51,pixel_20,False,soft_adjust,G5,digits,facil
lr_G5_digits,16,0.9416666666666667,0.9418725031370346,0.9431478305480616,0.9416666666666667,0,0.8832777289802053,0.3780593321475892,0.15228107480791706,0.9956265233598823,0.2700312082393362,0.01639344262295082,0.15228107480791706,0.9954046698372281,0.5400624164786724,0.9917259970656801,0.9958483768825366,0.0,pixel_51,pixel_20,False,soft_adjust,G5,digits,facil
lr_G5_digits,17,0.9416666666666667,0.9418725031370346,0.9431478305480616,0.9416666666666667,0,0.8832777289802053,0.3784074228439863,0.1530872357091311,0.995884081921445,0.2701707175248104,0.01639344262295082,0.1530872357091311,0.995919560838441,0.5403414350496208,0.9917259568366608,0.9958486030044489,0.0,pixel_51,pixel_20,False,soft_adjust,G5,digits,facil
lr_G5_digits,18,0.9416666666666667,0.9418725031370346,0.9431478305480616,0.9416666666666667,0,0.8832777289802053,0.3728504636333393,0.1343181347273777,0.9960396569714867,0.27028697526270556,0.01639344262295082,0.1343181347273777,0.9962305460261107,0.5405739505254111,0.991725839299178,0.9958487679168626,0.0,pixel_51,pixel_20,False,soft_adjust,G5,digits,facil
lr_G5_digits,19,0.9416666666666667,0.9418725031370346,0.9431478305480616,0.9416666666666667,0,0.8832777289802053,0.38034492205040377,0.1592141557299487,0.9961562163652068,0.2702753494889161,0.01639344262295082,0.1592141557299487,0.9964635466204854,0.5405506989778321,0.9917257946795456,0.9958488861099282,0.0,pixel_51,pixel_20,False,soft_adjust,G5,digits,facil
torch_G5_digits,0,0.9777777777777777,0.9776981246218996,0.9783455882352943,0.9777777777777777,0,0.9999871253967285,0.35716254494024385,0.15030838892171125,0.7999999994895803,0.34814303249089207,0.05084745762711865,0.9999839657534835,0.9999999989791608,0.6962860649817841,0.15030838892171125,0.6,0.0,pixel_36,pixel_59,False,soft_adjust,G5,digits,facil
torch_G5_digits,1,0.9805555555555555,0.9805713518746924,0.9808346949891068,0.9805555555555555,0,0.9999854564666748,0.3361708805582104,0.09604377736688294,0.7981389984082383,0.33398626367339396,0.05084745762711865,0.9999854158951494,0.9962779968164767,0.6679725273467879,0.09604377736688294,0.6,0.0,pixel_36,pixel_59,False,adjust,G5,digits,facil
torch_G5_digits,2,0.9833333333333333,0.983353652492814,0.9835307734204795,0.9833333333333333,0,0.999985933303833,0.34719969687733143,0.0741271097954573,0.79784341478397,0.3442616267349318,0.14814814814814814,0.999986770181777,0.9956868295679401,0.6885232534698636,0.0741271097954573,0.6,0.0,pixel_36,pixel_59,False,adjust,G5,digits,facil
torch_G5_digits,3,0.9833333333333333,0.983353652492814,0.9835307734204795,0.9833333333333333,0,0.9999939203262329,0.3486066697143907,0.05732509666781471,0.7976043578686938,0.35512117711221775,0.16981132075471697,0.9999900500229899,0.9952087157373875,0.7102423542244355,0.05732509666781471,0.6,0.0,pixel_36,pixel_59,False,adjust,G5,digits,facil
torch_G5_digits,4,0.9833333333333333,0.9833021911050751,0.9836943095385992,0.9833333333333333,0,0.9999984502792358,0.3313574151202678,0.034601231484051455,0.7985177280960217,0.35092061693206117,0.10714285714285714,0.9999905960336604,0.9970354561920435,0.7018412338641223,0.034601231484051455,0.6,0.0,pixel_36,pixel_59,False,adjust,G5,digits,facil
torch_G5_digits,5,0.9777777777777777,0.9778843276437528,0.9784353741496599,0.9777777777777777,0,0.9999973773956299,0.33610967662457725,0.025639631718368423,0.7967596286838415,0.33460575363984163,0.19230769230769232,0.9999898092370425,0.9935192573676831,0.6692115072796833,0.025639631718368423,0.6,0.0,pixel_28,pixel_59,False,adjust,G5,digits,facil
torch_G5_digits,6,0.975,0.9749058293208247,0.976296037691237,0.975,0,0.9999985694885254,0.3248179501516174,0.020751489150670408,0.797327990145681,0.32346094549257953,0.14814814814814814,0.9999893893947337,0.994655980291362,0.6469218909851591,0.020751489150670408,0.6,0.0,pixel_36,pixel_59,False,adjust,G5,digits,facil
torch_G5_digits,7,0.9833333333333333,0.9833558254610886,0.9835307734204795,0.9833333333333333,0,0.9999995231628418,0.3560589479941468,0.018810430501531916,0.7980456609810069,0.32910163518319085,0.34782608695652173,0.9999913660325581,0.9960913219620139,0.6582032703663817,0.018810430501531916,0.6,0.0,pixel_28,pixel_28,True,soft_adjust,G5,digits,facil
torch_G5_digits,8,0.9805555555555555,0.9806137648195548,0.9809887566137566,0.9805555555555555,0,0.9999995231628418,0.3227988390467504,0.015625479649731634,0.7983298749310648,0.3210216806561417,0.14814814814814814,0.9999900681374175,0.9966597498621297,0.6420433613122833,0.015625479649731634,0.6,0.0,pixel_36,pixel_28,False,adjust,G5,digits,facil
torch_G5_digits,9,0.9833333333333333,0.9833241431746835,0.9836376704527046,0.9833333333333333,0,0.9999992847442627,0.32908666988853236,0.01117896616357482,0.7979115812068361,0.3467762083850957,0.14814814814814814,0.9999903015244267,0.9958231624136723,0.6935524167701914,0.01117896616357482,0.6,0.0,pixel_36,pixel_19,False,adjust,G5,digits,facil
torch_G5_digits,10,0.9805555555555555,0.9804723194911746,0.9811911166905787,0.9805555555555555,0,1.0,0.3588795300134947,0.010469910953405237,0.7956436765167199,0.33386990310542175,0.37777777777777777,0.9999914783819098,0.9912873530334396,0.6677398062108435,0.010469910953405237,0.6,0.0,pixel_28,pixel_28,True,soft_adjust,G5,digits,facil
torch_G5_digits,11,0.9805555555555555,0.9804723194911746,0.9811911166905787,0.9805555555555555,0,1.0,0.36508645701771486,0.01111386667714513,0.7951180875313827,0.35435369488352997,0.37777777777777777,0.9999926386081116,0.9902361750627654,0.7087073897670599,0.01111386667714513,0.6,0.0,pixel_28,pixel_28,True,soft_adjust,G5,digits,facil
torch_G5_digits,12,0.9833333333333333,0.9833021911050751,0.9836943095385992,0.9833333333333333,0,1.0,0.3299224722475692,0.008275538986730635,0.7957589511258624,0.35425950182620747,0.14814814814814814,0.9999906521273382,0.9915179022517248,0.7085190036524149,0.008275538986730635,0.6,0.0,pixel_36,pixel_28,False,adjust,G5,digits,facil
torch_G5_digits,13,0.9833333333333333,0.9833021911050751,0.9836943095385992,0.9833333333333333,0,0.9999996423721313,0.3330828097149324,0.01201027985032283,0.7970394033573177,0.35999217566094655,0.14814814814814814,0.999993167043733,0.9940788067146354,0.7199843513218931,0.01201027985032283,0.6,0.0,pixel_28,pixel_59,False,adjust,G5,digits,facil
torch_G5_digits,14,0.9861111111111112,0.9861111111111112,0.9861928104575163,0.9861111111111112,0,0.9999998807907104,0.3400627638248406,0.005479957139445918,0.7974067960088198,0.3786512652253144,0.16981132075471697,0.9999912695373562,0.9948135920176397,0.7573025304506288,0.005479957139445918,0.6,0.0,pixel_28,pixel_59,False,adjust,G5,digits,facil
torch_G5_digits,15,0.9833333333333333,0.983353652492814,0.9835307734204795,0.9833333333333333,0,0.9999998807907104,0.31772628276879883,0.005202388185144757,0.7975254917429397,0.3547978859710452,0.06896551724137931,0.9999929801822434,0.9950509834858794,0.7095957719420904,0.005202388185144757,0.6,0.0,pixel_28,pixel_59,False,adjust,G5,digits,facil
torch_G5_digits,16,0.9833333333333333,0.983353652492814,0.9835307734204795,0.9833333333333333,0,1.0,0.32218378303986567,0.004250296010490547,0.7937225169194952,0.33418614261540835,0.14814814814814814,0.9999931262056136,0.9874450338389906,0.6683722852308167,0.004250296010490547,0.6,0.0,pixel_28,pixel_59,False,adjust,G5,digits,facil
torch_G5_digits,17,0.9805555555555555,0.9806660450738077,0.9810544217687075,0.9805555555555555,0,1.0,0.3068900605263318,0.003664647810290064,0.7957420242465021,0.33951720040539746,0.03333333333333333,0.9999931229018304,0.9914840484930043,0.6790344008107949,0.003664647810290064,0.6,0.0,pixel_36,pixel_59,False,adjust,G5,digits,facil
torch_G5_digits,18,0.9833333333333333,0.9833494317478525,0.9835985240979862,0.9833333333333333,0,1.0,0.3030767393522215,0.0019459747328309867,0.7968351014381639,0.3004209227866304,0.08771929824561403,0.999993833841505,0.9936702028763279,0.6008418455732608,0.0019459747328309867,0.6,0.0,pixel_28,pixel_59,False,adjust,G5,digits,facil
torch_G5_digits,19,0.9833333333333333,0.9833494317478525,0.9835985240979862,0.9833333333333333,0,1.0,0.3007389902874043,0.0012937813950241503,0.7962686882976374,0.30312952069426935,0.06896551724137931,0.999993125578101,0.9925373765952749,0.6062590413885387,0.0012937813950241503,0.6,0.0,pixel_36,pixel_59,False,adjust,G5,digits,facil
knn_G5_covertype,0,0.685,0.6777562391161278,0.6887270896752951,0.685,1,0.9,0.5577499166472252,0.0,0.9999967096145799,0.8914059729171973,0.08771929824561403,0.0,0.9999945829691889,0.7828144458281444,0.2362696616540231,0.999998836259971,0.99999750000625,f6,f9,False,adjust,G5,covertype,facil
knn_G5_covertype,1,0.691,0.6837983950348213,0.6860476678843737,0.691,1,0.8888888888888888,0.5411947649376777,0.0,0.9937556961198916,0.8414229784642793,0.08771929824561403,0.0,0.9880258333569628,0.6828559568285595,0.2272419594929637,0.9994855588828203,0.999990000099999,f6,f9,False,adjust,G5,covertype,facil
knn_G5_covertype,2,0.685,0.6777562391161278,0.6887270896752951,0.685,1,0.9,0.5418193150855339,0.0,0.996147013011551,0.8462004934651424,0.06896551724137931,0.0,0.9925327638071899,0.6924034869240349,0.23540811788115928,0.999761262215912,0.99999750000625,f6,f9,False,adjust,G5,covertype,facil
knn_G5_covertype,3,0.691,0.6837983950348213,0.6860476678843737,0.691,1,0.8888888888888888,0.5416173810347797,0.0,0.9956952265107901,0.8412154234622038,0.08771929824561403,0.0,0.9919048941387598,0.6824408468244084,0.227257124835528,0.9994855588828203,0.999990000099999,f6,f9,False,adjust,G5,covertype,facil
knn_G5_covertype,4,0.685,0.6777562391161278,0.6887270896752951,0.685,1,0.9,0.5562877879291934,0.006201700280104855,0.9932289263165639,0.8906587749097252,0.06896551724137931,0.006201700280104855,0.9868003683070996,0.7813200498132005,0.22780423735932367,0.9996574843260281,0.99999750000625,f6,f9,False,adjust,G5,covertype,facil
knn_G5_covertype,5,0.691,0.6837983950348213,0.6860476678843737,0.691,1,0.8888888888888888,0.5421667240328302,0.0034481040749676684,0.9935058076105403,0.8414229784642793,0.08771929824561403,0.0034481040749676684,0.9875260563382603,0.6828559568285595,0.21969052806200842,0.9994855588828203,0.999990000099999,f6,f9,False,adjust,G5,covertype,facil
knn_G5_covertype,6,0.685,0.6777562391161278,0.6887270896752951,0.685,1,0.9,0.581578618675855,0.03087489910718519,0.9939029837568902,0.9450381854535193,0.08771929824561403,0.03087489910718519,0.9883471374133482,0.8900788709007886,0.22653864617093974,0.9994588301004322,0.99999750000625,f6,f9,False,adjust,G5,covertype,facil
knn_G5_covertype,7,0.691,0.6837983950348213,0.6860476678843737,0.691,1,0.8888888888888888,0.5580975985255331,0.0,0.9881427025281673,0.8975873620259232,0.10714285714285714,0.0,0.9767744217486856,0.7951847239518472,0.2203197657660666,0.9995109833076491,0.999990000099999,f6,f9,False,adjust,G5,covertype,facil
knn_G5_covertype,8,0.685,0.6777562391161278,0.6887270896752951,0.685,1,0.9,0.5664352121150914,0.027872234283495823,0.9900334270332719,0.9007874590110121,0.08771929824561403,0.027872234283495823,0.9805968870671149,0.8015774180157741,0.22653864617093974,0.9994699669994289,0.99999750000625,f6,f9,False,adjust,G5,covertype,facil
knn_G5_covertype,9,0.691,0.6837983950348213,0.6860476678843737,0.691,1,0.8888888888888888,0.5568004868942613,0.0,0.9883330048677701,0.897960961029659,0.08771929824561403,0.0,0.9771525113932251,0.7959319219593192,0.2203197657660666,0.999513498342315,0.999990000099999,f2,f9,False,adjust,G5,covertype,facil
knn_G5_covertype,10,0.685,0.6777562391161278,0.6887270896752951,0.685,1,0.9,0.5629962372296279,0.013647081175336875,0.9938956564266879,0.9003308380064459,0.08771929824561403,0.013647081175336875,0.9883175034349457,0.8006641760066417,0.22653864617093974,0.99947380941843,0.99999750000625,f2,f9,False,adjust,G5,covertype,facil
knn_G5_covertype,11,0.691,0.6837983950348213,0.6860476678843737,0.691,1,0.8888888888888888,0.5571417553969645,0.0,0.9900965844825682,0.8976288730263382,0.08771929824561403,0.0,0.980680198539955,0.7952677459526774,0.2203197657660666,0.9995129704251813,0.999990000099999,f2,f9,False,adjust,G5,covertype,facil
knn_G5_covertype,12,0.685,0.6777562391161278,0.6887270896752951,0.685,1,0.9,0.5750212612386727,0.00409527312184996,0.9941314771228849,0.944913652452274,0.10714285714285714,0.00409527312184996,0.9887879638046322,0.889829804898298,0.22653864617093974,0.9994749904411374,0.99999750000625,f6,f9,False,adjust,G5,covertype,facil
knn_G5_covertype,13,0.691,0.6837983950348213,0.6860476678843737,0.691,1,0.8888888888888888,0.5580694735809398,0.004786331245221009,0.987764980521215,0.897877939028829,0.08771929824561403,0.004786331245221009,0.976018449252817,0.7957658779576587,0.2203197657660666,0.9995115117896131,0.999990000099999,f6,f9,False,adjust,G5,covertype,facil
knn_G5_covertype,14,0.685,0.6777562391161278,0.6887270896752951,0.685,1,0.9,0.5593641541000454,0.0,0.9961423269227471,0.899998750003125,0.08771929824561403,0.0,0.9928095667143952,0.8,0.22653864617093974,0.9994750871310989,0.99999750000625,f2,f9,False,adjust,G5,covertype,facil
knn_G5_covertype,15,0.691,0.6837983950348213,0.6860476678843737,0.691,1,0.8888888888888888,0.5610677402507726,0.008782570270030947,0.9958093847792427,0.897172252021772,0.08771929824561403,0.008782570270030947,0.9921089438813651,0.7943545039435449,0.2203197657660666,0.9995098256771204,0.999990000099999,f6,f9,False,adjust,G5,covertype,facil
knn_G5_covertype,16,0.685,0.6777562391161278,0.6887270896752951,0.685,1,0.9,0.543482059767786,0.0,0.9963250330308207,0.8469061804721992,0.08771929824561403,0.0,0.9931753443656182,0.6938148609381485,0.22653864617093974,0.9994747216960231,0.99999750000625,f6,f9,False,adjust,G5,covertype,facil
knn_G5_covertype,17,0.691,0.6837983950348213,0.6860476678843737,0.691,1,0.8888888888888888,0.5619674648157195,0.012302880784745146,0.9943370860129046,0.897877939028829,0.08771929824561403,0.012302880784745146,0.9891660089536787,0.7957658779576587,0.2203197657660666,0.9995081630721305,0.999990000099999,f6,f9,False,adjust,G5,covertype,facil
knn_G5_covertype,18,0.685,0.6777562391161278,0.6887270896752951,0.685,1,0.9,0.5419283042414361,0.0015213425149393904,0.9887825319124752,0.8464910704680482,0.08771929824561403,0.0015213425149393904,0.9780908996560944,0.6929846409298464,0.22653864617093974,0.9994741641688561,0.99999750000625,f2,f9,False,adjust,G5,covertype,facil
knn_G5_covertype,19,0.691,0.6837983950348213,0.6860476678843737,0.691,1,0.8888888888888888,0.5608795494266495,0.00848664339900459,0.9949634149234987,0.897545851025508,0.08771929824561403,0.00848664339900459,0.990420218244618,0.7951017019510169,0.2203197657660666,0.9995066116023794,0.999990000099999,f6,f9,False,adjust,G5,covertype,facil
lr_G5_covertype,0,0.674,0.6590461948983856,0.6507574917590274,0.674,1,0.819645450916074,0.5300761935399508,0.04604010134386677,0.9999733436300438,0.7482837098118852,0.10714285714285714,0.04604010134386677,0.9999469167681244,0.49656841962277043,0.951256986515077,0.9999997704919631,0.999999000001,f6,f0,False,soft_adjust,G5,covertype,facil
lr_G5_covertype,1,0.673,0.658385747589695,0.6501764795824673,0.673,1,0.8196003150241994,0.5298199544726749,0.04538609314355429,0.9999694699486001,0.7480868158558146,0.10714285714285714,0.04538609314355429,0.9999446515409679,0.4961746317106293,0.9507130818340631,0.9999942883562324,0.999999000001,f6,f0,False,soft_adjust,G5,covertype,facil
lr_G5_covertype,2,0.673,0.658385747589695,0.6501764795824673,0.673,1,0.8194976203431921,0.5194913466379898,0.010955438858333912,0.999971823752124,0.7480868158558146,0.10714285714285714,0.010955438858333912,0.9999465621241725,0.4961746317106293,0.9521328801544678,0.9999970853800756,0.999999000001,f6,f0,False,soft_adjust,G5,covertype,facil
lr_G5_covertype,3,0.673,0.658385747589695,0.6501764795824673,0.673,1,0.8194976203431921,0.5216638652593419,0.018196398744765536,0.9999727463738146,0.7480868158558146,0.10714285714285714,0.018196398744765536,0.9999472279554861,0.4961746317106293,0.9507435837602989,0.9999982647921433,0.999999000001,f6,f0,False,keep,G5,covertype,facil
lr_G5_covertype,4,0.673,0.658385747589695,0.6501764795824673,0.673,1,0.8194976203431921,0.5200121315547073,0.012690213380012229,0.9999732339929795,0.7480868158558146,0.10714285714285714,0.012690213380012229,0.9999476584572247,0.4961746317106293,0.9526040149895588,0.9999988095287344,0.999999000001,f6,f0,False,soft_adjust,G5,covertype,facil
lr_G5_covertype,5,0.673,0.658385747589695,0.6501764795824673,0.673,1,0.8194976203431921,0.5216355433169373,0.018101429379553474,0.9999734218424502,0.7480868158558146,0.10714285714285714,0.018101429379553474,0.9999477386359263,0.4961746317106293,0.9512581360931459,0.999999105048974,0.999999000001,f6,f0,False,soft_adjust,G5,covertype,facil
lr_G5_covertype,6,0.673,0.658385747589695,0.6501764795824673,0.673,1,0.8194976203431921,0.542826804679631,0.0,0.9876524812299758,0.7482837098118852,0.47619047619047616,0.0,0.9754462510996074,0.49656841962277043,0.953377461842362,0.9998587113603443,0.999999000001,f0,f0,True,soft_adjust,G5,covertype,facil
lr_G5_covertype,7,0.673,0.658385747589695,0.6501764795824673,0.673,1,0.8194976203431921,0.5454505455501389,0.005824459845635859,0.9911580928972448,0.7482837098118852,0.47619047619047616,0.005824459845635859,0.9824242104184481,0.49656841962277043,0.9520096419143863,0.9998919753760416,0.999999000001,f0,f0,True,soft_adjust,G5,covertype,facil
lr_G5_covertype,8,0.673,0.658385747589695,0.6501764795824673,0.673,1,0.8194976203431921,0.5458882805794013,0.005440937031322193,0.9933692603914707,0.7482837098118852,0.47619047619047616,0.005440937031322193,0.9868237962403533,0.49656841962277043,0.953377461842362,0.999914724542588,0.999999000001,f0,f0,True,soft_adjust,G5,covertype,facil
lr_G5_covertype,9,0.673,0.658385747589695,0.6501764795824673,0.673,1,0.8194976203431921,0.5446259705492813,0.0,0.9948491447085775,0.7482837098118852,0.47619047619047616,0.0,0.989767324372795,0.49656841962277043,0.9520096419143863,0.9999309650443601,0.999999000001,f0,f0,True,soft_adjust,G5,covertype,facil
lr_G5_covertype,10,0.673,0.658385747589695,0.6501764795824673,0.673,1,0.8194976203431921,0.5448823230893484,0.0,0.9958745548688457,0.7482837098118852,0.47619047619047616,0.0,0.991806147596919,0.49656841962277043,0.953377461842362,0.9999429621407723,0.999999000001,f0,f0,True,soft_adjust,G5,covertype,facil
lr_G5_covertype,11,0.673,0.658385747589695,0.6501764795824673,0.673,1,0.8194976203431921,0.5450717271561625,0.0,0.9966321711361021,0.7482837098118852,0.47619047619047616,0.0,0.9933122673015621,0.49656841962277043,0.9520096419143863,0.9999520749706422,0.999999000001,f0,f0,True,soft_adjust,G5,covertype,facil
lr_G5_covertype,12,0.673,0.658385747589695,0.6501764795824673,0.673,1,0.8194976203431921,0.5453581175548745,0.0004865403517545236,0.9971938843088449,0.7482837098118852,0.47619047619047616,0.0004865403517545236,0.9944286095237754,0.49656841962277043,0.953377461842362,0.9999591590939144,0.999999000001,f0,f0,True,soft_adjust,G5,covertype,facil
lr_G5_covertype,13,0.673,0.658385747589695,0.6501764795824673,0.673,1,0.8194976203431921,0.5453210778715986,0.0,0.9976295739978462,0.7482837098118852,0.47619047619047616,0.0,0.9952943731354814,0.49656841962277043,0.9520096419143863,0.999964774860211,0.999999000001,f0,f0,True,soft_adjust,G5,covertype,facil
lr_G5_covertype,14,0.673,0.658385747589695,0.6501764795824673,0.673,1,0.8194976203431921,0.5474860833262113,0.006939380645108032,0.9979623390421675,0.7482837098118852,0.47619047619047616,0.006939380645108032,0.9959553763722004,0.49656841962277043,0.953377461842362,0.9999693017121345,0.999999000001,f0,f0,True,soft_adjust,G5,covertype,facil
lr_G5_covertype,15,0.673,0.658385747589695,0.6501764795824673,0.673,1,0.8194976203431921,0.5486326150560863,0.010535369058923638,0.9982332798650888,0.7482837098118852,0.47619047619047616,0.010535369058923638,0.9964935557301654,0.49656841962277043,0.9520096419143863,0.9999730040000123,0.999999000001,f0,f0,True,soft_adjust,G5,covertype,facil
lr_G5_covertype,16,0.673,0.658385747589695,0.6501764795824673,0.673,1,0.8194976203431921,0.5477827952515765,0.007518818320785566,0.9984538615328153,0.7482837098118852,0.47619047619047616,0.007518818320785566,0.9969316525990478,0.49656841962277043,0.953377461842362,0.9999760704665828,0.999999000001,f0,f0,True,soft_adjust,G5,covertype,facil
lr_G5_covertype,17,0.673,0.658385747589695,0.6501764795824673,0.673,1,0.8194976203431921,0.5461847502629258,0.002038113166705478,0.9986385277631087,0.7482837098118852,0.47619047619047616,0.002038113166705478,0.9972984167397433,0.49656841962277043,0.9520096419143863,0.9999786387864741,0.999999000001,f0,f0,True,soft_adjust,G5,covertype,facil
lr_G5_covertype,18,0.673,0.658385747589695,0.6501764795824673,0.673,1,0.8194976203431921,0.547950208262606,0.007796213790861771,0.9987906390128419,0.7482837098118852,0.47619047619047616,0.007796213790861771,0.997600466733229,0.49656841962277043,0.953377461842362,0.9999808112924549,0.999999000001,f0,f0,True,soft_adjust,G5,covertype,facil
lr_G5_covertype,19,0.673,0.658385747589695,0.6501764795824673,0.673,1,0.8194976203431921,0.5553243639949257,0.03227574927651857,0.9989118193593326,0.7482837098118852,0.47619047619047616,0.03227574927651857,0.997840973390052,0.49656841962277043,0.9520096419143863,0.9999826653286132,0.999999000001,f0,f0,True,soft_adjust,G5,covertype,facil
torch_G5_covertype,0,0.718,0.7136276728429478,0.7185279018219171,0.718,1,0.7835491299629211,0.8333243715955715,0.9721506115074073,0.999999916058872,0.8470521660219914,0.05084745762711865,0.9997604047209738,0.9999999977352977,0.6941053320429827,0.9721506115074073,0.9999998343824461,0.999999000001,f25,f0,False,keep,G5,covertype,facil
torch_G5_covertype,1,0.718,0.7136276728429478,0.7185279018219171,0.718,1,0.7835491299629211,0.8297447248456464,0.9720501682408602,0.999041330654953,0.8219454247464528,0.10714285714285714,0.999688053516966,0.99808282692746,0.6438918494919058,0.9720501682408602,0.9999998343824461,0.999999000001,f25,f0,False,keep,G5,covertype,facil
torch_G5_covertype,2,0.718,0.7136276728429478,0.7185279018219171,0.718,1,0.7835491299629211,0.8262600516026458,0.9723576639909352,0.9985778835247695,0.8288609384139098,0.03333333333333333,0.9997298678297051,0.9971559326670929,0.6577228768268197,0.9723576639909352,0.9999998343824461,0.999999000001,f25,f0,False,keep,G5,covertype,facil
torch_G5_covertype,3,0.718,0.7136276728429478,0.7185279018219171,0.718,1,0.7835491299629211,0.8261804396383533,0.9720580256402935,0.998164128327252,0.8292399995481742,0.03333333333333333,0.9996966363423748,0.9963284222720579,0.6584809990953484,0.9720580256402935,0.9999998343824461,0.999999000001,f25,f0,False,soft_adjust,G5,covertype,facil
torch_G5_covertype,4,0.726,0.7193703822513318,0.717676531089294,0.726,1,0.7633922696113586,0.8224617257028921,0.9746088540729508,0.996911251052036,0.8153375223933261,0.03333333333333333,0.999754174822863,0.9943647857395569,0.6306760447856522,0.9746088540729508,0.9994577163645152,0.999999000001,f25,f0,False,keep,G5,covertype,facil
torch_G5_covertype,5,0.726,0.7193703822513318,0.717676531089294,0.726,1,0.7633922696113586,0.8222933073060357,0.9743614369236712,0.9980874225955936,0.8140434019334531,0.03333333333333333,0.9997755601184642,0.9965432659690264,0.6280878038659063,0.9743614369236712,0.9996315792221608,0.999999000001,f25,f0,False,keep,G5,covertype,facil
torch_G5_covertype,6,0.726,0.7193703822513318,0.717676531089294,0.726,1,0.7633922696113586,0.8242973655315572,0.9749030699765596,0.9967106800832458,0.8213292483925927,0.03333333333333333,0.9994677183248235,0.9938650029261076,0.6426594967841855,0.9749030699765596,0.999556357240384,0.999999000001,f25,f0,False,keep,G5,covertype,facil
torch_G5_covertype,7,0.726,0.7193703822513318,0.717676531089294,0.726,1,0.7633922696113586,0.8293891359314437,0.9743802706491875,0.9978470952717531,0.8378776030624975,0.03333333333333333,0.999597023030848,0.9960295625715029,0.675756206123995,0.9743802706491875,0.9996646279720033,0.999999000001,f25,f0,False,keep,G5,covertype,facil
torch_G5_covertype,8,0.726,0.7193703822513318,0.717676531089294,0.726,1,0.7633922696113586,0.8324754997497333,0.9749030699765596,0.9975033922710719,0.843550571223212,0.05084745762711865,0.9996512759199834,0.9952691824671792,0.687102142445424,0.9749030699765596,0.9997376020749645,0.999999000001,f25,f0,False,keep,G5,covertype,facil
torch_G5_covertype,9,0.726,0.7193703822513318,0.717676531089294,0.726,1,0.7633922696113586,0.8225265026685639,0.9743802706491875,0.9981860800970064,0.8147196714985196,0.03333333333333333,0.9996047652377392,0.9965830540403908,0.6294403429960395,0.9743802706491875,0.999789106153622,0.999999000001,f25,f0,False,keep,G5,covertype,facil
torch_G5_covertype,10,0.726,0.7193703822513318,0.717676531089294,0.726,1,0.7633922696113586,0.8271870854864126,0.9749030699765596,0.9982421812437299,0.8253068662015947,0.05084745762711865,0.9995670731401534,0.9966575576781486,0.6506147324021894,0.9749030699765596,0.9998268048093112,0.999999000001,f25,f0,False,keep,G5,covertype,facil
torch_G5_covertype,11,0.726,0.7193703822513318,0.717676531089294,0.726,1,0.7633922696113586,0.8228704069619244,0.9743802706491875,0.9981910160796146,0.8158619058242149,0.03333333333333333,0.9995287089641736,0.9965268076101923,0.6317248116474298,0.9743802706491875,0.999855224549037,0.999999000001,f25,f0,False,keep,G5,covertype,facil
torch_G5_covertype,12,0.726,0.7193703822513318,0.717676531089294,0.726,1,0.7633922696113586,0.8284148885298495,0.9749030699765596,0.9984036303436915,0.8336435331698623,0.03333333333333333,0.999654198572432,0.9969300825471151,0.6672880663387246,0.9749030699765596,0.9998771781402679,0.999999000001,f25,f0,False,keep,G5,covertype,facil
torch_G5_covertype,13,0.726,0.7193703822513318,0.717676531089294,0.726,1,0.7633922696113586,0.8235048632102899,0.9743802706491875,0.9983590556380992,0.8178367270200297,0.03333333333333333,0.9996227205027933,0.9968236232072396,0.6356744540390595,0.9743802706491875,0.999894488068959,0.999999000001,f25,f0,False,keep,G5,covertype,facil
torch_G5_covertype,14,0.726,0.7193703822513318,0.717676531089294,0.726,1,0.7633922696113586,0.8246162139009118,0.9749030699765596,0.9982208074097536,0.8211336368516848,0.03333333333333333,0.999550991358007,0.9965332375810361,0.6422682737023696,0.9749030699765596,0.9999083772384713,0.999999000001,f25,f0,False,keep,G5,covertype,facil
torch_G5_covertype,15,0.726,0.7193703822513318,0.717676531089294,0.726,1,0.7633922696113586,0.8234115716569874,0.9743802706491875,0.998348700450151,0.817534384498978,0.03333333333333333,0.9996407787539637,0.9967777099123509,0.6350697689969561,0.9743802706491875,0.9999196909879512,0.999999000001,f25,f0,False,keep,G5,covertype,facil
torch_G5_covertype,16,0.726,0.7193703822513318,0.717676531089294,0.726,1,0.7633922696113586,0.8304088729596468,0.9749030699765596,0.9959881945675946,0.8333949651055896,0.06896551724137931,0.9995637676102678,0.9920473603341372,0.6667909302101794,0.9749030699765596,0.9999290288010518,0.999999000001,f25,f0,False,keep,G5,covertype,facil
torch_G5_covertype,17,0.726,0.7193703822513318,0.717676531089294,0.726,1,0.7633922696113586,0.8259869351112031,0.9743802706491875,0.9967907019547217,0.8230387303524419,0.05084745762711865,0.9996242574694576,0.9936445785381293,0.6460784607038839,0.9743802706491875,0.9999368253713143,0.999999000001,f25,f0,False,keep,G5,covertype,facil
torch_G5_covertype,18,0.726,0.7193703822513318,0.717676531089294,0.726,1,0.7633922696113586,0.82620859073069,0.9749030699765596,0.9972171678383979,0.8315128986046709,0.01639344262295082,0.9996084320429828,0.9944909335618762,0.6630267972083418,0.9749030699765596,0.9999434021149196,0.999999000001,f25,f0,False,keep,G5,covertype,facil
torch_G5_covertype,19,0.726,0.7193703822513318,0.717676531089294,0.726,1,0.7633922696113586,0.8254697281142226,0.9743802706491875,0.9976540091992988,0.8065214344464244,0.10714285714285714,0.9996382626653033,0.995359017567312,0.6130438688918489,0.9743802706491875,0.9999490008312856,0.999999000001,f25,f0,False,keep,G5,covertype,facil
