agent,iteration,accuracy,f1,precision,recall,prediction,confidence,exp_quality,exp_consensus,exp_stability,exp_fidelity,exp_agreement,shap_consensus,shap_stability,shap_fidelity,lime_consensus,lime_stability,lime_fidelity,shap_top_feature,lime_top_feature,shap_lime_agree,decision,grupo,dataset,condicion
gb_G1_wine,0,0.9722222222222222,0.9717752234993614,0.974074074074074,0.9722222222222222,1,0.7619924453972869,0.8622938015750969,0.9271150561413233,0.9999999131205837,0.8929341222837075,0.4418604651162791,0.9271150561413233,0.999999951541775,0.7858696731368027,0.9500970086957474,0.9999998746993923,0.9999985714306122,flavanoids,color_intensity,False,keep,G1,wine,frontera
gb_G1_wine,1,0.9722222222222222,0.9717752234993614,0.974074074074074,0.9722222222222222,1,0.7619924453972869,0.8554116357461807,0.9041756775540719,0.9999985041096204,0.8929341222837075,0.4418604651162791,0.9041756775540719,0.9999971335198484,0.7858696731368027,0.9360304528795009,0.9999998746993923,0.9999985714306122,flavanoids,color_intensity,False,keep,G1,wine,frontera
gb_G1_wine,2,0.9722222222222222,0.9717752234993614,0.974074074074074,0.9722222222222222,1,0.7619924453972869,0.8503050948340685,0.8871542043283397,0.9999981083320504,0.8929341222837075,0.4418604651162791,0.8871542043283397,0.9999963419647085,0.7858696731368027,0.9272974528531757,0.9999998746993923,0.9999985714306122,flavanoids,color_intensity,False,keep,G1,wine,frontera
gb_G1_wine,3,0.9722222222222222,0.9717752234993614,0.974074074074074,0.9722222222222222,1,0.7619924453972869,0.860349487135297,0.9206340976933695,0.9999998054989283,0.8929341222837075,0.4418604651162791,0.9206340976933695,0.9999997362984643,0.7858696731368027,0.9387170293090968,0.9999998746993923,0.9999985714306122,flavanoids,color_intensity,False,keep,G1,wine,frontera
gb_G1_wine,4,0.9722222222222222,0.9717752234993614,0.974074074074074,0.9722222222222222,1,0.7619924453972869,0.8523762673131352,0.8940566590254129,0.9999998526118291,0.8929341222837075,0.4418604651162791,0.8940566590254129,0.9999998305242659,0.7858696731368027,0.9299904066033967,0.9999998746993923,0.9999985714306122,flavanoids,color_intensity,False,keep,G1,wine,frontera
gb_G1_wine,5,0.9722222222222222,0.9717752234993614,0.974074074074074,0.9722222222222222,1,0.7619924453972869,0.8385555919085352,0.9139585273723617,0.9999988184611287,0.826964197713676,0.4418604651162791,0.9139585273723617,0.9999977622228651,0.6539298239967398,0.9297227100681483,0.9999998746993923,0.9999985714306122,flavanoids,color_intensity,False,keep,G1,wine,frontera
gb_G1_wine,6,0.9722222222222222,0.9717752234993614,0.974074074074074,0.9722222222222222,1,0.7619924453972869,0.8317039448757193,0.9204019996999404,0.9992316617554731,0.826964197713676,0.3191489361702128,0.9204019996999404,0.9985286339564229,0.6539298239967398,0.928801141590752,0.9999346895545232,0.9999985714306122,flavanoids,color_intensity,False,keep,G1,wine,frontera
gb_G1_wine,7,0.9722222222222222,0.9717752234993614,0.974074074074074,0.9722222222222222,1,0.7619924453972869,0.8221436659696062,0.8883699541458201,0.9994290007959654,0.826964197713676,0.3191489361702128,0.8883699541458201,0.9989080596745412,0.6539298239967398,0.9146843844505774,0.9999499419173895,0.9999985714306122,flavanoids,color_intensity,False,keep,G1,wine,frontera
gb_G1_wine,8,0.9722222222222222,0.9717752234993614,0.974074074074074,0.9722222222222222,1,0.7619924453972869,0.8194934222109036,0.8794338772887081,0.9995513179896893,0.826964197713676,0.3191489361702128,0.8794338772887081,0.9991422299165101,0.6539298239967398,0.8859013806007318,0.9999604060628684,0.9999985714306122,flavanoids,color_intensity,False,keep,G1,wine,frontera
gb_G1_wine,9,0.9722222222222222,0.9717752234993614,0.974074074074074,0.9722222222222222,1,0.7619924453972869,0.7399885080097826,0.6143452635467044,0.99963799767561,0.826964197713676,0.3191489361702128,0.6143452635467044,0.9993081003307641,0.6539298239967398,0.9253861605894511,0.9999678950204559,0.9999985714306122,flavanoids,color_intensity,False,keep,G1,wine,frontera
gb_G1_wine,10,0.9722222222222222,0.9717752234993614,0.974074074074074,0.9722222222222222,1,0.7619924453972869,0.7895136324243945,0.7793675822447975,0.999711712896346,0.826964197713676,0.3191489361702128,0.7793675822447975,0.9994499874018898,0.6539298239967398,0.8913702495830599,0.9999734383908022,0.9999985714306122,flavanoids,color_intensity,False,keep,G1,wine,frontera
gb_G1_wine,11,0.9722222222222222,0.9717752234993614,0.974074074074074,0.9722222222222222,1,0.7619924453972869,0.7551634439832995,0.6648355003777807,0.9997494573723855,0.826964197713676,0.3191489361702128,0.6648355003777807,0.999521258673673,0.6539298239967398,0.9102861997237671,0.999977656071098,0.9999985714306122,flavanoids,color_intensity,False,keep,G1,wine,frontera
gb_G1_wine,12,0.9722222222222222,0.9717752234993614,0.974074074074074,0.9722222222222222,1,0.7619924453972869,0.7930815466501513,0.7911967129599062,0.9997884129412424,0.826964197713676,0.3191489361702128,0.7911967129599062,0.9995958864930721,0.6539298239967398,0.896223510029265,0.9999809393894128,0.9999985714306122,flavanoids,color_intensity,False,keep,G1,wine,frontera
gb_G1_wine,13,0.9722222222222222,0.9717752234993614,0.974074074074074,0.9722222222222222,1,0.7619924453972869,0.8047592121887233,0.8301039846499196,0.9998103490675143,0.826964197713676,0.3191489361702128,0.8301039846499196,0.9996371528790087,0.6539298239967398,0.9110000312326404,0.9999835452560198,0.9999985714306122,flavanoids,color_intensity,False,keep,G1,wine,frontera
gb_G1_wine,14,0.9722222222222222,0.9717752234993614,0.974074074074074,0.9722222222222222,1,0.7619924453972869,0.7874007871666733,0.7722116877308866,0.9998474052821537,0.826964197713676,0.3191489361702128,0.7722116877308866,0.9997091625746798,0.6539298239967398,0.9092731692749707,0.9999856479896275,0.9999985714306122,flavanoids,color_intensity,False,keep,G1,wine,frontera
gb_G1_wine,15,0.9722222222222222,0.9717752234993614,0.974074074074074,0.9722222222222222,1,0.7619924453972869,0.7962945156962924,0.8018276812981691,0.9998831271198915,0.826964197713676,0.3191489361702128,0.8018276812981691,0.9997788849944754,0.6539298239967398,0.905050467992666,0.9999873692453075,0.9999985714306122,flavanoids,color_intensity,False,keep,G1,wine,frontera
gb_G1_wine,16,0.9722222222222222,0.9717752234993614,0.974074074074074,0.9722222222222222,1,0.7619924453972869,0.774764838266147,0.7300564736345497,0.9998898665956528,0.826964197713676,0.3191489361702128,0.7300564736345497,0.9997909371772368,0.6539298239967398,0.9019952326253221,0.999988796014069,0.9999985714306122,flavanoids,color_intensity,False,keep,G1,wine,frontera
gb_G1_wine,17,0.9722222222222222,0.9717752234993614,0.974074074074074,0.9722222222222222,1,0.7619924453972869,0.804326477181852,0.828592268207893,0.9998934687704613,0.826964197713676,0.3191489361702128,0.828592268207893,0.9997969457073188,0.6539298239967398,0.9000376667677256,0.9999899918336038,0.9999985714306122,flavanoids,color_intensity,False,keep,G1,wine,frontera
gb_G1_wine,18,0.9722222222222222,0.9717752234993614,0.974074074074074,0.9722222222222222,1,0.7619924453972869,0.7824801647106364,0.7557608588647369,0.9999059100973862,0.826964197713676,0.3191489361702128,0.7557608588647369,0.9998208162084857,0.6539298239967398,0.890519321897683,0.9999910039862865,0.9999985714306122,flavanoids,color_intensity,False,keep,G1,wine,frontera
gb_G1_wine,19,0.9722222222222222,0.9717752234993614,0.974074074074074,0.9722222222222222,1,0.7619924453972869,0.6950554954543056,0.46435050887846147,0.9998996530555933,0.826964197713676,0.3191489361702128,0.46435050887846147,0.9998074378654159,0.6539298239967398,0.9032765410837611,0.9999918682457705,0.9999985714306122,flavanoids,color_intensity,False,keep,G1,wine,frontera
rf_G1_wine,0,0.9722222222222222,0.9721867461331064,0.974074074074074,0.9722222222222222,1,0.4373182576595811,0.7883553370925607,0.9358409027235671,0.9999997086270219,0.5836771303957836,0.55,0.961321092543605,0.9999997947635,0.5006887052341598,0.9358409027235671,0.9999996224905439,0.6666655555574075,flavanoids,flavanoids,True,soft_adjust,G1,wine,frontera
rf_G1_wine,1,0.9722222222222222,0.9717752234993614,0.974074074074074,0.9722222222222222,1,0.9841060952753351,0.6342233093850574,0.7578060113729668,0.9447440057377117,0.46114187787422994,0.21568627450980393,0.7578060113729668,0.9048024784304559,0.9222837557484599,0.9557181553748946,0.9846855330449673,0.0,flavanoids,color_intensity,False,soft_adjust,G1,wine,frontera
rf_G1_wine,2,1.0,1.0,1.0,1.0,1,0.9891340021864712,0.7639601591315194,0.6289986756090712,0.9441456967378061,0.9519205769355769,0.2653061224489796,0.6289986756090712,0.9105393185519791,0.9038461538461539,0.9605302380175307,0.9777520749236331,0.9999950000249999,flavanoids,color_intensity,False,soft_adjust,G1,wine,frontera
rf_G1_wine,3,0.9722222222222222,0.9725248123940935,0.9753086419753088,0.9722222222222222,1,0.47463163274956627,0.8135058001956367,0.9359364825152701,0.9157365865927207,0.7376356959762516,0.55,0.9359364825152701,0.8542583256559466,0.47527472527472525,0.9568288693408862,0.9772148475294948,0.9999966666777778,flavanoids,flavanoids,True,soft_adjust,G1,wine,frontera
rf_G1_wine,4,0.9722222222222222,0.9721867461331064,0.974074074074074,0.9722222222222222,1,0.9899419615588144,0.7692219790941289,0.6157729687099254,0.9386417922073376,0.9666422796919261,0.34782608695652173,0.6157729687099254,0.8981504674944485,0.9332878927060745,0.986336570920611,0.9791331169202268,0.9999966666777778,flavanoids,color_intensity,False,soft_adjust,G1,wine,frontera
rf_G1_wine,5,0.9722222222222222,0.9717752234993614,0.974074074074074,0.9722222222222222,1,0.4882649207013999,0.7820150953517404,0.8700408130190862,0.8677201076693284,0.7754808436670368,0.47619047619047616,0.8700408130190862,0.7728836721726706,0.5509641873278237,0.9399092389531555,0.9625565431659862,0.99999750000625,flavanoids,color_intensity,False,soft_adjust,G1,wine,frontera
rf_G1_wine,6,1.0,1.0,1.0,1.0,1,0.9894239874350548,0.8662079775228054,0.7654339728429833,0.9710312783820723,0.9748953824101371,0.6756756756756757,0.7654339728429833,0.9691477361869263,0.9497940981424964,0.9547368342035774,0.9729148205772181,0.9999966666777778,flavanoids,flavanoids,True,soft_adjust,G1,wine,frontera
rf_G1_wine,7,1.0,1.0,1.0,1.0,1,0.6568198336428975,0.81300617737402,0.9023307277110909,0.9645106665169346,0.8543939377344933,0.14814814814814814,0.9023307277110909,0.9496905738872543,0.7087912087912088,0.9706202255030267,0.9793307591466149,0.9999966666777778,flavanoids,color_intensity,False,soft_adjust,G1,wine,frontera
rf_G1_wine,8,1.0,1.0,1.0,1.0,1,0.9881059112185249,0.791651467701064,0.7259310147633911,0.9276831249336402,0.9848851099401095,0.16981132075471697,0.7259310147633911,0.9202952782878446,0.9697802197802198,0.9386378636019003,0.9350709715794359,0.999990000099999,flavanoids,alcohol,False,soft_adjust,G1,wine,frontera
rf_G1_wine,9,1.0,1.0,1.0,1.0,2,0.49382621782012015,0.45257987651472453,0.0,0.773497468952882,0.7090655340663341,0.16981132075471697,0.0,0.6,0.6181318681318682,0.9508026271553731,0.9469949379057638,0.7999992000008,flavanoids,color_intensity,False,soft_adjust,G1,wine,frontera
rf_G1_wine,10,0.9722222222222222,0.9717752234993614,0.974074074074074,0.9722222222222222,1,0.9955982583598468,0.755173918765382,0.5183212184575156,0.8778370919733887,0.972522472577472,0.5897435897435898,0.5183212184575156,0.7897772497700222,0.945054945054945,0.9668150151164041,0.965896934176755,0.999990000099999,color_intensity,color_intensity,True,soft_adjust,G1,wine,frontera
rf_G1_wine,11,1.0,1.0,1.0,1.0,2,0.6610859320651096,0.491385569981702,0.0,0.7690046755299793,0.8365377472537676,0.19230769230769232,0.0,0.6,0.6730769230769231,0.9548656913900213,0.9380093510599588,0.9999985714306122,flavanoids,color_intensity,False,soft_adjust,G1,wine,frontera
rf_G1_wine,12,0.9722222222222222,0.9721867461331064,0.974074074074074,0.9722222222222222,1,0.9869312483466592,0.7537756101683682,0.5554165701820838,0.9631506809370978,0.9656543407093402,0.37777777777777777,0.5554165701820838,0.9465737196467925,0.9313186813186813,0.9652472557044192,0.9797276422274029,0.999990000099999,flavanoids,color_intensity,False,soft_adjust,G1,wine,frontera
rf_G1_wine,13,0.9722222222222222,0.9721867461331064,0.974074074074074,0.9722222222222222,1,0.47959499207590106,0.767723017680858,0.8289821555485675,0.8625985005449175,0.7362624862668612,0.55,0.8289821555485675,0.7374257782533399,0.4725274725274725,0.9636485189708153,0.987771222836495,0.99999750000625,flavanoids,color_intensity,False,soft_adjust,G1,wine,frontera
rf_G1_wine,14,0.9722222222222222,0.9717752234993614,0.974074074074074,0.9722222222222222,1,0.9927086926964487,0.7798748397582886,0.6466457651870667,0.9607102579764915,0.9477996978146978,0.4090909090909091,0.6466457651870667,0.9459340822471918,0.8956043956043956,0.956486317247275,0.9754864337057912,0.9999950000249999,flavanoids,color_intensity,False,soft_adjust,G1,wine,frontera
rf_G1_wine,15,0.9722222222222222,0.9721867461331064,0.974074074074074,0.9722222222222222,1,0.49051068770222284,0.7075872567937043,0.7785828613654091,0.8742219842074512,0.646977553228608,0.4090909090909091,0.7785828613654091,0.7737206011793869,0.5439560439560439,0.9516742641311557,0.9747233672355157,0.7499990625011719,flavanoids,color_intensity,False,soft_adjust,G1,wine,frontera
rf_G1_wine,16,1.0,1.0,1.0,1.0,1,0.9881675652668507,0.6971940268848238,0.5374833054790612,0.9626286431244795,0.7797607936544972,0.4090909090909091,0.5374833054790612,0.950472253374765,0.8928571428571428,0.9588127026774558,0.974785032874194,0.6666644444518518,flavanoids,color_intensity,False,soft_adjust,G1,wine,frontera
rf_G1_wine,17,1.0,1.0,1.0,1.0,1,0.569694827483729,0.7910557164294519,0.8541530037702217,0.8845675182080285,0.7506879909494659,0.5897435897435898,0.8541530037702217,0.8651820157264631,0.5013774104683195,0.9334756555637915,0.9039530206895938,0.9999985714306122,flavanoids,flavanoids,True,soft_adjust,G1,wine,frontera
rf_G1_wine,18,1.0,1.0,1.0,1.0,1,0.992961536980508,0.693826231435189,0.45223833214055636,0.8459166737185683,0.7944741001001558,0.7222222222222222,0.45223833214055636,0.7295652741702086,0.9222837557484599,0.9408821255797238,0.962268073266928,0.6666644444518518,color_intensity,color_intensity,True,soft_adjust,G1,wine,frontera
rf_G1_wine,19,0.9444444444444444,0.9414340448823206,0.9481481481481482,0.9444444444444444,2,0.4718710839598998,0.45573009679692233,0.0,0.7689581845901546,0.7233490053092664,0.16981132075471697,0.0,0.6,0.6966989481173608,0.8990582469646456,0.9379163691803093,0.7499990625011719,flavanoids,color_intensity,False,soft_adjust,G1,wine,frontera
torch_G1_wine,0,0.9166666666666666,0.9110835401157983,0.9313725490196079,0.9166666666666666,1,0.45031797885894775,0.5594261236219259,0.42987432567218264,0.9999996303456815,0.527472320372095,0.14814814814814814,0.42987432567218264,0.9999997855621003,0.5164835164835165,0.8004858303663589,0.9999994751292626,0.5384611242606736,nonflavanoid_phenols,alcohol,False,soft_adjust,G1,wine,frontera
torch_G1_wine,1,0.9444444444444444,0.9423280423280423,0.9513888888888888,0.9444444444444444,1,0.46917012333869934,0.5412113042973156,0.3717737215107179,0.9974541509047857,0.5571925179368719,0.08771929824561403,0.3717737215107179,0.9949981594117315,0.47802197802197804,0.8357342619110831,0.9999101423978399,0.6363630578517656,alcalinity_of_ash,alcohol,False,soft_adjust,G1,wine,frontera
torch_G1_wine,2,0.9722222222222222,0.9717752234993614,0.974074074074074,0.9722222222222222,1,0.4963572919368744,0.5625625676401681,0.43279563684858813,0.9980944443322903,0.5668079025522564,0.08771929824561403,0.43279563684858813,0.9964867675481455,0.49725274725274726,0.8496554172842313,0.9997021211164352,0.6363630578517656,alcalinity_of_ash,alcohol,False,soft_adjust,G1,wine,frontera
torch_G1_wine,3,1.0,1.0,1.0,1.0,1,0.5220794677734375,0.6017981407103994,0.4945159963899288,0.9925022260603338,0.5517395563699679,0.2653061224489796,0.4945159963899288,0.9858042240420147,0.4368131868131868,0.8332873698413047,0.9992002280786528,0.666665925926749,alcalinity_of_ash,alcohol,False,soft_adjust,G1,wine,frontera
torch_G1_wine,4,1.0,1.0,1.0,1.0,1,0.5392761826515198,0.5870313554711932,0.4717654911396124,0.9931610386707246,0.5115381615387615,0.2916666666666667,0.4717654911396124,0.9878223931522802,0.4230769230769231,0.8579943968915706,0.998499684189169,0.5999994000006,alcalinity_of_ash,alcohol,False,soft_adjust,G1,wine,frontera
torch_G1_wine,5,1.0,1.0,1.0,1.0,1,0.545234203338623,0.5720990739406651,0.5196617361242769,0.9818477494583447,0.4950546450552451,0.14814814814814814,0.5196617361242769,0.9661665980742358,0.3901098901098901,0.8435514812338956,0.9975289008424537,0.5999994000006,alcalinity_of_ash,alcohol,False,soft_adjust,G1,wine,frontera
torch_G1_wine,6,1.0,1.0,1.0,1.0,1,0.5538449287414551,0.5975535862750307,0.44890347670951963,0.9914023570469389,0.6318675196241086,0.16981132075471697,0.44890347670951963,0.9864418825358415,0.4065934065934066,0.8525777981327328,0.9963628315580363,0.8571416326548105,alcalinity_of_ash,alcohol,False,soft_adjust,G1,wine,frontera
torch_G1_wine,7,1.0,1.0,1.0,1.0,1,0.559826135635376,0.6730484828728674,0.5302225830817203,0.9874898412108911,0.7115376282065171,0.2653061224489796,0.5302225830817203,0.979506183792062,0.4230769230769231,0.877347663474867,0.9954734986297202,0.9999983333361111,alcalinity_of_ash,alcohol,False,soft_adjust,G1,wine,frontera
torch_G1_wine,8,1.0,1.0,1.0,1.0,1,0.5677292346954346,0.603456708999541,0.531339120248095,0.9820259694392237,0.5769226081736629,0.16981132075471697,0.531339120248095,0.9694117173895389,0.40384615384615385,0.9069590298389115,0.9946402214889086,0.7499990625011719,magnesium,alcohol,False,soft_adjust,G1,wine,frontera
torch_G1_wine,9,1.0,1.0,1.0,1.0,1,0.5590401887893677,0.6859973911395922,0.8262907889524024,0.9912137782660198,0.5494500392471966,0.16981132075471697,0.8262907889524024,0.9873221624176043,0.3846153846153846,0.8595231567983829,0.9951053941144351,0.7142846938790087,alcalinity_of_ash,alcohol,False,soft_adjust,G1,wine,frontera
torch_G1_wine,10,1.0,1.0,1.0,1.0,1,0.5738214254379272,0.6178826039885527,0.5958381293056626,0.9854077113478392,0.5576917974889549,0.16981132075471697,0.5958381293056626,0.9762239771916592,0.4010989010989011,0.9078065285525279,0.9945914455040191,0.7142846938790087,magnesium,alcohol,False,soft_adjust,G1,wine,frontera
torch_G1_wine,11,1.0,1.0,1.0,1.0,1,0.6062160730361938,0.6823862225499207,0.7799500398017625,0.9866195834100056,0.539834654631812,0.2653061224489796,0.7799500398017625,0.9783303839848991,0.3653846153846154,0.8819167142213583,0.9949087828351121,0.7142846938790087,alcalinity_of_ash,alcohol,False,soft_adjust,G1,wine,frontera
torch_G1_wine,12,1.0,1.0,1.0,1.0,1,0.627476155757904,0.6239848881617256,0.6450575070971438,0.9785866630898601,0.5453291601263175,0.14814814814814814,0.6450575070971438,0.9625909171094374,0.37637362637362637,0.9012588947324655,0.9945824090702826,0.7142846938790087,magnesium,alcohol,False,soft_adjust,G1,wine,frontera
torch_G1_wine,13,1.0,1.0,1.0,1.0,1,0.6542506217956543,0.6267872262777265,0.6511009473863434,0.9841922388551757,0.5439555337526911,0.14814814814814814,0.6511009473863434,0.9740795778374466,0.37362637362637363,0.8877695094905597,0.9943048998729048,0.7142846938790087,alcalinity_of_ash,alcohol,False,soft_adjust,G1,wine,frontera
torch_G1_wine,14,1.0,1.0,1.0,1.0,1,0.6734630465507507,0.6314263229056294,0.6768870074102308,0.9701570016897707,0.5453291601263175,0.14814814814814814,0.6768870074102308,0.9462641077023097,0.37637362637362637,0.8879333962668711,0.9940498956772318,0.7142846938790087,alcalinity_of_ash,alcohol,False,soft_adjust,G1,wine,frontera
torch_G1_wine,15,1.0,1.0,1.0,1.0,1,0.6933757066726685,0.6950078114219562,0.6594823547203377,0.9702926413770222,0.6936803186833187,0.16981132075471697,0.6594823547203377,0.9464359269476664,0.3873626373626374,0.8916665845026884,0.994149355806378,0.999998000004,magnesium,alcohol,False,soft_adjust,G1,wine,frontera
torch_G1_wine,16,1.0,1.0,1.0,1.0,1,0.7155346870422363,0.7018636912616601,0.6953516295947152,0.9810466572602112,0.6717022967052967,0.16981132075471697,0.6953516295947152,0.9676575212573071,0.3434065934065934,0.897076030542786,0.9944357932631154,0.999998000004,alcalinity_of_ash,alcohol,False,soft_adjust,G1,wine,frontera
torch_G1_wine,17,1.0,1.0,1.0,1.0,1,0.7366597056388855,0.6919571284533166,0.6636148706677031,0.9768764843942382,0.6895594395624396,0.10714285714285714,0.6636148706677031,0.9590837506058678,0.3791208791208791,0.8924902226424866,0.9946692181826087,0.999998000004,alcalinity_of_ash,alcohol,False,soft_adjust,G1,wine,frontera
torch_G1_wine,18,1.0,1.0,1.0,1.0,1,0.7501232624053955,0.7012523664527538,0.7095060182389653,0.9655814658998787,0.6840649340679341,0.10714285714285714,0.7095060182389653,0.9364672626312908,0.36813186813186816,0.9021388620819056,0.9946956691684665,0.999998000004,magnesium,alcohol,False,soft_adjust,G1,wine,frontera
torch_G1_wine,19,1.0,1.0,1.0,1.0,1,0.7621577978134155,0.6808494662474478,0.8854886412414374,0.9792185576560735,0.5144226862985652,0.10714285714285714,0.9199867329830234,0.9635908022145714,0.40384615384615385,0.8854886412414374,0.9948463130975754,0.6249992187509766,alcalinity_of_ash,alcohol,False,soft_adjust,G1,wine,frontera
gb_G1_digits,0,0.9138888888888889,0.914217639130665,0.9171501029045408,0.9138888888888889,9,0.49776154191636396,0.4386304224448853,0.0,0.9999994564480875,0.6121018611095448,0.03333333333333333,0.0,0.9999998463607719,0.509919028340081,0.9693770837931086,0.9999990665354032,0.7142846938790087,pixel_21,pixel_19,False,soft_adjust,G1,digits,frontera
gb_G1_digits,1,0.9138888888888889,0.9151862031518151,0.920126631867211,0.9138888888888889,9,0.3864403050437521,0.42893871472318135,0.0,0.9937206296963588,0.5934984696854967,0.01639344262295082,0.0,0.9963115042328932,0.43699787686982156,0.977804898951651,0.9911297551598243,0.7499990625011719,pixel_21,pixel_19,False,soft_adjust,G1,digits,frontera
gb_G1_digits,2,0.9222222222222223,0.9228322383837372,0.9275262708968709,0.9222222222222223,9,0.37863563401140826,0.42649000359972256,0.0,0.9868256211613804,0.5826119943645914,0.03333333333333333,0.0,0.977233793652885,0.4985580628024339,0.9466662641038545,0.9964174486698759,0.666665925926749,pixel_29,pixel_19,False,soft_adjust,G1,digits,frontera
gb_G1_digits,3,0.9083333333333333,0.90937644191624,0.9148592256103221,0.9083333333333333,9,0.32150271717473555,0.4251774996654082,0.0,0.9801376138453155,0.5838103206802645,0.03333333333333333,0.0,0.9810803583256721,0.5009547154337799,0.9669966255140129,0.9791948693649588,0.666665925926749,pixel_42,pixel_19,False,soft_adjust,G1,digits,frontera
gb_G1_digits,4,0.9222222222222223,0.9228838111612844,0.9274263014958859,0.9222222222222223,9,0.4180213751856205,0.42142902926899667,0.0,0.9906940957207576,0.5709882964845487,0.01639344262295082,0.0,0.9851148794481555,0.5169773742181208,0.9770522148427919,0.9962733119933598,0.6249992187509766,pixel_29,pixel_19,False,soft_adjust,G1,digits,frontera
gb_G1_digits,5,0.9138888888888889,0.9148968184162083,0.9193692354142434,0.9138888888888889,9,0.3927924162677459,0.4313187063680084,0.006548656569011246,0.98564156330127,0.5931457285732918,0.03333333333333333,0.006548656569011246,0.9896728144878373,0.5196255312198347,0.9758042149320834,0.9816103121147026,0.666665925926749,pixel_29,pixel_19,False,soft_adjust,G1,digits,frontera
gb_G1_digits,6,0.9222222222222223,0.922740707166948,0.9266142480761287,0.9222222222222223,9,0.4031248430757245,0.42336668328471433,0.04041930586584933,0.9740926140306968,0.5508624054128091,0.01639344262295082,0.04041930586584933,0.9518848239798496,0.501725410825018,0.9836174129928614,0.996300404081544,0.5999994000006,pixel_29,pixel_19,False,soft_adjust,G1,digits,frontera
gb_G1_digits,7,0.9138888888888889,0.9150391183616833,0.9200602361362376,0.9138888888888889,9,0.4333628701664064,0.4091091180310683,0.020853990463592105,0.9762730242526423,0.5126155494294337,0.03333333333333333,0.020853990463592105,0.9623545610221356,0.5252315988583673,0.9739589535966023,0.990191487483149,0.4999995000005,pixel_29,pixel_19,False,force_adjust,G1,digits,frontera
gb_G1_digits,8,0.9138888888888889,0.9151945944605125,0.919750640020014,0.9138888888888889,9,0.3338338190286527,0.4148261382529739,0.029026574058297425,0.9609792023665674,0.5184284595254529,0.06896551724137931,0.029026574058297425,0.9270744238602512,0.5368574190504057,0.9817197606860621,0.9948839808728837,0.4999995000005,pixel_29,pixel_19,False,force_adjust,G1,digits,frontera
gb_G1_digits,9,0.9194444444444444,0.9204339950085086,0.9233913555546992,0.9194444444444444,9,0.37471606990615697,0.418120690678998,0.0057073317714293765,0.9879241579127116,0.5480915055646376,0.03333333333333333,0.0057073317714293765,0.98424456185147,0.5406280728569843,0.9778633294461249,0.9916037539739532,0.5555549382722909,pixel_29,pixel_19,False,force_adjust,G1,digits,frontera
gb_G1_digits,10,0.9194444444444444,0.9199912514973942,0.9223284969291411,0.9194444444444444,9,0.38746268587873933,0.5165103490227042,0.0,0.985282101308923,0.7797994123182448,0.03333333333333333,0.0,0.9826313179112471,0.5596002532058773,0.9856348876548431,0.9879328847065988,0.9999985714306122,pixel_29,pixel_19,False,soft_adjust,G1,digits,frontera
gb_G1_digits,11,0.9166666666666666,0.917919401040572,0.9216347970362848,0.9166666666666666,9,0.30881502805775457,0.4310068396768793,0.008078277183933226,0.9378553391563565,0.6125823138213443,0.06896551724137931,0.008078277183933226,0.8872584803030439,0.5108799337636799,0.9849256402450789,0.9884521980096692,0.7142846938790087,pixel_29,pixel_19,False,force_adjust,G1,digits,frontera
gb_G1_digits,12,0.9166666666666666,0.9179619386179185,0.921916368480137,0.9166666666666666,9,0.36428767707110227,0.4845897842254908,0.0,0.976646632075379,0.6805937540221534,0.03333333333333333,0.0,0.9621120602923343,0.5278555635975476,0.9689707816467814,0.9911812038584238,0.8333319444467593,pixel_29,pixel_19,False,force_adjust,G1,digits,frontera
gb_G1_digits,13,0.9166666666666666,0.9179619386179185,0.921916368480137,0.9166666666666666,9,0.3612541632789295,0.41154904889107424,0.0,0.9776152320663725,0.5226680442942475,0.06896551724137931,0.0,0.9621200161785466,0.4998820390012673,0.9775994452056452,0.9931104479541983,0.5454540495872277,pixel_29,pixel_19,False,force_adjust,G1,digits,frontera
gb_G1_digits,14,0.9166666666666666,0.9181787584568932,0.9225988768071345,0.9166666666666666,9,0.3572276762614726,0.4165678291207079,0.0,0.9834942081543356,0.5523142569404134,0.03333333333333333,0.0,0.9738150954448348,0.5591744642935992,0.9780104918576455,0.9931733208638364,0.5454540495872277,pixel_29,pixel_19,False,force_adjust,G1,digits,frontera
gb_G1_digits,15,0.9138888888888889,0.9147542173131777,0.9175656351261191,0.9138888888888889,9,0.3838471860107513,0.5058579016382805,0.0,0.9758482069009792,0.7521528330434524,0.03333333333333333,0.0,0.9701012250913114,0.5043076660829049,0.9708370706593746,0.981595188710647,0.999998000004,pixel_29,pixel_19,False,soft_adjust,G1,digits,frontera
gb_G1_digits,16,0.9111111111111111,0.912047240897709,0.9146175675780323,0.9111111111111111,9,0.3692562673364717,0.4083351500424876,0.003970970052248736,0.9770181199420083,0.5347677088262277,0.01639344262295082,0.003970970052248736,0.9722597803954687,0.4695360176518553,0.9712866702785666,0.9817764594885477,0.5999994000006,pixel_29,pixel_19,False,force_adjust,G1,digits,frontera
gb_G1_digits,17,0.9138888888888889,0.9150186689364587,0.9183262402569387,0.9138888888888889,9,0.32811625274113704,0.4481965675247902,0.01712138579289549,0.9852494202239577,0.6213432304824174,0.06896551724137931,0.01712138579289549,0.9800938789422339,0.528401767085826,0.9754731438340589,0.9904049615056814,0.7142846938790087,pixel_29,pixel_19,False,force_adjust,G1,digits,frontera
gb_G1_digits,18,0.9111111111111111,0.9121899820260737,0.9155610431893462,0.9111111111111111,9,0.35068230590503585,0.42387488102854926,0.035663602324172455,0.9837123156273475,0.5230096461275124,0.06896551724137931,0.035663602324172455,0.9763203938779809,0.5460197922545248,0.980016068973779,0.9911042373767143,0.4999995000005,pixel_29,pixel_19,False,force_adjust,G1,digits,frontera
gb_G1_digits,19,0.9,0.9007189359123283,0.9051633453588862,0.9,1,0.31384652058027185,0.5427486110047147,0.03424874934920594,0.7971101268552431,0.7728170104493026,0.6756756756756757,0.03424874934920594,0.6,0.6706351146472381,0.9829520907769014,0.9942202537104862,0.8749989062513672,pixel_19,pixel_19,True,soft_adjust,G1,digits,frontera
rf_G1_digits,0,0.8333333333333334,0.8306782158619822,0.8365065272197388,0.8333333333333334,0,0.19142260092145594,0.4378075389791088,0.0,0.9999931304220118,0.5821712054558792,0.08771929824561403,0.0,0.9999989244652774,0.4976762998001843,0.5285940551437128,0.999987336378746,0.666666111111574,pixel_42,pixel_38,False,soft_adjust,G1,digits,frontera
rf_G1_digits,1,0.8555555555555555,0.8526038792685416,0.8647913856204189,0.8555555555555555,1,0.17331372360627403,0.4593239431642262,0.019094376280879035,0.7696866641976076,0.7041583121410844,0.21568627450980393,0.019094376280879035,0.6,0.6083174242813687,0.626699585239152,0.9393733283952151,0.7999992000008,pixel_12,pixel_36,False,soft_adjust,G1,digits,frontera
rf_G1_digits,2,0.8694444444444445,0.8687514572283562,0.8742586421114606,0.8694444444444445,1,0.2226395619328808,0.4814083333029753,0.0,0.7399016997375472,0.7671794620038221,0.4418604651162791,0.0,0.6,0.6454710227719791,0.5227089661169635,0.8798033994750943,0.8888879012356652,pixel_20,pixel_38,False,soft_adjust,G1,digits,frontera
rf_G1_digits,3,0.875,0.8743491565975957,0.8811962886381492,0.875,8,0.19643725144385396,0.4389086994742025,0.0,0.7358348042542395,0.6892564049585523,0.19230769230769232,0.0,0.6,0.7118468839903557,0.3909369778141779,0.8716696085084791,0.666665925926749,pixel_38,pixel_36,False,soft_adjust,G1,digits,frontera
rf_G1_digits,4,0.8527777777777777,0.8494336940420084,0.8574455734089754,0.8527777777777777,3,0.16645812730667076,0.4139972701991806,0.16030031383505292,0.7427269746805436,0.5266773671876886,0.14814814814814814,0.16030031383505292,0.6,0.5533551510416967,0.5325294115888979,0.8854539493610872,0.49999958333368055,pixel_42,pixel_36,False,soft_adjust,G1,digits,frontera
rf_G1_digits,5,0.8583333333333333,0.856904576182079,0.8681331747792017,0.8583333333333333,3,0.22855924476777237,0.39745151610993396,0.03960877141775806,0.6949664912628675,0.632016798822225,0.14814814814814814,0.03960877141775806,0.6,0.5497483935624528,0.5018521616597743,0.789932982525735,0.7142852040819971,pixel_30,pixel_38,False,soft_adjust,G1,digits,frontera
rf_G1_digits,6,0.8611111111111112,0.8584827435725776,0.869724719269267,0.8611111111111112,3,0.2756512990555667,0.4079373536474952,0.0,0.6276126799904129,0.7242806121663068,0.0,0.0,0.6552253599808259,0.630380149951772,0.42151615871640813,0.6,0.8181810743808414,pixel_26,pixel_43,False,soft_adjust,G1,digits,frontera
rf_G1_digits,7,0.8694444444444445,0.8694352788194165,0.8811702796996914,0.8694444444444445,9,0.20899267277246736,0.42342562312907905,0.05726734676457917,0.6610888054377069,0.6824107258009285,0.03333333333333333,0.05726734676457917,0.6,0.4759335503661919,0.7010867121485267,0.7221776108754139,0.8888879012356652,pixel_27,pixel_36,False,soft_adjust,G1,digits,frontera
rf_G1_digits,8,0.85,0.8436892168026674,0.861909830359547,0.85,3,0.22665404674474537,0.47853503014594156,0.08925060213418244,0.7458707530985005,0.7498773795421356,0.08771929824561403,0.08925060213418244,0.6818838587987264,0.6426131264294607,0.507838194042749,0.8098576473982745,0.8571416326548105,pixel_42,pixel_36,False,soft_adjust,G1,digits,frontera
rf_G1_digits,9,0.8611111111111112,0.8593934893382845,0.8696698822871812,0.8611111111111112,3,0.23553441085638044,0.47881110005792676,0.039324700163096395,0.7583865270605038,0.8081251668238353,0.01639344262295082,0.039324700163096395,0.779640277142355,0.7071602510022912,0.5366542262353655,0.7371327769786526,0.9090900826453794,pixel_42,pixel_36,False,soft_adjust,G1,digits,frontera
rf_G1_digits,10,0.8527777777777777,0.8502743721466921,0.8666959450057186,0.8527777777777777,3,0.19250354742863368,0.47460954898669766,0.04763742103024479,0.8539679490881281,0.7061560906962362,0.01639344262295082,0.04763742103024479,0.8511081598584294,0.5234242801568072,0.6200517421148073,0.8568277383178269,0.8888879012356652,pixel_29,pixel_36,False,soft_adjust,G1,digits,frontera
rf_G1_digits,11,0.8166666666666667,0.81357909033846,0.832549582238558,0.8166666666666667,3,0.23030529849774792,0.4925083705033036,0.05925176032516697,0.8360366184975709,0.7362085889008322,0.14814814814814814,0.05925176032516697,0.869802986485032,0.6724179778008643,0.7196100137089761,0.8022702505101099,0.7999992000008,pixel_42,pixel_36,False,soft_adjust,G1,digits,frontera
rf_G1_digits,12,0.85,0.8470330697852244,0.8583943607880565,0.85,3,0.20474027078763077,0.43621778178229154,0.0,0.804298867898749,0.6540688367150027,0.06896551724137931,0.0,0.7251089850729557,0.5581382984294845,0.6641373714481301,0.8834887507245422,0.7499993750005208,pixel_26,pixel_9,False,soft_adjust,G1,digits,frontera
rf_G1_digits,13,0.8555555555555555,0.8500240903579628,0.8653004796427688,0.8555555555555555,3,0.20507724557434895,0.546327951379013,0.11610700323340789,0.8124240083403871,0.8234207065341919,0.4090909090909091,0.11610700323340789,0.8168909489934952,0.6468428416377714,0.4750553119960859,0.807957067687279,0.9999985714306122,pixel_36,pixel_36,True,soft_adjust,G1,digits,frontera
rf_G1_digits,14,0.8722222222222222,0.8716116965879377,0.8783194298983773,0.8722222222222222,8,0.18281940229767343,0.3766293192309303,0.0,0.7209413994083924,0.5805724905220333,0.14814814814814814,0.0,0.6,0.6611453977103859,0.4266710725710528,0.8418827988167847,0.49999958333368055,pixel_42,pixel_38,False,soft_adjust,G1,digits,frontera
rf_G1_digits,15,0.8277777777777777,0.8239636530671103,0.8383696118478727,0.8277777777777777,3,0.22557394302166428,0.4740762575854833,0.021845561179076413,0.7613386349195961,0.7744227313025007,0.14814814814814814,0.021845561179076413,0.7004468492738923,0.7155128237155339,0.5799559411826919,0.8222304205652998,0.8333326388894676,pixel_21,pixel_60,False,soft_adjust,G1,digits,frontera
rf_G1_digits,16,0.8722222222222222,0.8711555751125011,0.8807416607463684,0.8722222222222222,3,0.19449820689416566,0.47047518252153986,0.037804558564656573,0.8021718204457956,0.7275397082409099,0.08771929824561403,0.037804558564656573,0.7231412889162956,0.6550802164810196,0.6355377644032699,0.8812023519752956,0.7999992000008,pixel_30,pixel_36,False,soft_adjust,G1,digits,frontera
rf_G1_digits,17,0.8444444444444444,0.8389502590791221,0.8551000527195267,0.8444444444444444,3,0.19971043864381088,0.4114626211503497,0.0,0.8250592324829268,0.6401330609759197,0.08771929824561403,0.0,0.8083597145491668,0.5802668219511393,0.5359298324303405,0.8417587504166868,0.6999993000007,pixel_26,pixel_20,False,soft_adjust,G1,digits,frontera
rf_G1_digits,18,0.8611111111111112,0.8601585105916968,0.8671371000863876,0.8611111111111112,8,0.15047358087161813,0.4767816830623232,0.0,0.737714916261638,0.8020098466563791,0.24,0.0,0.6,0.6040209433111957,0.5366338497648779,0.875429832523276,0.9999987500015625,pixel_42,pixel_30,False,soft_adjust,G1,digits,frontera
rf_G1_digits,19,0.85,0.8463371213329667,0.8630474612707164,0.85,3,0.22858976644369422,0.4871187880607476,0.056186173430244665,0.7447792563526432,0.7863168167347883,0.19230769230769232,0.056186173430244665,0.7442389713673139,0.6976347272182092,0.6252678925307744,0.7453195413379726,0.8749989062513672,pixel_42,pixel_26,False,soft_adjust,G1,digits,frontera
torch_G1_digits,0,0.9666666666666667,0.9666171098119185,0.9670122044414995,0.9666666666666667,5,0.9535055160522461,0.548123439212058,0.5018617950199254,0.9999599692153918,0.4383449327693464,0.10714285714285714,0.9979495191811725,0.9999999993297896,0.5433576433127669,0.5018617950199254,0.9999199391009941,0.3333322222259259,pixel_6,pixel_43,False,keep,G1,digits,frontera
torch_G1_digits,1,0.9666666666666667,0.9666171098119185,0.9670122044414995,0.9666666666666667,5,0.9535055160522461,0.5646118142441592,0.47182777520762276,0.9985033181959504,0.5245540785381876,0.10714285714285714,0.9984732397652263,0.9970866972909067,0.5491106570638753,0.47182777520762276,0.9999199391009941,0.4999975000124999,pixel_6,pixel_43,False,keep,G1,digits,frontera
torch_G1_digits,2,0.9666666666666667,0.9666171098119185,0.9670122044414995,0.9666666666666667,5,0.9535055160522461,0.590550889906967,0.5220864814262883,0.9978831202334688,0.5186933719151983,0.19230769230769232,0.9981575636076178,0.9958463013659437,0.5373892438178967,0.5220864814262883,0.9999199391009941,0.4999975000124999,pixel_6,pixel_43,False,keep,G1,digits,frontera
torch_G1_digits,3,0.9666666666666667,0.9666171098119185,0.9670122044414995,0.9666666666666667,5,0.9535055160522461,0.5521941687082758,0.4765899856346453,0.9981301639176117,0.4361282606410848,0.19230769230769232,0.9986856933832987,0.9963403887342294,0.5389242990562436,0.4765899856346453,0.9999199391009941,0.3333322222259259,pixel_6,pixel_43,False,keep,G1,digits,frontera
torch_G1_digits,4,0.9666666666666667,0.9666171098119185,0.9670122044414995,0.9666666666666667,5,0.9535055160522461,0.566397349921682,0.5212661393106934,0.9982171020981341,0.4387235958592888,0.19230769230769232,0.9984037638449065,0.9965142650952741,0.5441149694926517,0.5212661393106934,0.9999199391009941,0.3333322222259259,pixel_6,pixel_43,False,keep,G1,digits,frontera
torch_G1_digits,5,0.9666666666666667,0.9666171098119185,0.9670122044414995,0.9666666666666667,5,0.9535055160522461,0.5439478239840345,0.4880622454617311,0.9989861881737403,0.43903724910217223,0.10714285714285714,0.9983866270913827,0.9980524372464866,0.5447422759784186,0.4880622454617311,0.9999199391009941,0.3333322222259259,pixel_6,pixel_43,False,keep,G1,digits,frontera
torch_G1_digits,6,0.9666666666666667,0.9666171098119185,0.9670122044414995,0.9666666666666667,5,0.9535055160522461,0.56979053178178,0.5367689629255048,0.9974810715943789,0.4351447371979331,0.19230769230769232,0.9984737510899885,0.9953516883099293,0.5369572521699404,0.5367689629255048,0.9996104548788287,0.3333322222259259,pixel_6,pixel_43,False,keep,G1,digits,frontera
torch_G1_digits,7,0.9666666666666667,0.9666171098119185,0.9670122044414995,0.9666666666666667,5,0.9535055160522461,0.5639569599947402,0.5126934095232824,0.9980553121171928,0.4392965175410115,0.19230769230769232,0.9989222302743922,0.9964268760997054,0.5452608128560972,0.5126934095232824,0.9996837481346802,0.3333322222259259,pixel_6,pixel_43,False,keep,G1,digits,frontera
torch_G1_digits,8,0.9666666666666667,0.9666171098119185,0.9670122044414995,0.9666666666666667,5,0.9535055160522461,0.5784117810775657,0.5241469723142494,0.9987099571001261,0.5180625717894363,0.10714285714285714,0.9989015289113149,0.9976860421131959,0.5361276435663725,0.5241469723142494,0.9997338720870563,0.4999975000124999,pixel_6,pixel_43,False,keep,G1,digits,frontera
torch_G1_digits,9,0.9666666666666667,0.9666171098119185,0.9670122044414995,0.9666666666666667,5,0.9535055160522461,0.576287692318596,0.548653167433451,0.9982622788715929,0.4442667284150287,0.19230769230769232,0.9987860471085153,0.9967549022082564,0.5552012346041315,0.548653167433451,0.9997696555349296,0.3333322222259259,pixel_6,pixel_43,False,keep,G1,digits,frontera
torch_G1_digits,10,0.9666666666666667,0.9666171098119185,0.9670122044414995,0.9666666666666667,5,0.9535055160522461,0.560148217353968,0.4949321902315405,0.9979237461849235,0.44447156630707063,0.19230769230769232,0.9987852497760601,0.9960514023010559,0.5556109103882154,0.4949321902315405,0.9997960900687912,0.3333322222259259,pixel_6,pixel_43,False,keep,G1,digits,frontera
torch_G1_digits,11,0.9666666666666667,0.9666171098119185,0.9670122044414995,0.9666666666666667,5,0.9535055160522461,0.5646760277584572,0.5194414854224788,0.9973773834108447,0.43551027477616133,0.19230769230769232,0.9990800146532401,0.9949385964909508,0.5376883273263967,0.5194414854224788,0.9998161703307386,0.3333322222259259,pixel_6,pixel_43,False,keep,G1,digits,frontera
torch_G1_digits,12,0.9666666666666667,0.9666171098119185,0.9670122044414995,0.9666666666666667,5,0.9535055160522461,0.5680909331481668,0.5330060200899386,0.9982300110494579,0.4326182350422234,0.19230769230769232,0.9988421989838883,0.9966282408255233,0.531904247858521,0.5330060200899386,0.9998317812733925,0.3333322222259259,pixel_6,pixel_43,False,keep,G1,digits,frontera
torch_G1_digits,13,0.9666666666666667,0.9666171098119185,0.9670122044414995,0.9666666666666667,5,0.9535055160522461,0.5690712724156727,0.5345738753375845,0.9979947082935239,0.4345142629828752,0.19230769230769232,0.9988562490300256,0.9961452592060209,0.5356963037398246,0.5345738753375845,0.9998441573810268,0.3333322222259259,pixel_6,pixel_43,False,keep,G1,digits,frontera
torch_G1_digits,14,0.9666666666666667,0.9666171098119185,0.9670122044414995,0.9666666666666667,5,0.9535055160522461,0.567922293169902,0.5221639855989941,0.9972004434868258,0.4437561092411445,0.19230769230769232,0.9992136828029256,0.9945467524176593,0.5541799962563632,0.5221639855989941,0.9998541345559923,0.3333322222259259,pixel_6,pixel_43,False,keep,G1,digits,frontera
torch_G1_digits,15,0.9666666666666667,0.9666171098119185,0.9670122044414995,0.9666666666666667,5,0.9535055160522461,0.5698800786996029,0.535682427696712,0.9977428714826586,0.43631159557923604,0.19230769230769232,0.9989861044895276,0.9956234478254136,0.5392909689325461,0.535682427696712,0.9998622951399038,0.3333322222259259,pixel_6,pixel_43,False,keep,G1,digits,frontera
torch_G1_digits,16,0.9666666666666667,0.9666171098119185,0.9670122044414995,0.9666666666666667,5,0.9535055160522461,0.5612466001713587,0.5059861531189377,0.9980675361283251,0.43695905452480766,0.19230769230769232,0.9987713033223827,0.9962660173459301,0.5405858868236894,0.5059861531189377,0.9998690549107202,0.3333322222259259,pixel_6,pixel_43,False,keep,G1,digits,frontera
torch_G1_digits,17,0.9666666666666667,0.9666171098119185,0.9670122044414995,0.9666666666666667,5,0.9535055160522461,0.5715881154225221,0.538818457241766,0.9982228306716494,0.43846905578642037,0.19230769230769232,0.9988710773956812,0.9965709441957964,0.5436058893469149,0.538818457241766,0.9998747171475023,0.3333322222259259,pixel_6,pixel_43,False,keep,G1,digits,frontera
torch_G1_digits,18,0.9666666666666667,0.9666171098119185,0.9670122044414995,0.9666666666666667,5,0.9535055160522461,0.5433394976068155,0.49139333189277856,0.9960469885016834,0.43612774114044206,0.10714285714285714,0.9989929585892189,0.9922144697271084,0.5389232600549582,0.49139333189277856,0.9998795072762583,0.3333322222259259,pixel_6,pixel_43,False,keep,G1,digits,frontera
torch_G1_digits,19,0.9666666666666667,0.9666171098119185,0.9670122044414995,0.9666666666666667,5,0.9535055160522461,0.5635311471968594,0.5170818752066354,0.9978975600577625,0.43362013591424764,0.19230769230769232,0.9991821460477331,0.9959115244378987,0.5339080496025694,0.5170818752066354,0.9998835956776264,0.3333322222259259,pixel_6,pixel_43,False,keep,G1,digits,frontera
gb_G1_covertype,0,0.712,0.7064547839115479,0.711136125602566,0.712,1,0.5268024833968711,0.7662187508124145,0.7409046108740699,0.9999997650954052,0.6849529593826793,0.5897435897435898,0.7409046108740699,0.9999997936429118,0.5365732798758909,0.8550752400877846,0.9999997365478986,0.8333326388894676,f0,f0,True,keep,G1,covertype,frontera
gb_G1_covertype,1,0.712,0.7064547839115479,0.711136125602566,0.712,1,0.5268024833968711,0.7473690212966917,0.6780722325097984,0.9999997010696394,0.6849529593826793,0.5897435897435898,0.6780722325097984,0.9999996655913802,0.5365732798758909,0.8293568291295971,0.9999997365478986,0.8333326388894676,f0,f0,True,soft_adjust,G1,covertype,frontera
gb_G1_covertype,2,0.714,0.7052795281087441,0.7128250239479471,0.714,1,0.8573276907628058,0.4992246366243331,0.0,0.7926395830958823,0.8429722130909519,0.19230769230769232,0.0,0.6,0.6859454261809039,0.8276616036248947,0.9852791661917646,0.999999000001,f5,f0,False,soft_adjust,G1,covertype,frontera
gb_G1_covertype,3,0.71,0.7046397124192646,0.714307901156209,0.71,1,0.5211706014411297,0.752216761480021,0.6330189508013323,0.9959709995823185,0.7693944211468058,0.55,0.6330189508013323,0.9935081264398855,0.5387898422926115,0.8578897808829744,0.9984338727247516,0.999999000001,f0,f0,True,soft_adjust,G1,covertype,frontera
gb_G1_covertype,4,0.702,0.6933455304970552,0.7014500167556368,0.702,1,0.8667208892959183,0.47498764788182096,0.0,0.7962532632848891,0.753326204907878,0.21568627450980393,0.0,0.6,0.6733197709262885,0.8375965647580469,0.9925065265697783,0.8333326388894676,f5,f0,False,soft_adjust,G1,covertype,frontera
gb_G1_covertype,5,0.707,0.7007396572422236,0.7094185564357387,0.707,1,0.5555835183022763,0.7122327063026949,0.622941053131072,0.9939043176208344,0.6071248961763385,0.631578947368421,0.622941053131072,0.9907441381003496,0.4450196148374289,0.8499434534778458,0.9970644971413192,0.7692301775152481,f0,f0,True,soft_adjust,G1,covertype,frontera
gb_G1_covertype,6,0.708,0.6999219896165013,0.7042522264150942,0.708,1,0.8670516796511,0.5285822431585017,0.0,0.7952759264868292,0.9267108717893144,0.24,0.0,0.6,0.8534227435776289,0.8386048014674782,0.9905518529736583,0.999999000001,f5,f0,False,keep,G1,covertype,frontera
gb_G1_covertype,7,0.708,0.6999219896165013,0.7042522264150942,0.708,1,0.8670516796511,0.5038467201388768,0.0,0.7963336510752492,0.8433776912335482,0.24,0.0,0.6,0.8534227435776289,0.8343378930725021,0.9926673021504984,0.8333326388894676,f5,f0,False,soft_adjust,G1,covertype,frontera
gb_G1_covertype,8,0.712,0.7068323116719352,0.7125195080170097,0.712,1,0.516221480661401,0.7588174666126618,0.6327633801905108,0.975337036418503,0.7680578378187322,0.631578947368421,0.6327633801905108,0.9611087587471878,0.5361166756364644,0.859899187258387,0.9895653140898183,0.999999000001,f0,f0,True,soft_adjust,G1,covertype,frontera
gb_G1_covertype,9,0.709,0.7025726073374456,0.7076633821770334,0.709,1,0.5301712534019809,0.7403573221536528,0.6248686011281331,0.9847271913604472,0.70659367289946,0.631578947368421,0.6248686011281331,0.9744757049872238,0.4131883457979199,0.8458606641787529,0.9949786777336705,0.999999000001,f0,f0,True,soft_adjust,G1,covertype,frontera
gb_G1_covertype,10,0.708,0.6999177873394681,0.7033974755436979,0.708,1,0.8510954049932539,0.46839978013413835,0.0,0.7853768658317358,0.7902535182649437,0.01639344262295082,0.0,0.6,0.7471743976404198,0.8453551146069127,0.9707537316634717,0.8333326388894676,f5,f0,False,soft_adjust,G1,covertype,frontera
gb_G1_covertype,11,0.707,0.7012309503261331,0.7114817283332275,0.707,1,0.539906405326593,0.7276677618730605,0.585691131384541,0.9477919280578085,0.6889303570330426,0.7222222222222222,0.585691131384541,0.966157115079465,0.37786171406508523,0.8038971954443752,0.9294267410361521,0.999999000001,f0,f0,True,soft_adjust,G1,covertype,frontera
gb_G1_covertype,12,0.707,0.6988228713167932,0.7079880572912641,0.707,1,0.8604788131540948,0.4807390407325802,0.0,0.7913530602381198,0.7880497553881551,0.16981132075471697,0.0,0.6,0.7427668718868428,0.8363393438756765,0.9827061204762395,0.8333326388894676,f5,f0,False,soft_adjust,G1,covertype,frontera
gb_G1_covertype,13,0.71,0.7030237498577352,0.7137162797638972,0.71,1,0.5466367909660694,0.7334132708590887,0.6057519421302368,0.9533876904398432,0.6833581075890787,0.7222222222222222,0.6057519421302368,0.9688965949859363,0.5333835762886898,0.8080628167330375,0.9378787858937501,0.8333326388894676,f0,f0,True,soft_adjust,G1,covertype,frontera
gb_G1_covertype,14,0.713,0.7055282677569888,0.7093770068542211,0.713,1,0.8647139907621921,0.490949017155055,0.0,0.7980376625083975,0.8165125082378395,0.16981132075471697,0.0,0.6,0.6330260164746792,0.8485189560562603,0.996075325016795,0.999999000001,f5,f0,False,soft_adjust,G1,covertype,frontera
gb_G1_covertype,15,0.718,0.7115222118755777,0.7189490872494961,0.718,1,0.5609753585376007,0.7907631761940878,0.6621804614698569,0.9838542233871075,0.7927071619100685,0.7222222222222222,0.6621804614698569,0.9758346582277277,0.5854153238191371,0.865463705590517,0.9918737885464872,0.999999000001,f0,f0,True,soft_adjust,G1,covertype,frontera
gb_G1_covertype,16,0.71,0.7015707372677475,0.7047571478332987,0.71,1,0.8445449527741579,0.47712588503091485,0.07511536737298492,0.7875365044521335,0.7465238290199533,0.0,0.07511536737298492,0.6,0.659715019150439,0.831299712411267,0.9750730089042671,0.8333326388894676,f5,f0,False,soft_adjust,G1,covertype,frontera
gb_G1_covertype,17,0.706,0.6987591118138332,0.7029706518013026,0.706,1,0.5234050145220813,0.7137474334124647,0.6573758767944676,0.9796157784396596,0.6673405144521272,0.47619047619047616,0.6573758767944676,0.9676253661735524,0.33468202890325427,0.8516029084035981,0.9916061907057668,0.999999000001,f0,f0,True,soft_adjust,G1,covertype,frontera
gb_G1_covertype,18,0.713,0.7050276175999733,0.711567240717146,0.713,1,0.8651384477067169,0.4715518762788865,0.0,0.797836736141726,0.7520228106228374,0.16981132075471697,0.0,0.6,0.6707129823562071,0.8429888059341498,0.9956734722834519,0.8333326388894676,f5,f0,False,soft_adjust,G1,covertype,frontera
gb_G1_covertype,19,0.707,0.6996225127800426,0.7038194280414695,0.707,1,0.5236799491350884,0.6934250589391793,0.6546596807850391,0.9795586298454262,0.6023630860457985,0.47619047619047616,0.6546596807850391,0.9644809101267295,0.37139353320212937,0.8617179655159005,0.994636349564123,0.8333326388894676,f0,f0,True,soft_adjust,G1,covertype,frontera
rf_G1_covertype,0,0.626,0.5802102609783654,0.5902902778168124,0.626,1,0.521994671704392,0.543396500162662,0.0,0.9996098340106738,0.8485720928896339,0.06896551724137931,0.0,0.999265530517124,0.6971541856792687,0.4589953128701903,0.9999541375042238,0.999990000099999,f5,f42,False,adjust,G1,covertype,frontera
rf_G1_covertype,1,0.613,0.5534154419645424,0.5355252145020188,0.613,1,0.6404431372095029,0.3544616112188636,0.0,0.9864749263489965,0.359476265438715,0.0,0.0,0.9917333286012002,0.71895253087743,0.48559502601402904,0.9812165240967926,0.0,f2,f25,False,adjust,G1,covertype,frontera
rf_G1_covertype,2,0.643,0.6047560362369748,0.5880310035842293,0.643,1,0.5659850243763048,0.6113486722975021,0.41314638433823886,0.8236521134048493,0.8085643828390487,0.06896551724137931,0.4905804823378399,0.6890560050773427,0.6171312656718475,0.41314638433823886,0.9582482217323559,0.99999750000625,f0,f25,False,adjust,G1,covertype,frontera
rf_G1_covertype,3,0.66,0.6236380895481368,0.6030630102416165,0.66,1,0.5302834817635056,0.49614752130391604,0.3385177120008528,0.6,0.6547304359352775,0.19230769230769232,0.6363569400123406,0.6,0.3094658718455551,0.3385177120008528,0.6,0.9999950000249999,f0,f9,False,adjust,G1,covertype,frontera
rf_G1_covertype,4,0.657,0.6193636786358844,0.6057180035315884,0.657,1,0.6305325688487591,0.4545636398149397,0.0,0.6201244321231452,0.8687003933034998,0.06896551724137931,0.0,0.6,0.7374107865070005,0.16337716514861764,0.6402488642462905,0.999990000099999,f5,f28,False,adjust,G1,covertype,frontera
rf_G1_covertype,5,0.615,0.5648969263383526,0.5768934567382246,0.615,1,0.5534238366717927,0.26620095024949775,0.0,0.6,0.37913977952018374,0.01639344262295082,0.004718523314929744,0.6,0.7582795590403675,0.0,0.6,0.0,f9,f0,False,adjust,G1,covertype,frontera
rf_G1_covertype,6,0.656,0.6214205046645348,0.5995987759199721,0.656,1,0.6619928776615337,0.513827727642445,0.0,0.7245565707140618,0.8880317173216254,0.4418604651162791,0.0,0.8491131414281236,0.7760648632126387,0.00771537491409257,0.6,0.9999985714306122,f9,f9,True,adjust,G1,covertype,frontera
rf_G1_covertype,7,0.559,0.46669663657195115,0.5752143370434655,0.559,1,0.522933725726591,0.24591633779757313,0.0,0.6,0.2852383673712208,0.06896551724137931,0.01803642067584078,0.6,0.5704767347424416,0.0,0.6,0.0,f9,f10,False,adjust,G1,covertype,frontera
rf_G1_covertype,8,0.64,0.5999915361888383,0.5909057170542636,0.64,1,0.48138690942928425,0.6713129198314202,0.6906412104886911,0.6778057287889305,0.7441351768633628,0.47619047619047616,0.6906412104886911,0.7556114575778612,0.4882803536267266,0.8447385720953504,0.6,0.999990000099999,f0,f0,True,adjust,G1,covertype,frontera
rf_G1_covertype,9,0.644,0.6015017123206982,0.5894703065435046,0.644,1,0.531591364359935,0.44573559910331145,0.40153237951776816,0.7856919000677405,0.30950970077015305,0.24,0.5155088920392003,0.9030426855101621,0.6190194015403061,0.40153237951776816,0.6683411146253189,0.0,f0,f10,False,adjust,G1,covertype,frontera
rf_G1_covertype,10,0.651,0.6154045381016359,0.5942421513764832,0.651,1,0.6724096654598155,0.2924381385735892,0.0,0.6387988169639705,0.36838737370124797,0.14814814814814814,0.0,0.6775976339279408,0.7367747474024959,0.16346929966678558,0.6,0.0,f2,f5,False,adjust,G1,covertype,frontera
rf_G1_covertype,11,0.666,0.6337910518014874,0.6078811868701077,0.666,1,0.5742657596453643,0.40966272547704585,0.0,0.6,0.7447090849234862,0.03333333333333333,0.0,0.6,0.4894231698219725,0.0,0.6,0.9999950000249999,f6,f0,False,adjust,G1,covertype,frontera
rf_G1_covertype,12,0.654,0.618397482156468,0.5973877060439561,0.654,1,0.6291001341555837,0.27648700368835305,0.0,0.7393108040991353,0.28886434221189744,0.03333333333333333,0.0,0.7930744081070139,0.5777286844237949,0.38794117458138094,0.6855472000912567,0.0,f9,f25,False,adjust,G1,covertype,frontera
rf_G1_covertype,13,0.654,0.620076487891062,0.5964535806570691,0.654,1,0.5540439012437315,0.4880807481003494,0.023236340947165864,0.6073123841817392,0.8415082715936064,0.5121951219512195,0.023236340947165864,0.6,0.6830190431809628,0.10050097370432576,0.6146247683634783,0.99999750000625,f9,f9,True,adjust,G1,covertype,frontera
rf_G1_covertype,14,0.663,0.6266125192722788,0.60843766330429,0.663,1,0.6256427950155101,0.391840497209538,0.14810176197242456,0.8770096125114377,0.3531178108924301,0.14814814814814814,0.14810176197242456,0.9511768543350806,0.7062356217848602,0.6195756497561574,0.802842370687795,0.0,f2,f25,False,adjust,G1,covertype,frontera
rf_G1_covertype,15,0.608,0.5507781565382363,0.5813560649338285,0.608,1,0.5113587674457083,0.5510107683560788,0.6910427630122732,0.6690152794567878,0.3672168327358599,0.4418604651162791,0.6910427630122732,0.7380305589135756,0.7344336654717198,0.7710696709757654,0.6,0.0,f0,f0,True,adjust,G1,covertype,frontera
rf_G1_covertype,16,0.587,0.5235423378841759,0.5641436625464656,0.587,1,0.5577605193617703,0.28056346362204815,0.0,0.7113648088427611,0.30792477941716984,0.06896551724137931,0.0,0.6,0.6158495588343397,0.3285385681011364,0.8227296176855223,0.0,f5,f25,False,adjust,G1,covertype,frontera
rf_G1_covertype,17,0.647,0.6069774043801441,0.5885437199800387,0.647,1,0.5840309297571407,0.4544051641348346,0.0,0.676826209764035,0.746116584433965,0.4090909090909091,0.1940645517892428,0.7536524195280699,0.49223483553181885,0.0,0.6,0.9999983333361111,f9,f9,True,adjust,G1,covertype,frontera
rf_G1_covertype,18,0.663,0.6218220709985814,0.6061173633447976,0.663,1,0.6551063757278427,0.27360964348530026,0.0,0.6583958289726375,0.346702287473803,0.03333333333333333,0.0,0.7083687587807308,0.693404574947606,0.27234858681359186,0.6084228991645442,0.0,f2,f25,False,adjust,G1,covertype,frontera
rf_G1_covertype,19,0.603,0.5512031368922264,0.5681110746630537,0.603,1,0.5295294324467809,0.4736116686964066,0.6930647708100033,0.6024620702604624,0.14549382819906198,0.47619047619047616,0.6930647708100033,0.6049241405209247,0.29098765639812396,0.7442860715588085,0.6,0.0,f0,f0,True,adjust,G1,covertype,frontera
torch_G1_covertype,0,0.717,0.7105194190053794,0.7088258087259656,0.717,1,0.44878897070884705,0.7762916709603686,0.8855234777677189,0.9999998899600792,0.6126846228245008,0.5121951219512195,0.9911338922009957,0.9999999921133789,0.558703023426483,0.8855234777677189,0.9999997878067794,0.6666662222225185,f0,f0,True,soft_adjust,G1,covertype,frontera
torch_G1_covertype,1,0.724,0.7199685094564301,0.7234257429524035,0.724,1,0.6750288009643555,0.8074095478762509,0.8572830737253184,0.9865545166978661,0.7738580838520581,0.47619047619047616,0.9923079993611447,0.9764403418609487,0.5477171677031162,0.8572830737253184,0.9966686915347834,0.999999000001,f0,f0,True,keep,G1,covertype,frontera
torch_G1_covertype,2,0.724,0.7199685094564301,0.7234257429524035,0.724,1,0.6750288009643555,0.8083722196848727,0.8610252415148553,0.9906107785394209,0.8034943874397484,0.4090909090909091,0.9970924584995534,0.9827645801582012,0.6069897748784968,0.8610252415148553,0.9984569769206406,0.999999000001,f0,f0,True,keep,G1,covertype,frontera
torch_G1_covertype,3,0.724,0.7199685094564301,0.7234257429524035,0.724,1,0.6750288009643555,0.8024512502818654,0.8454664716851208,0.9909445605897327,0.799038440884199,0.4090909090909091,0.9862759385757365,0.9827751906457085,0.598077881767398,0.8454664716851208,0.9991139305337569,0.999999000001,f0,f0,True,keep,G1,covertype,frontera
torch_G1_covertype,4,0.724,0.7199685094564301,0.7234257429524035,0.724,1,0.6750288009643555,0.8103900050362371,0.856023004913337,0.9964695603427209,0.8103402570430649,0.4090909090909091,0.9977515300157607,0.9935133110643029,0.6206815140851297,0.856023004913337,0.9994258096211389,0.999999000001,f0,f0,True,keep,G1,covertype,frontera
torch_G1_covertype,5,0.724,0.7199685094564301,0.7234257429524035,0.724,1,0.6750288009643555,0.8058107113992767,0.860003030612974,0.9915552227996345,0.8108477661626974,0.37777777777777777,0.9893331743374755,0.9835125437462993,0.6216965323243949,0.860003030612974,0.9995979018529696,0.999999000001,f0,f0,True,keep,G1,covertype,frontera
torch_G1_covertype,6,0.724,0.7199685094564301,0.7234257429524035,0.724,1,0.6750288009643555,0.8042549629768811,0.8686517073740079,0.9884738466986254,0.7995810747445193,0.37777777777777777,0.9973106646800018,0.9793539591191346,0.5991631494880386,0.8686517073740079,0.997593734278116,0.999999000001,f0,f0,True,soft_adjust,G1,covertype,frontera
torch_G1_covertype,7,0.726,0.7205276956936827,0.7230186522149673,0.726,1,0.6735309362411499,0.7994494139374617,0.8728344066356915,0.9743745114722642,0.8194412905187043,0.19230769230769232,0.9980421594354388,0.9508771101988757,0.6388835810364087,0.8728344066356915,0.9978719127456526,0.999999000001,f24,f0,False,keep,G1,covertype,frontera
torch_G1_covertype,8,0.726,0.7205276956936827,0.7230186522149673,0.726,1,0.6735309362411499,0.7940537283642063,0.846198015438418,0.9901708858224672,0.8090837722960962,0.21568627450980393,0.9835099328045465,0.9820273042992409,0.6181685445911925,0.846198015438418,0.9983144673456934,0.999999000001,f24,f0,False,keep,G1,covertype,frontera
torch_G1_covertype,9,0.726,0.7205276956936827,0.7230186522149673,0.726,1,0.6735309362411499,0.8134351594679641,0.8528537926312877,0.991020312504008,0.8118162459504465,0.4418604651162791,0.9858760021275802,0.9834084975213717,0.623633491899893,0.8528537926312877,0.9986321274866443,0.999999000001,f0,f0,True,keep,G1,covertype,frontera
torch_G1_covertype,10,0.726,0.7205276956936827,0.7230186522149673,0.726,1,0.6735309362411499,0.8081936775613114,0.8657941970896493,0.9908772918052358,0.7979081970649045,0.4090909090909091,0.9985600235326345,0.9828867833407205,0.595817394128809,0.8657941970896493,0.998867800269751,0.999999000001,f0,f0,True,keep,G1,covertype,frontera
torch_G1_covertype,11,0.726,0.7205276956936827,0.7230186522149673,0.726,1,0.6735309362411499,0.8096632866106996,0.825500892542839,0.9918674248921844,0.8258903095245339,0.4418604651162791,0.989730662650898,0.9846874094241799,0.6517816190480679,0.825500892542839,0.9990474403601889,0.999999000001,f0,f0,True,keep,G1,covertype,frontera
torch_G1_covertype,12,0.726,0.7205276956936827,0.7230186522149673,0.726,1,0.6735309362411499,0.8334260795700026,0.8673656638781696,0.9911867470971627,0.8286347511319274,0.5121951219512195,0.9975713687333152,0.9831860013894452,0.6572705022628549,0.8673656638781696,0.9991874928048802,0.999999000001,f0,f0,True,keep,G1,covertype,frontera
torch_G1_covertype,13,0.726,0.7205276956936827,0.7230186522149673,0.726,1,0.6735309362411499,0.7913415913545159,0.8202982065648576,0.9800025671922494,0.8119494030677654,0.37777777777777777,0.9922373250500571,0.960706348439486,0.6238998061345308,0.8202982065648576,0.9992987859450128,0.999999000001,f0,f0,True,keep,G1,covertype,frontera
torch_G1_covertype,14,0.726,0.7205276956936827,0.7230186522149673,0.726,1,0.6735309362411499,0.8150016266189768,0.8530240839488586,0.9959677907233901,0.8127446132867662,0.4418604651162791,0.9974141649022223,0.9925468965314381,0.6254902265725323,0.8530240839488586,0.9993886849153422,0.999999000001,f0,f0,True,keep,G1,covertype,frontera
torch_G1_covertype,15,0.726,0.7205276956936827,0.7230186522149673,0.726,1,0.6735309362411499,0.8016063621326794,0.8395255093342975,0.9927268087513286,0.816334468259638,0.37777777777777777,0.9895298069436353,0.9859912772933043,0.632669936518276,0.8395255093342975,0.9994623402093529,0.999999000001,f0,f0,True,keep,G1,covertype,frontera
torch_G1_covertype,16,0.726,0.7205276956936827,0.7230186522149673,0.726,1,0.6735309362411499,0.8014323304828489,0.8648265138002893,0.989109517414934,0.8159350880026448,0.21568627450980393,0.9990372971324004,0.9786955937374909,0.6318711760042895,0.8648265138002893,0.999523441092377,0.999999000001,f24,f0,False,keep,G1,covertype,frontera
torch_G1_covertype,17,0.726,0.7205276956936827,0.7230186522149673,0.726,1,0.6735309362411499,0.8112824780425588,0.8558893401263337,0.9958155798338364,0.8139938156085438,0.4090909090909091,0.991121145528068,0.9920564735114497,0.6279886312160875,0.8558893401263337,0.999574686156223,0.999999000001,f0,f0,True,keep,G1,covertype,frontera
torch_G1_covertype,18,0.726,0.7205276956936827,0.7230186522149673,0.726,1,0.6735309362411499,0.8179651988441434,0.8519080527262961,0.9955969544617951,0.8240482488112135,0.4418604651162791,0.9979661384653553,0.9915758227652693,0.6480974976214272,0.8519080527262961,0.9996180861583209,0.999999000001,f0,f0,True,keep,G1,covertype,frontera
torch_G1_covertype,19,0.726,0.7205276956936827,0.7230186522149673,0.726,1,0.6735309362411499,0.8003176485630421,0.8466977547198343,0.993430101397416,0.8042804337702372,0.37777777777777777,0.9904516344457852,0.9872050386656053,0.6085618675394743,0.8466977547198343,0.999655164129227,0.999999000001,f0,f0,True,keep,G1,covertype,frontera
lr_G2_wine,0,1.0,1.0,1.0,1.0,2,0.4887373091481574,0.39156534655986314,0.0,0.9999983699742764,0.4552191802209802,0.03333333333333333,0.0,0.9999971968720509,0.31043956043956045,0.9489203445598079,0.9999995430765019,0.5999988000023999,flavanoids,color_intensity,False,soft_adjust,G2,wine,frontera
lr_G2_wine,1,0.9444444444444444,0.9453941120607787,0.9555555555555555,0.9444444444444444,2,0.8757956892165865,0.5629954822730684,0.05546593838602873,0.9129248030223722,0.8749983333388889,0.2916666666666667,0.05546593838602873,0.889020576115364,0.75,0.8247447615844777,0.9368290299293804,0.9999966666777778,nonflavanoid_phenols,malic_acid,False,soft_adjust,G2,wine,frontera
lr_G2_wine,2,1.0,1.0,1.0,1.0,2,0.4933955564041825,0.3879827472550088,0.0,0.9790745661614524,0.46071368571548565,0.03333333333333333,0.0,0.9653625710925071,0.3214285714285714,0.9333176221204731,0.9927865612303977,0.5999988000023999,flavanoids,color_intensity,False,soft_adjust,G2,wine,frontera
lr_G2_wine,3,1.0,1.0,1.0,1.0,2,0.4912471391232846,0.39050146854915024,0.0,0.9891494513380183,0.46071368571548565,0.03333333333333333,0.0,0.9819575853512492,0.3214285714285714,0.9490729632867139,0.9963413173247874,0.5999988000023999,flavanoids,color_intensity,False,soft_adjust,G2,wine,frontera
lr_G2_wine,4,0.9444444444444444,0.9453941120607787,0.9555555555555555,0.9444444444444444,2,0.8758579626241715,0.5162417124087204,0.05326848805397626,0.8785457889672978,0.7499990625023437,0.2916666666666667,0.05326848805397626,0.8402440484635423,0.75,0.8237541927674827,0.9168475294710535,0.7499981250046874,nonflavanoid_phenols,malic_acid,False,soft_adjust,G2,wine,frontera
lr_G2_wine,5,1.0,1.0,1.0,1.0,2,0.49331127147105536,0.3880634370272833,0.0,0.9793973252505506,0.46071368571548565,0.03333333333333333,0.0,0.9659445666154478,0.3214285714285714,0.9494916234896624,0.9928500838856532,0.5999988000023999,flavanoids,color_intensity,False,soft_adjust,G2,wine,frontera
lr_G2_wine,6,0.9444444444444444,0.9453941120607787,0.9555555555555555,0.9444444444444444,2,0.8756214758412967,0.5499520637515298,0.03271358784611908,0.8880539495841097,0.8749983333388889,0.2916666666666667,0.03271358784611908,0.8539063480911784,0.75,0.8246215926197185,0.9222015510770409,0.9999966666777778,nonflavanoid_phenols,malic_acid,False,soft_adjust,G2,wine,frontera
lr_G2_wine,7,1.0,1.0,1.0,1.0,2,0.493226913688333,0.3865191107462056,0.0,0.9732200201262396,0.46071368571548565,0.03333333333333333,0.0,0.9559051655524071,0.3214285714285714,0.9493750516281151,0.9905348747000722,0.5999988000023999,flavanoids,color_intensity,False,soft_adjust,G2,wine,frontera
lr_G2_wine,8,0.9444444444444444,0.9453941120607787,0.9555555555555555,0.9444444444444444,2,0.8744078359373502,0.49099686611873095,0.03174014339940927,0.8934000123941928,0.6749994000012,0.2916666666666667,0.03174014339940927,0.8614500019468018,0.75,0.8247096307921231,0.9253500228415839,0.5999988000023999,nonflavanoid_phenols,malic_acid,False,soft_adjust,G2,wine,frontera
lr_G2_wine,9,1.0,1.0,1.0,1.0,2,0.4931424831260208,0.3854830794492941,0.0,0.9690758949385937,0.46071368571548565,0.03333333333333333,0.0,0.9492279355222456,0.3214285714285714,0.949359966267964,0.9889238543549418,0.5999988000023999,flavanoids,color_intensity,False,soft_adjust,G2,wine,frontera
lr_G2_wine,10,0.9444444444444444,0.9453941120607787,0.9555555555555555,0.9444444444444444,2,0.8740247301410241,0.5137102828972716,0.02922725237693079,0.897269553733957,0.7499990625023437,0.2916666666666667,0.02922725237693079,0.866962931560156,0.75,0.8258149252745034,0.9275761759077581,0.7499981250046874,nonflavanoid_phenols,malic_acid,False,soft_adjust,G2,wine,frontera
lr_G2_wine,11,1.0,1.0,1.0,1.0,2,0.4930579798559243,0.3847064537215342,0.0,0.965969392027554,0.46071368571548565,0.03333333333333333,0.0,0.9441812472279687,0.3214285714285714,0.9493448774929998,0.9877575368271393,0.5999988000023999,flavanoids,color_intensity,False,soft_adjust,G2,wine,frontera
lr_G2_wine,12,0.9444444444444444,0.9453941120607787,0.9555555555555555,0.9444444444444444,2,0.874182828833427,0.5142296292308928,0.029697568843334195,0.8987825593087577,0.7499990625023437,0.2916666666666667,0.029697568843334195,0.8692845574628341,0.75,0.8239184204058314,0.9282805611546814,0.7499981250046874,nonflavanoid_phenols,malic_acid,False,soft_adjust,G2,wine,frontera
lr_G2_wine,13,1.0,1.0,1.0,1.0,2,0.4929734039515726,0.38415682593106815,0.0,0.96377088086569,0.46071368571548565,0.03333333333333333,0.0,0.9406718188956422,0.3214285714285714,0.9493297853174614,0.9868699428357376,0.5999988000023999,flavanoids,color_intensity,False,soft_adjust,G2,wine,frontera
lr_G2_wine,14,0.9444444444444444,0.9453941120607787,0.9555555555555555,0.9444444444444444,2,0.8738087265007937,0.5511917232699827,0.025795037223118038,0.9013148484055221,0.8749983333388889,0.2916666666666667,0.025795037223118038,0.8729195983858605,0.75,0.8254074586518093,0.9297100984251837,0.9999966666777778,nonflavanoid_phenols,malic_acid,False,soft_adjust,G2,wine,frontera
lr_G2_wine,15,1.0,1.0,1.0,1.0,2,0.49288875548814115,0.38374808392705906,0.0,0.9621359128496534,0.46071368571548565,0.03333333333333333,0.0,0.9380923465347616,0.3214285714285714,0.9321785241838869,0.9861794791645451,0.5999988000023999,flavanoids,color_intensity,False,soft_adjust,G2,wine,frontera
lr_G2_wine,16,1.0,1.0,1.0,1.0,2,0.49072949251662523,0.38502203274955565,0.0,0.9672317081396399,0.46071368571548565,0.03333333333333333,0.0,0.9463072652032024,0.3214285714285714,0.9488775543405856,0.9881561510760773,0.5999988000023999,flavanoids,color_intensity,False,soft_adjust,G2,wine,frontera
lr_G2_wine,17,0.9444444444444444,0.9453941120607787,0.9555555555555555,0.9444444444444444,2,0.8741292746159828,0.5507572110020682,0.029855708137706778,0.8930556425880065,0.8763719597125152,0.2916666666666667,0.029855708137706778,0.8611849610373681,0.7527472527472527,0.8240365821343495,0.9249263241386451,0.9999966666777778,nonflavanoid_phenols,malic_acid,False,soft_adjust,G2,wine,frontera
lr_G2_wine,18,1.0,1.0,1.0,1.0,2,0.4928040345423785,0.38452889935045276,0.0,0.9652591745432283,0.46071368571548565,0.03333333333333333,0.0,0.9430799715239634,0.3214285714285714,0.9325533978303755,0.9874383775624932,0.5999988000023999,flavanoids,color_intensity,False,soft_adjust,G2,wine,frontera
lr_G2_wine,19,1.0,1.0,1.0,1.0,2,0.490642971810568,0.38105813756688867,0.0,0.9695079955408399,0.44560379560559554,0.03333333333333333,0.0,0.950044305933973,0.2912087912087912,0.9488623594712071,0.9889716851477068,0.5999988000023999,flavanoids,color_intensity,False,soft_adjust,G2,wine,frontera
svm_G2_wine,0,1.0,1.0,1.0,1.0,2,0.5290908460575648,0.4246424707569048,0.0,0.9999991211217463,0.5654756349215608,0.03333333333333333,0.0,0.9999983930764145,0.4642857142857143,0.9571899667624012,0.999999849167078,0.6666655555574075,flavanoids,color_intensity,False,soft_adjust,G2,wine,frontera
svm_G2_wine,1,0.9722222222222222,0.9725248123940935,0.9753086419753088,0.9722222222222222,2,0.9293991662564052,0.5144130714072072,0.14031270722613473,0.8821621523412488,0.6538457371801817,0.2916666666666667,0.14031270722613473,0.8098173821531195,0.8076923076923077,0.8783274499724677,0.9545069225293781,0.4999991666680556,malic_acid,alcohol,False,soft_adjust,G2,wine,frontera
svm_G2_wine,2,0.9722222222222222,0.9725248123940935,0.9753086419753088,0.9722222222222222,2,0.9351723715898184,0.519366860157542,0.09455004875238943,0.9453511133633156,0.6565929899274344,0.3191489361702128,0.09455004875238943,0.9184767351705556,0.8131868131868132,0.86681697055035,0.9722254915560755,0.4999991666680556,malic_acid,alcohol,False,soft_adjust,G2,wine,frontera
svm_G2_wine,3,1.0,1.0,1.0,1.0,2,0.5252244596504247,0.397703022611128,0.0,0.9054281417254522,0.5544866239325499,0.03333333333333333,0.0,0.826030404936378,0.4423076923076923,0.9577999716483894,0.9848258785145263,0.6666655555574075,flavanoids,color_intensity,False,soft_adjust,G2,wine,frontera
svm_G2_wine,4,0.9722222222222222,0.9725248123940935,0.9753086419753088,0.9722222222222222,2,0.9294122534565268,0.5289880254700194,0.14606804497374595,0.9253138050536065,0.6607138690483135,0.2916666666666667,0.14606804497374595,0.8831594437309914,0.8214285714285714,0.8786701518638759,0.9674681663762216,0.4999991666680556,malic_acid,alcohol,False,soft_adjust,G2,wine,frontera
svm_G2_wine,5,1.0,1.0,1.0,1.0,2,0.5252540530521246,0.40054945928998265,0.0,0.9052754269024093,0.5641020085479345,0.03333333333333333,0.0,0.8255731534557782,0.46153846153846156,0.9581254533823463,0.9849777003490402,0.6666655555574075,flavanoids,color_intensity,False,soft_adjust,G2,wine,frontera
svm_G2_wine,6,0.9722222222222222,0.9725248123940935,0.9753086419753088,0.9722222222222222,2,0.9290885957801318,0.5257695639852819,0.1430272254688538,0.9111438875754718,0.6648347481691926,0.2916666666666667,0.1430272254688538,0.8583224346869442,0.8296703296703296,0.878887712799664,0.9639653404639994,0.4999991666680556,malic_acid,alcohol,False,soft_adjust,G2,wine,frontera
svm_G2_wine,7,1.0,1.0,1.0,1.0,2,0.5252772760327017,0.40077455481742663,0.0,0.9061758090121853,0.5641020085479345,0.03333333333333333,0.0,0.8272922008682881,0.46153846153846156,0.9578065658532308,0.9850594171560825,0.6666655555574075,flavanoids,color_intensity,False,soft_adjust,G2,wine,frontera
svm_G2_wine,8,0.9722222222222222,0.9725248123940935,0.9753086419753088,0.9722222222222222,2,0.9290361459959442,0.523959836219199,0.13871749843875453,0.9041315940022043,0.6689556272900717,0.2916666666666667,0.13871749843875453,0.8467357973806389,0.8379120879120879,0.8780505289982486,0.9615273906237699,0.4999991666680556,malic_acid,alcohol,False,soft_adjust,G2,wine,frontera
svm_G2_wine,9,1.0,1.0,1.0,1.0,2,0.5253004987249957,0.40056115025508343,0.0,0.9053221907628124,0.5641020085479345,0.03333333333333333,0.0,0.8255465283792331,0.46153846153846156,0.9577916669595163,0.9850978531463916,0.6666655555574075,flavanoids,color_intensity,False,soft_adjust,G2,wine,frontera
svm_G2_wine,10,0.9722222222222222,0.9725248123940935,0.9753086419753088,0.9722222222222222,2,0.9293028002956426,0.5229386212888065,0.14217612910043986,0.9008414324316671,0.6648347481691926,0.2916666666666667,0.14217612910043986,0.8417739328917018,0.8296703296703296,0.8774860363889325,0.9599089319716326,0.4999991666680556,malic_acid,alcohol,False,soft_adjust,G2,wine,frontera
svm_G2_wine,11,1.0,1.0,1.0,1.0,2,0.5253237212633117,0.400864946629723,0.0,0.9065373762613707,0.5641020085479345,0.03333333333333333,0.0,0.8279514176256871,0.46153846153846156,0.9577767618081734,0.9851233348970542,0.6666655555574075,flavanoids,color_intensity,False,soft_adjust,G2,wine,frontera
svm_G2_wine,12,0.9722222222222222,0.9725248123940935,0.9753086419753088,0.9722222222222222,2,0.928615595998749,0.5043763480700377,0.13883140891623558,0.8995345752062089,0.6469776053120497,0.2916666666666667,0.13883140891623558,0.8388125550214967,0.7939560439560439,0.8807012633002389,0.9602565953909211,0.4999991666680556,malic_acid,alcohol,False,soft_adjust,G2,wine,frontera
svm_G2_wine,13,1.0,1.0,1.0,1.0,2,0.5253469437630498,0.40059920864216075,0.0,0.9054744243111217,0.5641020085479345,0.03333333333333333,0.0,0.8257800156468122,0.46153846153846156,0.9577618504088141,0.9851688329754312,0.6666655555574075,flavanoids,color_intensity,False,soft_adjust,G2,wine,frontera
svm_G2_wine,14,0.9722222222222222,0.9725248123940935,0.9753086419753088,0.9722222222222222,2,0.928919269411843,0.5234599690769987,0.1475016309787863,0.8965362213304199,0.6648347481691926,0.2916666666666667,0.1475016309787863,0.8343171769067201,0.8296703296703296,0.8788718612506052,0.9587552657541196,0.4999991666680556,malic_acid,alcohol,False,soft_adjust,G2,wine,frontera
svm_G2_wine,15,0.9722222222222222,0.9725248123940935,0.9753086419753088,0.9722222222222222,2,0.9362525659675767,0.5133244318251439,0.09667827387369225,0.9004956617562915,0.6717028800373245,0.3191489361702128,0.09667827387369225,0.8454840334638499,0.8434065934065934,0.8647007389644881,0.955507290048733,0.4999991666680556,malic_acid,alcohol,False,soft_adjust,G2,wine,frontera
svm_G2_wine,16,1.0,1.0,1.0,1.0,2,0.5253701663523855,0.39748257893016375,0.0,0.8930079054631337,0.5641020085479345,0.03333333333333333,0.0,0.803271503408359,0.46153846153846156,0.9574045736764957,0.9827443075179083,0.6666655555574075,flavanoids,color_intensity,False,soft_adjust,G2,wine,frontera
svm_G2_wine,17,0.9722222222222222,0.9725248123940935,0.9753086419753088,0.9722222222222222,2,0.9289869864642594,0.5239453669789224,0.1410392827858392,0.9062326307696511,0.6648347481691926,0.2916666666666667,0.1410392827858392,0.8508769432397305,0.8296703296703296,0.8785512200131267,0.9615883182995717,0.4999991666680556,malic_acid,alcohol,False,soft_adjust,G2,wine,frontera
svm_G2_wine,18,0.9722222222222222,0.9725248123940935,0.9753086419753088,0.9722222222222222,2,0.9340431091466332,0.5120815189590119,0.09711876193663298,0.9114789410997512,0.6579666163010608,0.3191489361702128,0.09711876193663298,0.8615209400077738,0.8159340659340659,0.871904242848097,0.9614369421917288,0.4999991666680556,malic_acid,alcohol,False,soft_adjust,G2,wine,frontera
svm_G2_wine,19,1.0,1.0,1.0,1.0,2,0.5253933891975128,0.3913361953650787,0.0,0.8816091843896066,0.5531129975589235,0.03333333333333333,0.0,0.7823090754831732,0.43956043956043955,0.957389509747106,0.98090929329604,0.6666655555574075,flavanoids,color_intensity,False,soft_adjust,G2,wine,frontera
xgb_G2_wine,0,0.9722222222222222,0.9717752234993614,0.974074074074074,0.9722222222222222,1,0.643254280090332,0.8269284116924844,0.8926335464430029,0.9999998868736424,0.7743636924949671,0.5121951219512195,0.9323429481839084,0.9999999231277541,0.548728813559322,0.8926335464430029,0.9999998506195307,0.9999985714306122,flavanoids,color_intensity,False,keep,G2,wine,frontera
xgb_G2_wine,1,0.9722222222222222,0.9717752234993614,0.974074074074074,0.9722222222222222,1,0.643254280090332,0.8302582842792552,0.903733276756367,0.9999997008446881,0.7743636924949671,0.5121951219512195,0.9411957263347588,0.9999995510698457,0.548728813559322,0.903733276756367,0.9999998506195307,0.9999985714306122,flavanoids,color_intensity,False,keep,G2,wine,frontera
xgb_G2_wine,2,0.9722222222222222,0.9717752234993614,0.974074074074074,0.9722222222222222,1,0.643254280090332,0.8302750012585579,0.903789613089625,0.9999989651619896,0.7743636924949671,0.5121951219512195,0.9516407058190071,0.9999980797044487,0.548728813559322,0.903789613089625,0.9999998506195307,0.9999985714306122,flavanoids,color_intensity,False,keep,G2,wine,frontera
xgb_G2_wine,3,0.9722222222222222,0.9717752234993614,0.974074074074074,0.9722222222222222,1,0.643254280090332,0.8267816264079328,0.8921443639248757,0.9999997647571883,0.7743636924949671,0.5121951219512195,0.9306644721993954,0.9999996788948461,0.548728813559322,0.8921443639248757,0.9999998506195307,0.9999985714306122,flavanoids,color_intensity,False,keep,G2,wine,frontera
xgb_G2_wine,4,0.9722222222222222,0.9717752234993614,0.974074074074074,0.9722222222222222,1,0.643254280090332,0.8302797966051484,0.903806736633019,0.9999975982962789,0.7743636924949671,0.5121951219512195,0.9416021542242198,0.9999953459730271,0.548728813559322,0.903806736633019,0.9999998506195307,0.9999985714306122,flavanoids,color_intensity,False,keep,G2,wine,frontera
xgb_G2_wine,5,0.9722222222222222,0.9717752234993614,0.974074074074074,0.9722222222222222,1,0.643254280090332,0.8266090957130182,0.8915693538215271,0.9999996541015483,0.7743636924949671,0.5121951219512195,0.9302609037288826,0.9999994575835661,0.548728813559322,0.8915693538215271,0.9999998506195307,0.9999985714306122,flavanoids,color_intensity,False,keep,G2,wine,frontera
xgb_G2_wine,6,0.9722222222222222,0.9717752234993614,0.974074074074074,0.9722222222222222,1,0.643254280090332,0.8090035483327156,0.9039085069050454,0.9988107178926555,0.771538833737905,0.37777777777777777,0.9480256472268024,0.9976648354520733,0.5430790960451978,0.9039085069050454,0.9999566003332379,0.9999985714306122,flavanoids,color_intensity,False,keep,G2,wine,frontera
xgb_G2_wine,7,0.9722222222222222,0.9717752234993614,0.974074074074074,0.9722222222222222,1,0.643254280090332,0.8052495730816029,0.8911883378938626,0.9990590197016239,0.771538833737905,0.37777777777777777,0.941189106926036,0.9981512956682944,0.5430790960451978,0.8911883378938626,0.9999667437349534,0.9999985714306122,flavanoids,color_intensity,False,keep,G2,wine,frontera
xgb_G2_wine,8,0.9722222222222222,0.9717752234993614,0.974074074074074,0.9722222222222222,1,0.643254280090332,0.8089289277879719,0.9032763250031537,0.9992708539959505,0.771538833737905,0.37777777777777777,0.9485020718140531,0.9985680117811313,0.5430790960451978,0.9032763250031537,0.9999736962107696,0.9999985714306122,flavanoids,color_intensity,False,keep,G2,wine,frontera
xgb_G2_wine,9,0.9722222222222222,0.9717752234993614,0.974074074074074,0.9722222222222222,1,0.643254280090332,0.805344595740662,0.8912107033894748,0.9994122717431257,0.771538833737905,0.37777777777777777,0.9414089627002711,0.9988458752383021,0.5430790960451978,0.8912107033894748,0.9999786682479493,0.9999985714306122,flavanoids,color_intensity,False,keep,G2,wine,frontera
xgb_G2_wine,10,0.9722222222222222,0.9717752234993614,0.974074074074074,0.9722222222222222,1,0.643254280090332,0.8090452809414528,0.9034677915660959,0.9995065067343436,0.771538833737905,0.37777777777777777,0.948235802520233,0.9990306670948169,0.5430790960451978,0.9034677915660959,0.9999823463738703,0.9999985714306122,flavanoids,color_intensity,False,keep,G2,wine,frontera
xgb_G2_wine,11,0.9722222222222222,0.9717752234993614,0.974074074074074,0.9722222222222222,1,0.643254280090332,0.805395897752766,0.891233072976878,0.9995906362866576,0.771538833737905,0.37777777777777777,0.9408021136549943,0.9991961290740353,0.5430790960451978,0.891233072976878,0.9999851434992799,0.9999985714306122,flavanoids,color_intensity,False,keep,G2,wine,frontera
xgb_G2_wine,12,0.9722222222222222,0.9717752234993614,0.974074074074074,0.9722222222222222,1,0.643254280090332,0.8092433116253357,0.9039924956881219,0.9996689845234443,0.771538833737905,0.37777777777777777,0.9477803331998944,0.9993506489829563,0.5430790960451978,0.9039924956881219,0.9999873200639323,0.9999985714306122,flavanoids,color_intensity,False,keep,G2,wine,frontera
xgb_G2_wine,13,0.9722222222222222,0.9717752234993614,0.974074074074074,0.9722222222222222,1,0.643254280090332,0.8054400519091662,0.8912554466433251,0.9997404045125226,0.771538833737905,0.37777777777777777,0.9412778957835654,0.9994917620977508,0.5430790960451978,0.8912554466433251,0.9999890469272943,0.9999985714306122,flavanoids,color_intensity,False,keep,G2,wine,frontera
xgb_G2_wine,14,0.9722222222222222,0.9717752234993614,0.974074074074074,0.9722222222222222,1,0.643254280090332,0.8091782988032725,0.9037221663431158,0.9997333284491989,0.771538833737905,0.37777777777777777,0.9480217312623876,0.9994762169472684,0.5430790960451978,0.9037221663431158,0.9999904399511295,0.9999985714306122,flavanoids,color_intensity,False,keep,G2,wine,frontera
xgb_G2_wine,15,0.9722222222222222,0.9717752234993614,0.974074074074074,0.9722222222222222,1,0.643254280090332,0.809432257453266,0.9045257358682777,0.9997848796189777,0.771538833737905,0.37777777777777777,0.9580450515302487,0.9995781792856469,0.5430790960451978,0.9045257358682777,0.9999915799523086,0.9999985714306122,flavanoids,color_intensity,False,keep,G2,wine,frontera
xgb_G2_wine,16,0.9722222222222222,0.9717752234993614,0.974074074074074,0.9722222222222222,1,0.643254280090332,0.8056427190219682,0.8918768423548781,0.9998053981098662,0.771538833737905,0.37777777777777777,0.9424411943636655,0.9996182715256576,0.5430790960451978,0.8918768423548781,0.9999925246940747,0.9999985714306122,flavanoids,color_intensity,False,keep,G2,wine,frontera
xgb_G2_wine,17,0.9722222222222222,0.9717752234993614,0.974074074074074,0.9722222222222222,1,0.643254280090332,0.8091301001669209,0.9034826225397976,0.9998279864677737,0.771538833737905,0.37777777777777777,0.9484516344905913,0.9996626565857664,0.5430790960451978,0.9034826225397976,0.9999933163497812,0.9999985714306122,flavanoids,color_intensity,False,keep,G2,wine,frontera
xgb_G2_wine,18,0.9722222222222222,0.9717752234993614,0.974074074074074,0.9722222222222222,1,0.643254280090332,0.8093719481361754,0.9042788451322242,0.9998399112338796,0.771538833737905,0.37777777777777777,0.9577346583718879,0.9996858361753796,0.5430790960451978,0.9042788451322242,0.9999939862923795,0.9999985714306122,flavanoids,color_intensity,False,keep,G2,wine,frontera
xgb_G2_wine,19,0.9722222222222222,0.9717752234993614,0.974074074074074,0.9722222222222222,1,0.643254280090332,0.8056608204129718,0.8918993065286598,0.9998508466653434,0.771538833737905,0.37777777777777777,0.94185927423636,0.9997071350794904,0.5430790960451978,0.8918993065286598,0.9999945582511964,0.9999985714306122,flavanoids,color_intensity,False,keep,G2,wine,frontera
lr_G2_digits,0,0.9416666666666667,0.9418725031370346,0.9431478305480616,0.9416666666666667,9,0.20787568612338078,0.6080868032136206,0.716374920648999,0.9999980818042673,0.4772493552261805,0.0,0.716374920648999,0.9999990817245293,0.45449933545157983,0.9197749332989895,0.9999970818840052,0.49999937500078123,pixel_42,pixel_19,False,soft_adjust,G2,digits,frontera
lr_G2_digits,1,0.9416666666666667,0.9418725031370346,0.9431478305480616,0.9416666666666667,9,0.20970972220910153,0.6151861619510999,0.7393062995287797,0.9999457544028423,0.4780261116391847,0.0,0.7393062995287797,0.9998990445401061,0.45605284827758813,0.920858908878901,0.9999924642655785,0.49999937500078123,pixel_42,pixel_19,False,soft_adjust,G2,digits,frontera
lr_G2_digits,2,0.9416666666666667,0.9418725031370346,0.9431478305480616,0.9416666666666667,9,0.20970972220910153,0.6045820877386954,0.7039322425750889,0.9998954718802662,0.47809515665367397,0.0,0.7039322425750889,0.9997958685427232,0.45619093830656665,0.920858908878901,0.9999950752178092,0.49999937500078123,pixel_42,pixel_19,False,soft_adjust,G2,digits,frontera
lr_G2_digits,3,0.9416666666666667,0.9418725031370346,0.9431478305480616,0.9416666666666667,9,0.20970972220910153,0.6070118834665086,0.7121833340917,0.9999619070237469,0.47788802161020616,0.0,0.7121833340917,0.9999278285618417,0.4557766682196311,0.920858908878901,0.999995985485652,0.49999937500078123,pixel_42,pixel_19,False,soft_adjust,G2,digits,frontera
lr_G2_digits,4,0.9416666666666667,0.9418725031370346,0.9431478305480616,0.9416666666666667,9,0.20970972220910153,0.6140972758689881,0.7371356037949784,0.9998245072969032,0.4766682263542293,0.0,0.7371356037949784,0.999652608455663,0.45333707770767734,0.920858908878901,0.9999964061381436,0.49999937500078123,pixel_42,pixel_19,False,soft_adjust,G2,digits,frontera
lr_G2_digits,5,0.9416666666666667,0.9418725031370346,0.9431478305480616,0.9416666666666667,9,0.20970972220910153,0.6166225489726548,0.745085134564859,0.9998752296804927,0.4770940039435797,0.0,0.745085134564859,0.9997538248624023,0.4541886328863782,0.920858908878901,0.999996634498583,0.49999937500078123,pixel_42,pixel_19,False,soft_adjust,G2,digits,frontera
lr_G2_digits,6,0.9416666666666667,0.9418725031370346,0.9431478305480616,0.9416666666666667,9,0.20970972220910153,0.6113078789799287,0.7201382338925494,0.9936805343953741,0.4894875840444013,0.0,0.7201382338925494,0.9874177140419044,0.47897579308802135,0.9209222408130411,0.9999433547488438,0.49999937500078123,pixel_42,pixel_19,False,soft_adjust,G2,digits,frontera
lr_G2_digits,7,0.9416666666666667,0.9418725031370346,0.9431478305480616,0.9416666666666667,9,0.20970972220910153,0.6064573136447272,0.7107249718188309,0.9956685686613598,0.48107559977912684,0.0,0.7107249718188309,0.9913811350472989,0.46215182455747245,0.9209222408130411,0.9999560022754208,0.49999937500078123,pixel_42,pixel_19,False,soft_adjust,G2,digits,frontera
lr_G2_digits,8,0.9416666666666667,0.9418725031370346,0.9431478305480616,0.9416666666666667,9,0.20970972220910153,0.610024866545253,0.7211496629472594,0.9958687335818917,0.48237594755200786,0.0,0.7211496629472594,0.9917728038732669,0.4647525201032344,0.9209222408130411,0.9999646632905164,0.49999937500078123,pixel_42,pixel_19,False,soft_adjust,G2,digits,frontera
lr_G2_digits,9,0.9416666666666667,0.9418725031370346,0.9431478305480616,0.9416666666666667,9,0.20970972220910153,0.6177885826981642,0.7471530951281169,0.9968241998083349,0.4814553473588178,0.0,0.7471530951281169,0.9936775468222564,0.4629113197168543,0.9209222408130411,0.9999708527944134,0.49999937500078123,pixel_42,pixel_19,False,soft_adjust,G2,digits,frontera
lr_G2_digits,10,0.9416666666666667,0.9418725031370346,0.9431478305480616,0.9416666666666667,9,0.20970972220910153,0.6100574984167569,0.7213973504902967,0.9975386334016765,0.4808454497308293,0.0,0.7213973504902967,0.9951018378562118,0.4616915244608774,0.9209222408130411,0.9999754289471412,0.49999937500078123,pixel_42,pixel_19,False,soft_adjust,G2,digits,frontera
lr_G2_digits,11,0.9416666666666667,0.9418725031370346,0.9431478305480616,0.9416666666666667,9,0.20970972220910153,0.6059914609467749,0.7080549238208982,0.996995406464172,0.4810871072815417,0.0,0.7080549238208982,0.9940119055558461,0.4621748395623022,0.9209222408130411,0.9999789073724978,0.49999937500078123,pixel_42,pixel_19,False,soft_adjust,G2,digits,frontera
lr_G2_digits,12,0.9416666666666667,0.9418725031370346,0.9431478305480616,0.9416666666666667,9,0.20970972220910153,0.6125520455779854,0.7209138316534291,0.9979612365238084,0.4892919565033484,0.0,0.7209138316534291,0.9959408600177646,0.47858453800591555,0.9209222408130411,0.9999816130298523,0.49999937500078123,pixel_42,pixel_19,False,soft_adjust,G2,digits,frontera
lr_G2_digits,13,0.9416666666666667,0.9418725031370346,0.9431478305480616,0.9416666666666667,9,0.20970972220910153,0.6110776964020838,0.7245041422477386,0.998208882300704,0.48058077717528713,0.0,0.7245041422477386,0.9964340056403962,0.4611621793497931,0.9209222408130411,0.9999837589610119,0.49999937500078123,pixel_42,pixel_19,False,soft_adjust,G2,digits,frontera
lr_G2_digits,14,0.9416666666666667,0.9418725031370346,0.9431478305480616,0.9416666666666667,9,0.20970972220910153,0.6106774555167095,0.7217572723463699,0.9982608912960051,0.48195016996265744,0.0,0.7217572723463699,0.9965362930432734,0.46390096492453364,0.9209222408130411,0.9999854895487368,0.49999937500078123,pixel_42,pixel_19,False,soft_adjust,G2,digits,frontera
lr_G2_digits,15,0.9416666666666667,0.9418725031370346,0.9431478305480616,0.9416666666666667,9,0.20970972220910153,0.6087928335647866,0.7161414623851903,0.9987041857025362,0.48091449474531855,0.0,0.7161414623851903,0.9974214659507832,0.46182961448985593,0.9209222408130411,0.9999869054542891,0.49999937500078123,pixel_42,pixel_19,False,soft_adjust,G2,digits,frontera
lr_G2_digits,16,0.9416666666666667,0.9418725031370346,0.9431478305480616,0.9416666666666667,9,0.20970972220910153,0.6119462311091387,0.7268224728220211,0.9986524623876238,0.48078791221875494,0.0,0.7268224728220211,0.997316846181554,0.46157644943672865,0.9209222408130411,0.9999880785936937,0.49999937500078123,pixel_42,pixel_19,False,soft_adjust,G2,digits,frontera
lr_G2_digits,17,0.9416666666666667,0.9418725031370346,0.9431478305480616,0.9416666666666667,9,0.20970972220910153,0.6179915102457691,0.7388090309406814,0.9988386431748487,0.48879713389950874,0.0,0.7388090309406814,0.9976882248960427,0.4775948927982362,0.9209222408130411,0.9999890614536547,0.49999937500078123,pixel_42,pixel_19,False,soft_adjust,G2,digits,frontera
lr_G2_digits,18,0.9416666666666667,0.9418725031370346,0.9431478305480616,0.9416666666666667,9,0.20970972220910153,0.6078620905061916,0.7121275999238378,0.9991764432913757,0.48143233235398797,0.0,0.7121275999238378,0.9983629935163946,0.46286528970719476,0.9209222408130411,0.9999898930663567,0.49999937500078123,pixel_42,pixel_19,False,soft_adjust,G2,digits,frontera
lr_G2_digits,19,0.9416666666666667,0.9418725031370346,0.9431478305480616,0.9416666666666667,9,0.20970972220910153,0.606754137580591,0.7093026143340891,0.9991288625053167,0.48060379218011695,0.0,0.7093026143340891,0.9982671220650278,0.4612082093594526,0.9209222408130411,0.9999906029456056,0.49999937500078123,pixel_42,pixel_19,False,soft_adjust,G2,digits,frontera
svm_G2_digits,0,0.9638888888888889,0.9639222653990172,0.9640960348011764,0.9638888888888889,5,0.29205494315978886,0.551390875489189,0.422962560908559,0.9999990685630966,0.5076003928454162,0.14814814814814814,0.422962560908559,0.9999997661749426,0.5152014106900513,0.8576418833466065,0.9999983709512508,0.49999937500078123,pixel_21,pixel_10,False,soft_adjust,G2,digits,frontera
svm_G2_digits,1,0.9638888888888889,0.9639222653990172,0.9640960348011764,0.9638888888888889,5,0.29295265749755617,0.5389388305023654,0.4215514321284634,0.999041692122083,0.5078938341569956,0.06896551724137931,0.4215514321284634,0.9980931451778535,0.5157882933132101,0.8580800978772669,0.9999902390663127,0.49999937500078123,pixel_21,pixel_10,False,soft_adjust,G2,digits,frontera
svm_G2_digits,2,0.9638888888888889,0.9639222653990172,0.9640960348011764,0.9638888888888889,5,0.29295265749755617,0.5667931428716578,0.4635076389724186,0.9994005080720992,0.5188950064656171,0.14814814814814814,0.4635076389724186,0.9988062496437703,0.5377906379304531,0.8580800978772669,0.9999947665004282,0.49999937500078123,pixel_21,pixel_10,False,soft_adjust,G2,digits,frontera
svm_G2_digits,3,0.9638888888888889,0.9639222653990172,0.9640960348011764,0.9638888888888889,5,0.29295265749755617,0.5501815424830313,0.43268980656877987,0.999362490577281,0.49437251881951616,0.14814814814814814,0.43268980656877987,0.9987286320129414,0.48874566263825114,0.8580800978772669,0.9999963491416206,0.49999937500078123,pixel_21,pixel_10,False,soft_adjust,G2,digits,frontera
svm_G2_digits,4,0.9638888888888889,0.9639222653990172,0.9640960348011764,0.9638888888888889,5,0.29295265749755617,0.5466442677415072,0.4644253411030759,0.9986449395544672,0.49103534311920216,0.06896551724137931,0.4644253411030759,0.9972927978790054,0.48207131123762303,0.8580800978772669,0.9999970812299291,0.49999937500078123,pixel_21,pixel_10,False,soft_adjust,G2,digits,frontera
svm_G2_digits,5,0.9638888888888889,0.9639222653990172,0.9640960348011764,0.9638888888888889,5,0.29295265749755617,0.5385079284051573,0.45560769452773286,0.9990496644283549,0.47239458784513944,0.06896551724137931,0.45560769452773286,0.9981018500876697,0.5003452250724463,0.8580800978772669,0.9999974787690401,0.44444395061783265,pixel_21,pixel_10,False,soft_adjust,G2,digits,frontera
svm_G2_digits,6,0.9638888888888889,0.9639222653990172,0.9640960348011764,0.9638888888888889,5,0.29295265749755617,0.5793743794656573,0.5371212756175501,0.9832020048498373,0.4898859915157512,0.16981132075471697,0.5371212756175501,0.9664935277880106,0.5353280324136697,0.857969369815845,0.999910481911664,0.44444395061783265,pixel_6,pixel_10,False,soft_adjust,G2,digits,frontera
svm_G2_digits,7,0.9638888888888889,0.9639222653990172,0.9640960348011764,0.9638888888888889,5,0.29295265749755617,0.5777712193926058,0.5259367880590404,0.9872003869961112,0.49239462704219417,0.16981132075471697,0.5259367880590404,0.9744696121701208,0.5403453034665556,0.857969369815845,0.9999311618221016,0.44444395061783265,pixel_6,pixel_10,False,force_adjust,G2,digits,frontera
svm_G2_digits,8,0.9638888888888889,0.9639222653990172,0.9640960348011764,0.9638888888888889,5,0.29295265749755617,0.5685669554139431,0.5461947742609458,0.9885027499091859,0.48141646973840235,0.08771929824561403,0.5461947742609458,0.9770601809818067,0.518388988858972,0.857969369815845,0.9999453188365651,0.44444395061783265,pixel_6,pixel_10,False,force_adjust,G2,digits,frontera
svm_G2_digits,9,0.9638888888888889,0.9639222653990172,0.9640960348011764,0.9638888888888889,5,0.29295265749755617,0.5700588577246255,0.5146202803446163,0.9903406343989933,0.5164324009488337,0.08771929824561403,0.5146202803446163,0.98072583540082,0.5328654268968862,0.857969369815845,0.9999554333971666,0.49999937500078123,pixel_6,pixel_10,False,force_adjust,G2,digits,frontera
svm_G2_digits,10,0.9638888888888889,0.9639222653990172,0.9640960348011764,0.9638888888888889,5,0.29295265749755617,0.5714648467503708,0.5221654597680685,0.9930277634775804,0.5113345773790436,0.08771929824561403,0.5221654597680685,0.9860926170225426,0.522669779757306,0.857969369815845,0.999962909932618,0.49999937500078123,pixel_6,pixel_10,False,force_adjust,G2,digits,frontera
svm_G2_digits,11,0.9638888888888889,0.9639222653990172,0.9640960348011764,0.9638888888888889,5,0.29295265749755617,0.5800108494359604,0.5325874139679456,0.9925557885319325,0.5297926112525049,0.08771929824561403,0.5325874139679456,0.9851429850634593,0.5595858475042286,0.857969369815845,0.9999685920004058,0.49999937500078123,pixel_6,pixel_10,False,force_adjust,G2,digits,frontera
svm_G2_digits,12,0.9638888888888889,0.9639222653990172,0.9640960348011764,0.9638888888888889,5,0.29295265749755617,0.5761334436514484,0.5560192276298919,0.9931013109041311,0.4929815096653528,0.08771929824561403,0.5560192276298919,0.9862296107276413,0.541519068712873,0.857969369815845,0.9999730110806211,0.44444395061783265,pixel_6,pixel_10,False,force_adjust,G2,digits,frontera
svm_G2_digits,13,0.9638888888888889,0.9639222653990172,0.9640960348011764,0.9638888888888889,5,0.29295265749755617,0.5709390892749188,0.5356830653459873,0.9945316566779399,0.4948112025493181,0.08771929824561403,0.5356830653459873,0.9890867978304004,0.5451784544808036,0.857969369815845,0.9999765155254794,0.44444395061783265,pixel_6,pixel_10,False,force_adjust,G2,digits,frontera
svm_G2_digits,14,0.9638888888888889,0.9639222653990172,0.9640960348011764,0.9638888888888889,5,0.29295265749755617,0.5561475862688837,0.5033600262415687,0.9950463129635512,0.47740035139561054,0.08771929824561403,0.5033600262415687,0.9901132845551275,0.5103567521733885,0.857969369815845,0.9999793413719748,0.44444395061783265,pixel_6,pixel_10,False,force_adjust,G2,digits,frontera
svm_G2_digits,15,0.9638888888888889,0.9639222653990172,0.9640960348011764,0.9638888888888889,5,0.29295265749755617,0.5751220697367856,0.4867210568654556,0.9966539345025793,0.5149019031276552,0.16981132075471697,0.4867210568654556,0.9933262158531418,0.5298044312545291,0.857969369815845,0.9999816531520167,0.49999937500078123,pixel_6,pixel_10,False,force_adjust,G2,digits,frontera
svm_G2_digits,16,0.9638888888888889,0.9639222653990172,0.9640960348011764,0.9638888888888889,5,0.29295265749755617,0.5797306746027836,0.5212034969085477,0.9959816692234507,0.49634170037049663,0.16981132075471697,0.5212034969085477,0.9919797700519957,0.5482394501231607,0.857969369815845,0.9999835683949058,0.44444395061783265,pixel_6,pixel_10,False,force_adjust,G2,digits,frontera
svm_G2_digits,17,0.9638888888888889,0.9639222653990172,0.9640960348011764,0.9638888888888889,5,0.29295265749755617,0.5756174534934438,0.5313832151068661,0.9953593863681159,0.5140158254417098,0.08771929824561403,0.5313832151068661,0.9907335998705213,0.5280322758826382,0.857969369815845,0.9999851728657105,0.49999937500078123,pixel_6,pixel_10,False,force_adjust,G2,digits,frontera
svm_G2_digits,18,0.9638888888888889,0.9639222653990172,0.9640960348011764,0.9638888888888889,5,0.29295265749755617,0.5826696396073939,0.5368783787004326,0.9945893622797493,0.4916236243803974,0.16981132075471697,0.5368783787004326,0.989192194222898,0.5388032981429622,0.857969369815845,0.9999865303366006,0.44444395061783265,pixel_6,pixel_10,False,force_adjust,G2,digits,frontera
svm_G2_digits,19,0.9638888888888889,0.9639222653990172,0.9640960348011764,0.9638888888888889,5,0.29295265749755617,0.5777147008928262,0.5345364383577192,0.9977964946096587,0.5158225033208452,0.08771929824561403,0.5345364383577192,0.9956053001962855,0.5316456316409093,0.857969369815845,0.9999876890230319,0.49999937500078123,pixel_6,pixel_10,False,force_adjust,G2,digits,frontera
xgb_G2_digits,0,0.9083333333333333,0.9092812007346317,0.9134211460570801,0.9083333333333333,9,0.35202181339263916,0.6360235635694413,0.7190867578397049,0.9999993961004652,0.5509922906413787,0.03333333333333333,0.7190867578397049,0.9999997590007706,0.4769853625317806,0.8650923953203331,0.9999990332001597,0.6249992187509766,pixel_21,pixel_19,False,keep,G2,digits,frontera
xgb_G2_digits,1,0.9083333333333333,0.9092812007346317,0.9134211460570801,0.9083333333333333,9,0.35202181339263916,0.6159750301756536,0.7131070051928228,0.9997207670859126,0.49037578948776217,0.03333333333333333,0.7131070051928228,0.9994425009716655,0.48075207897502437,0.8641660595869203,0.9999990332001597,0.4999995000005,pixel_21,pixel_19,False,keep,G2,digits,frontera
xgb_G2_digits,2,0.9083333333333333,0.9092812007346317,0.9134211460570801,0.9083333333333333,9,0.35202181339263916,0.6967025238733059,0.7144257246189601,0.99989086266951,0.6538403027341346,0.03333333333333333,0.7144257246189601,0.9997826921388602,0.47434866102150997,0.8641660595869203,0.9999990332001597,0.8333319444467593,pixel_29,pixel_19,False,keep,G2,digits,frontera
xgb_G2_digits,3,0.9083333333333333,0.9092812007346317,0.9134211460570801,0.9083333333333333,9,0.35202181339263916,0.699617002237082,0.7232857054721841,0.999349845060356,0.6551460977677924,0.03333333333333333,0.7232857054721841,0.9987006569205521,0.4769602510888256,0.8641660595869203,0.9999990332001597,0.8333319444467593,pixel_29,pixel_19,False,keep,G2,digits,frontera
xgb_G2_digits,4,0.9083333333333333,0.9092812007346317,0.9134211460570801,0.9083333333333333,9,0.35202181339263916,0.6174227805740811,0.7084467762040654,0.9997737604048542,0.49981769203882653,0.03333333333333333,0.7084467762040654,0.9995484876095486,0.4996358840771531,0.8641660595869203,0.9999990332001597,0.4999995000005,pixel_21,pixel_19,False,keep,G2,digits,frontera
xgb_G2_digits,5,0.9083333333333333,0.9092812007346317,0.9134211460570801,0.9083333333333333,9,0.35202181339263916,0.6144994535699034,0.7091896847006501,0.9995136583945352,0.4895471118702486,0.03333333333333333,0.7091896847006501,0.9990282835889106,0.4790947237399971,0.8641660595869203,0.9999990332001597,0.4999995000005,pixel_21,pixel_19,False,keep,G2,digits,frontera
xgb_G2_digits,6,0.9083333333333333,0.9092812007346317,0.9134211460570801,0.9083333333333333,9,0.35202181339263916,0.7058475701660731,0.7506355271399502,0.9927199219919305,0.6540897717536849,0.03333333333333333,0.7506355271399502,0.9855255588354533,0.4748475990606106,0.8639584087603565,0.9999142851484076,0.8333319444467593,pixel_29,pixel_19,False,keep,G2,digits,frontera
xgb_G2_digits,7,0.9083333333333333,0.9092812007346317,0.9134211460570801,0.9083333333333333,9,0.35202181339263916,0.6389606603293534,0.7357439588390756,0.9927869656659032,0.5501357708705166,0.03333333333333333,0.7357439588390756,0.9856397600197914,0.47527232299005645,0.8639584087603565,0.9999341713120151,0.6249992187509766,pixel_29,pixel_19,False,keep,G2,digits,frontera
xgb_G2_digits,8,0.9083333333333333,0.9092812007346317,0.9134211460570801,0.9083333333333333,9,0.35202181339263916,0.6443775616594518,0.7323846472518947,0.9950634693700023,0.5696543338046094,0.03333333333333333,0.7323846472518947,0.9901791397791279,0.5143094488582421,0.8639584087603565,0.9999477989608768,0.6249992187509766,pixel_29,pixel_19,False,keep,G2,digits,frontera
xgb_G2_digits,9,0.9083333333333333,0.9092812007346317,0.9134211460570801,0.9083333333333333,9,0.35202181339263916,0.629266347141625,0.7522245234116033,0.9958615580288643,0.4987786687030932,0.03333333333333333,0.7522245234116033,0.9917655728707531,0.4975578374056863,0.8639584087603565,0.9999575431869755,0.4999995000005,pixel_29,pixel_19,False,keep,G2,digits,frontera
xgb_G2_digits,10,0.9083333333333333,0.9092812007346317,0.9134211460570801,0.9083333333333333,9,0.35202181339263916,0.62428010162636,0.7466953293517755,0.9956081221059748,0.48789824098111245,0.03333333333333333,0.7466953293517755,0.9912514935395931,0.4757969819617249,0.8639584087603565,0.9999647506723566,0.4999995000005,pixel_29,pixel_19,False,keep,G2,digits,frontera
xgb_G2_digits,11,0.9083333333333333,0.9092812007346317,0.9134211460570801,0.9083333333333333,9,0.35202181339263916,0.6299915289279063,0.7364877184537829,0.9972123037351759,0.515807124859925,0.03333333333333333,0.7364877184537829,0.9944543762653688,0.4760593114475591,0.8639584087603565,0.9999702312049831,0.5555549382722909,pixel_29,pixel_19,False,keep,G2,digits,frontera
xgb_G2_digits,12,0.9083333333333333,0.9092812007346317,0.9134211460570801,0.9083333333333333,9,0.35202181339263916,0.6395365469599673,0.7344381314194858,0.9967399515017,0.5500670655289885,0.03333333333333333,0.7344381314194858,0.9935054075420083,0.47513491230700045,0.8639584087603565,0.9999744954613917,0.6249992187509766,pixel_29,pixel_19,False,keep,G2,digits,frontera
xgb_G2_digits,13,0.9083333333333333,0.9092812007346317,0.9134211460570801,0.9083333333333333,9,0.35202181339263916,0.6460930053744411,0.754971910774046,0.9973134076316196,0.5509102674477413,0.03333333333333333,0.754971910774046,0.9946489368461218,0.47682131614450607,0.8639584087603565,0.9999778784171174,0.6249992187509766,pixel_29,pixel_19,False,keep,G2,digits,frontera
xgb_G2_digits,14,0.9083333333333333,0.9092812007346317,0.9134211460570801,0.9083333333333333,9,0.35202181339263916,0.6375344258757014,0.7522986188990971,0.9971906041264416,0.5251572972478729,0.03333333333333333,0.7522986188990971,0.9944006010588693,0.49475965622345475,0.8639584087603565,0.9999806071940139,0.5555549382722909,pixel_29,pixel_19,False,keep,G2,digits,frontera
xgb_G2_digits,15,0.9083333333333333,0.9092812007346317,0.9134211460570801,0.9083333333333333,9,0.35202181339263916,0.6473937849601294,0.7591539085095333,0.9984799904816247,0.5500920492895442,0.03333333333333333,0.7591539085095333,0.9969771407646667,0.47518487982811175,0.8639584087603565,0.9999828401985827,0.6249992187509766,pixel_29,pixel_19,False,keep,G2,digits,frontera
xgb_G2_digits,16,0.9083333333333333,0.9092812007346317,0.9134211460570801,0.9083333333333333,9,0.35202181339263916,0.6408968116841061,0.7521938635179,0.9979566797806209,0.5358316089452695,0.03333333333333333,0.7521938635179,0.9959286689214689,0.5161082796182481,0.8639584087603565,0.9999846906397728,0.5555549382722909,pixel_29,pixel_19,False,keep,G2,digits,frontera
xgb_G2_digits,17,0.9083333333333333,0.9092812007346317,0.9134211460570801,0.9083333333333333,9,0.35202181339263916,0.6582421683331049,0.7500859362170452,0.9988465248801919,0.5950158541598112,0.03333333333333333,0.7500859362170452,0.9977068085951515,0.4757470144406136,0.8639584087603565,0.9999862411652322,0.7142846938790087,pixel_29,pixel_19,False,keep,G2,digits,frontera
xgb_G2_digits,18,0.9083333333333333,0.9092812007346317,0.9134211460570801,0.9083333333333333,9,0.35202181339263916,0.6217087434520979,0.728628529955376,0.9976114530917412,0.49572440397516626,0.03333333333333333,0.728628529955376,0.9952353529311831,0.4914493079498326,0.8639584087603565,0.9999875532522992,0.4999995000005,pixel_29,pixel_19,False,keep,G2,digits,frontera
xgb_G2_digits,19,0.9083333333333333,0.9092812007346317,0.9134211460570801,0.9083333333333333,9,0.35202181339263916,0.7315615741566897,0.7377419229485697,0.9984343289451667,0.7479347167860904,0.03333333333333333,0.7377419229485697,0.9968799844933318,0.4958714335681807,0.8639584087603565,0.9999886733970015,0.999998000004,pixel_29,pixel_19,False,keep,G2,digits,frontera
lr_G2_covertype,0,0.674,0.6590461948983856,0.6507574917590274,0.674,1,0.7969353913919526,0.5146831011213643,0.0,0.999996578676366,0.7327428178038723,0.14814814814814814,0.0,0.999993465381313,0.4654873022716335,0.8783163951503508,0.9999996919714192,0.9999983333361111,f0,f13,False,adjust,G2,covertype,frontera
lr_G2_covertype,1,0.674,0.6594139325466474,0.6511684898760365,0.674,1,0.7960423469276003,0.5158745308858739,0.0,0.9999510084330383,0.7313364324033683,0.16981132075471697,0.0,0.9999607070257374,0.4626745314706256,0.8884098888167499,0.9999413098403392,0.9999983333361111,f0,f13,False,adjust,G2,covertype,frontera
lr_G2_covertype,2,0.674,0.6594139325466474,0.6511684898760365,0.674,1,0.7960232558714854,0.5142562308462124,0.0,0.999976760056363,0.7313364324033683,0.14814814814814814,0.0,0.9999792273103071,0.4626745314706256,0.8893347738536416,0.999974292802419,0.9999983333361111,f0,f13,False,adjust,G2,covertype,frontera
lr_G2_covertype,3,0.674,0.6594139325466474,0.6511684898760365,0.674,1,0.7960232558714854,0.5142583586802177,0.0,0.9999852713923847,0.7313364324033683,0.14814814814814814,0.0,0.9999850917878766,0.4626745314706256,0.8892079653662689,0.9999854509968927,0.9999983333361111,f0,f13,False,adjust,G2,covertype,frontera
lr_G2_covertype,4,0.674,0.6594139325466474,0.6511684898760365,0.674,1,0.7960232558714854,0.5142593635271191,0.0,0.9999892907799899,0.7313364324033683,0.14814814814814814,0.0,0.9999879842013507,0.4626745314706256,0.890106687651858,0.999990597358629,0.9999983333361111,f0,f13,False,adjust,G2,covertype,frontera
lr_G2_covertype,5,0.674,0.6594139325466474,0.6511684898760365,0.674,1,0.7960232558714854,0.5142599652433238,0.0,0.9999916976448089,0.7313364324033683,0.14814814814814814,0.0,0.9999900085228292,0.4626745314706256,0.8908537111324498,0.9999933867667887,0.9999983333361111,f0,f13,False,adjust,G2,covertype,frontera
lr_G2_covertype,6,0.674,0.6594139325466474,0.6511684898760365,0.674,1,0.7960232558714854,0.5128481630015964,0.0,0.9933656444391483,0.7321521359356606,0.14814814814814814,0.0,0.9870001902260228,0.4643059385352102,0.8950354830850642,0.9997310986522737,0.9999983333361111,f0,f13,False,adjust,G2,covertype,frontera
lr_G2_covertype,7,0.674,0.6594139325466474,0.6511684898760365,0.674,1,0.7960232558714854,0.5132124269135478,0.0,0.9948227000869543,0.7321521359356606,0.14814814814814814,0.0,0.9898509434252041,0.4643059385352102,0.8954359153847653,0.9997944567487046,0.9999983333361111,f0,f13,False,adjust,G2,covertype,frontera
lr_G2_covertype,8,0.674,0.6594139325466474,0.6511684898760365,0.674,1,0.7960232558714854,0.5134782326298661,0.0,0.9958859229522274,0.7321521359356606,0.14814814814814814,0.0,0.9919340635861559,0.4643059385352102,0.8920887656654709,0.999837782318299,0.9999983333361111,f0,f13,False,adjust,G2,covertype,frontera
lr_G2_covertype,9,0.674,0.6594139325466474,0.6511684898760365,0.674,1,0.7960232558714854,0.5136647865496458,0.0,0.9966321386313459,0.7321521359356606,0.14814814814814814,0.0,0.9933955679987123,0.4643059385352102,0.9001081401311375,0.9998687092639795,0.9999983333361111,f0,f13,False,adjust,G2,covertype,frontera
lr_G2_covertype,10,0.674,0.6594139325466474,0.6511684898760365,0.674,1,0.7960232558714854,0.5138050885969053,0.0,0.9971933468203842,0.7321521359356606,0.14814814814814814,0.0,0.9944951400380915,0.4643059385352102,0.9008721490013518,0.999891553602677,0.9999983333361111,f0,f13,False,adjust,G2,covertype,frontera
lr_G2_covertype,11,0.674,0.6594139325466474,0.6511684898760365,0.674,1,0.7960232558714854,0.5139110404629101,0.0,0.9976171542844032,0.7321521359356606,0.14814814814814814,0.0,0.9953254039280163,0.4643059385352102,0.9015565617141477,0.9999089046407902,0.9999983333361111,f0,f13,False,adjust,G2,covertype,frontera
lr_G2_covertype,12,0.674,0.6594139325466474,0.6511684898760365,0.674,1,0.7960232558714854,0.5139970361422841,0.0,0.9979611370018993,0.7321521359356606,0.14814814814814814,0.0,0.9959998818440958,0.4643059385352102,0.9022402315743921,0.9999223921597027,0.9999983333361111,f0,f13,False,adjust,G2,covertype,frontera
lr_G2_covertype,13,0.674,0.6594139325466474,0.6511684898760365,0.674,1,0.7960232558714854,0.5140631134755441,0.0,0.9982254463349394,0.7321521359356606,0.14814814814814814,0.0,0.9965178091731922,0.4643059385352102,0.8969375477093029,0.9999330834966865,0.9999983333361111,f0,f13,False,adjust,G2,covertype,frontera
lr_G2_covertype,14,0.674,0.6594139325466474,0.6511684898760365,0.674,1,0.7960232558714854,0.5141176111557997,0.0,0.9984434370559616,0.7321521359356606,0.14814814814814814,0.0,0.996945172763196,0.4643059385352102,0.9000681915088716,0.9999417013487271,0.9999983333361111,f0,f13,False,adjust,G2,covertype,frontera
lr_G2_covertype,15,0.674,0.6594139325466474,0.6511684898760365,0.674,1,0.7960232558714854,0.5141630929708124,0.0,0.9986253643160125,0.7321521359356606,0.14814814814814814,0.0,0.9973019794608702,0.4643059385352102,0.9008024646219653,0.9999487491711547,0.9999983333361111,f0,f13,False,adjust,G2,covertype,frontera
lr_G2_covertype,16,0.674,0.6594139325466474,0.6511684898760365,0.674,1,0.7960232558714854,0.5142003601444992,0.0,0.9987744330107595,0.7321521359356606,0.14814814814814814,0.0,0.9975942796185499,0.4643059385352102,0.8959776362580869,0.9999545864029693,0.9999983333361111,f0,f13,False,adjust,G2,covertype,frontera
lr_G2_covertype,17,0.674,0.6594139325466474,0.6511684898760365,0.674,1,0.7960232558714854,0.5142351163655555,0.0,0.9989134578949851,0.7321521359356606,0.14814814814814814,0.0,0.9978674405744312,0.4643059385352102,0.8949692565894709,0.999959475215539,0.9999983333361111,f0,f13,False,adjust,G2,covertype,frontera
lr_G2_covertype,18,0.674,0.6594139325466474,0.6511684898760365,0.674,1,0.7960232558714854,0.514261732752658,0.0,0.9990199234433946,0.7321521359356606,0.14814814814814814,0.0,0.9980762364170412,0.4643059385352102,0.89524582620755,0.999963610469748,0.9999983333361111,f0,f13,False,adjust,G2,covertype,frontera
lr_G2_covertype,19,0.674,0.6594139325466474,0.6511684898760365,0.674,1,0.7960232558714854,0.5142851150902558,0.0,0.9991134527937858,0.7321521359356606,0.14814814814814814,0.0,0.9982597661508535,0.4643059385352102,0.896813005103359,0.9999671394367181,0.9999983333361111,f0,f13,False,adjust,G2,covertype,frontera
svm_G2_covertype,0,0.673,0.6639443814258459,0.6571428784504335,0.673,1,0.8770118339828243,0.5256874862269612,0.0,0.9999980555907471,0.7300710188753592,0.37777777777777777,0.0,0.9999965783585127,0.46014303774971854,0.6418777978256281,0.9999995328229813,0.999999000001,f0,f0,True,keep,G2,covertype,frontera
svm_G2_covertype,1,0.673,0.6639443814258459,0.6571428784504335,0.673,1,0.8770118339828243,0.5256874522290736,0.0,0.9999979195991969,0.7300710188753592,0.37777777777777777,0.0,0.9999963063754126,0.46014303774971854,0.6451196880758375,0.9999995328229813,0.999999000001,f0,f0,True,keep,G2,covertype,frontera
svm_G2_covertype,2,0.673,0.6639443814258459,0.6571428784504335,0.673,1,0.8770118339828243,0.5256874821356452,0.0,0.9999980392254832,0.7300710188753592,0.37777777777777777,0.0,0.9999965456279853,0.46014303774971854,0.6468320753056451,0.9999995328229813,0.999999000001,f0,f0,True,keep,G2,covertype,frontera
svm_G2_covertype,3,0.673,0.6639443814258459,0.6571428784504335,0.673,1,0.8770118339828243,0.5256874708088064,0.0,0.999997993918128,0.7300710188753592,0.37777777777777777,0.0,0.9999964550132748,0.46014303774971854,0.6464299656766499,0.9999995328229813,0.999999000001,f0,f0,True,keep,G2,covertype,frontera
svm_G2_covertype,4,0.673,0.6639443814258459,0.6571428784504335,0.673,1,0.8770118339828243,0.525687470232784,0.0,0.9999979916140384,0.7300710188753592,0.37777777777777777,0.0,0.9999964504050954,0.46014303774971854,0.648076237713356,0.9999995328229813,0.999999000001,f0,f0,True,keep,G2,covertype,frontera
svm_G2_covertype,5,0.673,0.6639443814258459,0.6571428784504335,0.673,1,0.8770118339828243,0.5256874738131497,0.0,0.9999980059355011,0.7300710188753592,0.37777777777777777,0.0,0.9999964790480211,0.46014303774971854,0.6493670378256375,0.9999995328229813,0.999999000001,f0,f0,True,keep,G2,covertype,frontera
svm_G2_covertype,6,0.673,0.6639443814258459,0.6571428784504335,0.673,1,0.8770118339828243,0.5285814437605948,0.0,0.9987914665561555,0.7301554019993894,0.34782608695652173,0.0,0.9977156847686349,0.460311803997779,0.6588928961221225,0.9998672483436759,0.999999000001,f0,f0,True,keep,G2,covertype,frontera
svm_G2_covertype,7,0.673,0.6639443814258459,0.6571428784504335,0.673,1,0.8770118339828243,0.5286486691120452,0.0,0.9990603679619571,0.7301554019993894,0.34782608695652173,0.0,0.9982222719531172,0.460311803997779,0.6596560202328228,0.999898463970797,0.999999000001,f0,f0,True,keep,G2,covertype,frontera
svm_G2_covertype,8,0.673,0.6639443814258459,0.6571428784504335,0.673,1,0.8770118339828243,0.5286902182961839,0.0,0.9992265646985117,0.7301554019993894,0.34782608695652173,0.0,0.9985333229927623,0.460311803997779,0.6536614486191459,0.9999198064042609,0.999999000001,f0,f0,True,keep,G2,covertype,frontera
svm_G2_covertype,9,0.673,0.6639443814258459,0.6571428784504335,0.673,1,0.8770118339828243,0.5287189268084297,0.0,0.9993413987474951,0.7301554019993894,0.34782608695652173,0.0,0.998747758114432,0.460311803997779,0.6670820543510606,0.999935039380558,0.999999000001,f0,f0,True,keep,G2,covertype,frontera
svm_G2_covertype,10,0.673,0.6639443814258459,0.6571428784504335,0.673,1,0.8770118339828243,0.5287512435139425,0.0,0.9994706655695462,0.7301554019993894,0.34782608695652173,0.0,0.9989950408758859,0.460311803997779,0.669225520811956,0.9999462902632065,0.999999000001,f0,f0,True,keep,G2,covertype,frontera
svm_G2_covertype,11,0.673,0.6639443814258459,0.6571428784504335,0.673,1,0.8770118339828243,0.5287688752947574,0.0,0.9995411926928057,0.7301554019993894,0.34782608695652173,0.0,0.9991275503163963,0.460311803997779,0.6704459915736837,0.9999548350692151,0.999999000001,f0,f0,True,keep,G2,covertype,frontera
svm_G2_covertype,12,0.673,0.6639443814258459,0.6571428784504335,0.673,1,0.8770118339828243,0.5287819504101469,0.0,0.9995934931543637,0.7301554019993894,0.34782608695652173,0.0,0.9992255094722153,0.460311803997779,0.6716679068561549,0.999961476836512,0.999999000001,f0,f0,True,keep,G2,covertype,frontera
svm_G2_covertype,13,0.673,0.6639443814258459,0.6571428784504335,0.673,1,0.8770118339828243,0.5287996812470777,0.0,0.9996644165020869,0.7301554019993894,0.34782608695652173,0.0,0.999362091596645,0.460311803997779,0.6619886633911392,0.999966741407529,0.999999000001,f0,f0,True,keep,G2,covertype,frontera
svm_G2_covertype,14,0.673,0.6639443814258459,0.6571428784504335,0.673,1,0.8770118339828243,0.5288086907755514,0.0,0.9997004546159818,0.7301554019993894,0.34782608695652173,0.0,0.9994299244354866,0.460311803997779,0.6661377263757401,0.9999709847964768,0.999999000001,f0,f0,True,keep,G2,covertype,frontera
svm_G2_covertype,15,0.673,0.6639443814258459,0.6571428784504335,0.673,1,0.8770118339828243,0.5288144369373988,0.0,0.9997234392633716,0.7301554019993894,0.34782608695652173,0.0,0.9994724235320036,0.460311803997779,0.6674650489649336,0.9999744549947395,0.999999000001,f0,f0,True,keep,G2,covertype,frontera
svm_G2_covertype,16,0.673,0.6639443814258459,0.6571428784504335,0.673,1,0.8770118339828243,0.5288228547322824,0.0,0.9997571104429058,0.7301554019993894,0.34782608695652173,0.0,0.9995368918436167,0.460311803997779,0.6600585852172172,0.9999773290421949,0.999999000001,f0,f0,True,keep,G2,covertype,frontera
svm_G2_covertype,17,0.673,0.6639443814258459,0.6571428784504335,0.673,1,0.8770118339828243,0.5288282371572623,0.0,0.9997786401428257,0.7301554019993894,0.34782608695652173,0.0,0.9995775442231304,0.460311803997779,0.6591845180057558,0.999979736062521,0.999999000001,f0,f0,True,keep,G2,covertype,frontera
svm_G2_covertype,18,0.673,0.6639443814258459,0.6571428784504335,0.673,1,0.8770118339828243,0.5288351190251616,0.0,0.9998061676144223,0.7301554019993894,0.34782608695652173,0.0,0.9996305632057625,0.460311803997779,0.6597993964996902,0.9999817720230822,0.999999000001,f0,f0,True,keep,G2,covertype,frontera
svm_G2_covertype,19,0.673,0.6639443814258459,0.6571428784504335,0.673,1,0.8770118339828243,0.528837093230956,0.0,0.9998140644375999,0.7301554019993894,0.34782608695652173,0.0,0.9996446194246649,0.460311803997779,0.6620106905699147,0.9999835094505348,0.999999000001,f0,f0,True,keep,G2,covertype,frontera
xgb_G2_covertype,0,0.703,0.6840216853209369,0.6799438228091547,0.703,1,0.5238569974899292,0.5601843885130937,0.12831305856549569,0.9999996094770245,0.7167463396917406,0.37777777777777777,0.9025960020556079,0.999999494688111,0.4334936793824813,0.12831305856549569,0.9999997242659381,0.999999000001,f0,f0,True,soft_adjust,G2,covertype,frontera
xgb_G2_covertype,1,0.696,0.6743245797155156,0.6724643231666952,0.696,1,0.4939383268356323,0.5984506028246739,0.128969576828119,0.999794578247905,0.7169141436966628,0.631578947368421,0.9587610470386951,0.9996901036929347,0.43382928739232574,0.128969576828119,0.9998990528028754,0.999999000001,f0,f0,True,soft_adjust,G2,covertype,frontera
xgb_G2_covertype,2,0.694,0.6695052089698845,0.6674158269099645,0.694,1,0.4901208281517029,0.5746883810570496,0.1272809506540188,0.9999380036911258,0.7169700783649703,0.47619047619047616,0.9549897880137443,0.9999282666684366,0.4339411567289406,0.1272809506540188,0.999947740713815,0.999999000001,f0,f0,True,soft_adjust,G2,covertype,frontera
xgb_G2_covertype,3,0.694,0.6713576757818664,0.6755056525322399,0.694,1,0.4906471371650696,0.5745073173787603,0.1267628178645486,0.9999697515292707,0.7168582090283555,0.47619047619047616,0.9579842394963327,0.9999671016321183,0.43371741805571096,0.1267628178645486,0.9999724014264231,0.999999000001,f0,f0,True,soft_adjust,G2,covertype,frontera
xgb_G2_covertype,4,0.694,0.6723328575679612,0.6705276616921213,0.694,1,0.48985835909843445,0.5739257178996271,0.12481500350105514,0.9999807308489301,0.7168582090283555,0.47619047619047616,0.9576380529206222,0.9999787016984323,0.43371741805571096,0.12481500350105514,0.999982759999428,0.999999000001,f0,f0,True,soft_adjust,G2,covertype,frontera
xgb_G2_covertype,5,0.694,0.6723328575679612,0.6705276616921213,0.694,1,0.48903173208236694,0.5734021832499268,0.12306506613249153,0.9999865170924052,0.7168582090283555,0.47619047619047616,0.9573493871745494,0.9999847599363928,0.43371741805571096,0.12306506613249153,0.9999882742484174,0.999999000001,f0,f0,True,soft_adjust,G2,covertype,frontera
xgb_G2_covertype,6,0.694,0.6723328575679612,0.6705276616921213,0.694,1,0.48825013637542725,0.5554742840383589,0.11259300873890979,0.9998890081660505,0.7168582090283555,0.37777777777777777,0.9551541581824675,0.9998034776686399,0.43371741805571096,0.11259300873890979,0.9999745386634611,0.999999000001,f0,f0,True,soft_adjust,G2,covertype,frontera
xgb_G2_covertype,7,0.694,0.6723328575679612,0.6705276616921213,0.694,1,0.4856005609035492,0.5551560005826551,0.1114001967476694,0.9999130055287864,0.7169700783649703,0.37777777777777777,0.9563000673221516,0.9998452911714133,0.4339411567289406,0.1114001967476694,0.9999807198861593,0.999999000001,f0,f0,True,soft_adjust,G2,covertype,frontera
xgb_G2_covertype,8,0.697,0.6774114071088025,0.6740062155447648,0.697,1,0.47954824566841125,0.5546500150027195,0.11585377551515422,0.9991226856810143,0.7114884808708435,0.37777777777777777,0.9649151544240738,0.9983987211332759,0.4229779617406869,0.11585377551515422,0.9998466502287526,0.999999000001,f0,f0,True,soft_adjust,G2,covertype,frontera
xgb_G2_covertype,9,0.698,0.678476866105283,0.6750506413482847,0.698,1,0.4813319444656372,0.5530211719765885,0.10434958316766167,0.9998344274005291,0.7169700783649703,0.37777777777777777,0.9569775458423131,0.9997859482838661,0.4339411567289406,0.10434958316766167,0.999882906517192,0.999999000001,f0,f0,True,soft_adjust,G2,covertype,frontera
xgb_G2_covertype,10,0.698,0.678476866105283,0.6750506413482847,0.698,1,0.49041447043418884,0.5553040066708235,0.09975716191019705,0.9998500884924557,0.7185912648430375,0.34782608695652173,0.9511370638556762,0.9997717268725496,0.4371835296850751,0.09975716191019705,0.9999284501123619,0.999999000001,f0,f0,True,soft_adjust,G2,covertype,frontera
xgb_G2_covertype,11,0.698,0.678476866105283,0.6750506413482847,0.698,1,0.48963627219200134,0.5547996121509045,0.09805519166220568,0.9998748747103696,0.7185912648430375,0.34782608695652173,0.9508406429039788,0.9998092090849904,0.4371835296850751,0.09805519166220568,0.999940540335749,0.999999000001,f0,f0,True,soft_adjust,G2,covertype,frontera
xgb_G2_covertype,12,0.698,0.678476866105283,0.6750506413482847,0.698,1,0.48885613679885864,0.5542921997210318,0.09634821271820009,0.9998935997236856,0.7185912648430375,0.34782608695652173,0.9502062113718855,0.9998372438225808,0.4371835296850751,0.09634821271820009,0.9999499556247905,0.999999000001,f0,f0,True,soft_adjust,G2,covertype,frontera
xgb_G2_covertype,13,0.695,0.6755483003761604,0.6697726365662534,0.695,1,0.47506609559059143,0.5514967169434469,0.1052538906825883,0.9992293552430027,0.7114884808708435,0.37777777777777777,0.9640791054095087,0.9986360851195571,0.4229779617406869,0.1052538906825883,0.9998226253664483,0.999999000001,f0,f0,True,soft_adjust,G2,covertype,frontera
xgb_G2_covertype,14,0.696,0.6751508636174737,0.6728703250702193,0.696,1,0.4805971384048462,0.5602180557226673,0.09996077096187878,0.9993260814460594,0.713730781017156,0.4418604651162791,0.9629917543350258,0.9988452132787343,0.4274625620333121,0.09996077096187878,0.9998069496133845,0.999999000001,f0,f0,True,soft_adjust,G2,covertype,frontera
xgb_G2_covertype,15,0.696,0.6751508636174737,0.6728703250702193,0.696,1,0.4798145294189453,0.55969752051208,0.09815852327237379,0.9994066378311166,0.713730781017156,0.4418604651162791,0.9626277883690769,0.9989831277299293,0.4274625620333121,0.09815852327237379,0.9998301479323038,0.999999000001,f0,f0,True,soft_adjust,G2,covertype,frontera
xgb_G2_covertype,16,0.696,0.6751508636174737,0.6728703250702193,0.696,1,0.48304930329322815,0.5507432272662555,0.10315733025250094,0.9992737872458969,0.7110363823745478,0.37777777777777777,0.9630151902386818,0.9990747071753707,0.4220737647480957,0.10315733025250094,0.999472867316423,0.999999000001,f0,f0,True,soft_adjust,G2,covertype,frontera
xgb_G2_covertype,17,0.695,0.6741557363235424,0.6719008790997139,0.695,1,0.47277727723121643,0.5552052363437454,0.10461411049627602,0.9993993703783379,0.7086917474554726,0.4090909090909091,0.9632426889594695,0.9990253108779551,0.4173844949099452,0.10461411049627602,0.9997734298787206,0.999999000001,f0,f0,True,soft_adjust,G2,covertype,frontera
xgb_G2_covertype,18,0.696,0.6752036381900793,0.6729179575948913,0.696,1,0.47043853998184204,0.5510442542107501,0.10651619888887885,0.9994621793690186,0.7085239434505504,0.37777777777777777,0.963516201885912,0.999115413945161,0.41704888690010067,0.10651619888887885,0.9998089447928763,0.999999000001,f0,f0,True,soft_adjust,G2,covertype,frontera
xgb_G2_covertype,19,0.698,0.6770564203422501,0.6746834006036362,0.698,1,0.47538772225379944,0.5507586195397732,0.1030224389779118,0.9995606234845948,0.7109835510286143,0.37777777777777777,0.9621828500238003,0.999252115471264,0.4219681020562287,0.1030224389779118,0.9998691314979258,0.999999000001,f0,f0,True,soft_adjust,G2,covertype,frontera
knn_G3_wine,0,0.9444444444444444,0.9436036129748098,0.9493827160493827,0.9444444444444444,1,0.5,0.6355215105813438,0.707696497907742,0.9999996056674958,0.5335158835176834,0.08771929824561403,0.707696497907742,0.999999351776423,0.46703296703296704,0.9176199671900332,0.9999998595585685,0.5999988000023999,proanthocyanins,color_intensity,False,soft_adjust,G3,wine,frontera
knn_G3_wine,1,0.9444444444444444,0.9436036129748098,0.9493827160493827,0.9444444444444444,1,1.0,0.8499312055708012,0.7911458698957222,0.9483354967636449,0.7516785680372443,1.0,0.7911458698957222,0.9783183653914339,0.9478021978021978,0.8533342163394682,0.9183526281358559,0.5555549382722909,proanthocyanins,proanthocyanins,True,soft_adjust,G3,wine,frontera
knn_G3_wine,2,0.9444444444444444,0.9436036129748098,0.9493827160493827,0.9444444444444444,1,0.5,0.6197904619571653,0.6714322344545616,0.9657573624794336,0.5458785208803208,0.08771929824561403,0.6714322344545616,0.9522211858232662,0.49175824175824173,0.914381648007386,0.9792935391356008,0.5999988000023999,proanthocyanins,color_intensity,False,soft_adjust,G3,wine,frontera
knn_G3_wine,3,0.9444444444444444,0.9436036129748098,0.9493827160493827,0.9444444444444444,1,1.0,0.8206009970988289,0.6925419766039713,0.9476909831775053,0.7530521944108707,1.0,0.6925419766039713,0.9794197470449761,0.9505494505494505,0.8281887214722451,0.9159622193100346,0.5555549382722909,proanthocyanins,proanthocyanins,True,soft_adjust,G3,wine,frontera
knn_G3_wine,4,0.9444444444444444,0.9436036129748098,0.9493827160493827,0.9444444444444444,1,0.5,0.6497250318672902,0.7759200926139128,0.9501044286387177,0.5445048945066945,0.10714285714285714,0.7759200926139128,0.9313816581124373,0.489010989010989,0.9031535089205484,0.968827199164998,0.5999988000023999,proanthocyanins,color_intensity,False,soft_adjust,G3,wine,frontera
knn_G3_wine,5,0.9444444444444444,0.9436036129748098,0.9493827160493827,0.9444444444444444,1,1.0,0.8087338534142137,0.6593225392229439,0.9483274915380354,0.7461840625427388,1.0,0.6593225392229439,0.9790353991488927,0.9368131868131868,0.8223489605460276,0.9176195839271781,0.5555549382722909,proanthocyanins,proanthocyanins,True,soft_adjust,G3,wine,frontera
knn_G3_wine,6,0.9444444444444444,0.9436036129748098,0.9493827160493827,0.9444444444444444,1,0.5,0.6237004987597501,0.7058797387001987,0.9465382373885305,0.5307686307704307,0.10714285714285714,0.7058797387001987,0.9295148490979263,0.46153846153846156,0.9266106984391816,0.9635616256791348,0.5999988000023999,proanthocyanins,color_intensity,False,soft_adjust,G3,wine,frontera
knn_G3_wine,7,0.9444444444444444,0.9436036129748098,0.9493827160493827,0.9444444444444444,1,1.0,0.8174529467971967,0.7457541524339184,0.9456197953506644,0.7516785680372443,0.8787878787878788,0.7457541524339184,0.9734954654931351,0.9478021978021978,0.8229848091892594,0.9177441252081937,0.5555549382722909,proanthocyanins,proanthocyanins,True,soft_adjust,G3,wine,frontera
knn_G3_wine,8,0.9444444444444444,0.9436036129748098,0.9493827160493827,0.9444444444444444,1,0.5,0.614698198880651,0.784537307961929,0.9527741173252504,0.44505452838897286,0.05084745762711865,0.784537307961929,0.9451725947213808,0.3901098901098901,0.9282271275939369,0.9603756399291199,0.4999991666680556,proanthocyanins,color_intensity,False,soft_adjust,G3,wine,frontera
knn_G3_wine,9,0.9444444444444444,0.9436036129748098,0.9493827160493827,0.9444444444444444,2,0.5555555555555556,0.439742527742156,0.2628995359503682,0.7852593995955804,0.48488969322413766,0.12727272727272726,0.2628995359503682,0.6,0.4697802197802198,0.8929323947521715,0.9705187991911609,0.4999991666680556,proanthocyanins,color_intensity,False,soft_adjust,G3,wine,frontera
knn_G3_wine,10,0.9444444444444444,0.9436036129748098,0.9493827160493827,0.9444444444444444,1,0.5,0.5992588717306632,0.6823084598494039,0.9599634478346302,0.48076881410325856,0.06896551724137931,0.6823084598494039,0.9450953328000461,0.46153846153846156,0.8921052687235657,0.9748315628692141,0.4999991666680556,proanthocyanins,color_intensity,False,soft_adjust,G3,wine,frontera
knn_G3_wine,11,0.9444444444444444,0.9436036129748098,0.9493827160493827,0.9444444444444444,1,1.0,0.823986822685821,0.8065682420432588,0.9292658935892064,0.7262723161911999,0.8787878787878788,0.8123981887967663,0.9780029461296001,0.9525451323819,0.8065682420432588,0.8805288410488126,0.4999995000005,proanthocyanins,proanthocyanins,True,soft_adjust,G3,wine,frontera
knn_G3_wine,12,0.9722222222222222,0.9721867461331064,0.974074074074074,0.9722222222222222,2,0.5833333333333334,0.44190754623134815,0.0,0.7851097073962485,0.6744488827894384,0.12727272727272726,0.0,0.6,0.3489010989010989,0.9031840213746026,0.9702194147924972,0.9999966666777778,proanthocyanins,color_intensity,False,soft_adjust,G3,wine,frontera
knn_G3_wine,13,0.9444444444444444,0.9436036129748098,0.9493827160493827,0.9444444444444444,1,1.0,0.782577498961546,0.6566810325556535,0.9364489009349445,0.7321426071431071,0.8787878787878788,0.6566810325556535,0.9886941454398256,0.9642857142857142,0.8044014280150982,0.8842036564300634,0.4999995000005,proanthocyanins,proanthocyanins,True,soft_adjust,G3,wine,frontera
knn_G3_wine,14,0.9444444444444444,0.9436036129748098,0.9493827160493827,0.9444444444444444,1,0.5,0.6246429577430535,0.7525191872612292,0.9339011746089467,0.4978015978033977,0.10714285714285714,0.7525191872612292,0.898244512485226,0.3956043956043956,0.9027598615339633,0.9695578367326675,0.5999988000023999,flavanoids,color_intensity,False,soft_adjust,G3,wine,frontera
knn_G3_wine,15,0.9444444444444444,0.9436036129748098,0.9493827160493827,0.9444444444444444,1,1.0,0.7964805317073098,0.6924478390243937,0.940532875917711,0.739315930674607,0.8787878787878788,0.6924478390243937,0.9833986607155999,0.9230769230769231,0.8214447379362155,0.8976670911198221,0.5555549382722909,proanthocyanins,proanthocyanins,True,soft_adjust,G3,wine,frontera
knn_G3_wine,16,0.9444444444444444,0.9436036129748098,0.9493827160493827,0.9444444444444444,1,0.5,0.6067680297115461,0.722328517729944,0.9403276586531619,0.4821424404768849,0.06896551724137931,0.722328517729944,0.9132967896473423,0.4642857142857143,0.8989734422516236,0.9673585276589817,0.4999991666680556,proanthocyanins,color_intensity,False,soft_adjust,G3,wine,frontera
knn_G3_wine,17,0.9444444444444444,0.9436036129748098,0.9493827160493827,0.9444444444444444,1,1.0,0.8140882127987319,0.7118591616427457,0.9377616866124077,0.7809062027820817,0.8787878787878788,0.7118591616427457,0.9761201961364208,0.9368131868131868,0.839526120668578,0.8994031770883945,0.6249992187509766,proanthocyanins,proanthocyanins,True,soft_adjust,G3,wine,frontera
knn_G3_wine,18,0.9444444444444444,0.9436036129748098,0.9493827160493827,0.9444444444444444,1,0.5,0.6435648750194091,0.7465708908084945,0.9492600556751176,0.5637356637374638,0.08771929824561403,0.7465708908084945,0.933006735583059,0.5274725274725275,0.9155146472628064,0.9655133757671761,0.5999988000023999,proanthocyanins,color_intensity,False,soft_adjust,G3,wine,frontera
knn_G3_wine,19,0.9444444444444444,0.9436036129748098,0.9493827160493827,0.9444444444444444,1,1.0,0.827548056576792,0.7744858538294151,0.9416320829043394,0.7599203262790025,0.8787878787878788,0.7744858538294151,0.9834242225818454,0.9642857142857142,0.8116904743201885,0.8998399432268334,0.5555549382722909,proanthocyanins,proanthocyanins,True,soft_adjust,G3,wine,frontera
rf_G3_wine,0,0.9722222222222222,0.9721867461331064,0.974074074074074,0.9722222222222222,1,0.4373182576595811,0.8447286126337366,0.9570858496467542,0.9999997078145952,0.7503431026202049,0.55,0.9737098856739759,0.9999997931386465,0.5006887052341598,0.9570858496467542,0.9999996224905439,0.99999750000625,flavanoids,flavanoids,True,soft_adjust,G3,wine,frontera
rf_G3_wine,1,1.0,1.0,1.0,1.0,1,0.9873872919899827,0.6891081270074182,0.9133183899483616,0.9672768863726302,0.4576446280991736,0.24,0.9559091542574594,0.9484191776034158,0.9152892561983472,0.9133183899483616,0.9861345951418448,0.0,flavanoids,od280/od315_of_diluted_wines,False,soft_adjust,G3,wine,frontera
rf_G3_wine,2,1.0,1.0,1.0,1.0,1,0.9911135844112199,0.8080624538507452,0.7992099535094966,0.9245431003759571,0.9450524450674449,0.2653061224489796,0.7992099535094966,0.8807579633578407,0.8901098901098901,0.9681202281655128,0.9683282373940735,0.9999950000249999,flavanoids,color_intensity,False,soft_adjust,G3,wine,frontera
rf_G3_wine,3,0.9722222222222222,0.9725248123940935,0.9753086419753088,0.9722222222222222,1,0.47463163274956627,0.8189110575745379,0.9346137605512378,0.9323514758717574,0.743130201470757,0.55,0.9454042012220258,0.887230614728425,0.48626373626373626,0.9346137605512378,0.9774723370150897,0.9999966666777778,flavanoids,flavanoids,True,soft_adjust,G3,wine,frontera
rf_G3_wine,4,0.9722222222222222,0.9721867461331064,0.974074074074074,0.9722222222222222,1,0.992100668337131,0.808767427157934,0.7449450580395919,0.8748981749778704,0.9657669923630199,0.5121951219512195,0.7449450580395919,0.7855204484875793,0.93153898470104,0.9667461918397212,0.9642759014681614,0.9999950000249999,color_intensity,color_intensity,True,soft_adjust,G3,wine,frontera
rf_G3_wine,5,0.9722222222222222,0.9717752234993614,0.974074074074074,0.9722222222222222,1,0.4882649207013999,0.7546184916929617,0.9247228167567398,0.8776384221604835,0.6212115656574917,0.47619047619047616,0.9247228167567398,0.7960400649970921,0.5757575757575758,0.9320059092693719,0.9592367793238749,0.6666655555574075,flavanoids,color_intensity,False,soft_adjust,G3,wine,frontera
rf_G3_wine,6,1.0,1.0,1.0,1.0,1,0.9893844887156396,0.8560690060853636,0.8969288341268945,0.9613240210922033,0.9666422796919261,0.37777777777777777,0.8969288341268945,0.9394852675213882,0.9332878927060745,0.9742539990232212,0.9831627746630184,0.9999966666777778,flavanoids,color_intensity,False,soft_adjust,G3,wine,frontera
rf_G3_wine,7,1.0,1.0,1.0,1.0,1,0.6568198336428975,0.7631327205628147,0.9394341786064,0.9604914182029691,0.6543950043968043,0.14814814814814814,0.9650819736308095,0.9442050639007067,0.7087912087912088,0.9394341786064,0.9767777725052316,0.5999988000023999,flavanoids,color_intensity,False,soft_adjust,G3,wine,frontera
rf_G3_wine,8,1.0,1.0,1.0,1.0,1,0.9901213504282744,0.7681995214564842,0.8987610241478624,0.9264748287464548,0.7348888598963599,0.16981132075471697,0.8987610241478624,0.9153456227436273,0.9697802197802198,0.9290056244975239,0.9376040347492823,0.4999975000124999,flavanoids,alcohol,False,soft_adjust,G3,wine,frontera
rf_G3_wine,9,1.0,1.0,1.0,1.0,2,0.49382621782012015,0.4821983952602622,0.0,0.7719718139345753,0.8090653090667153,0.16981132075471697,0.0,0.6,0.6181318681318682,0.9635993230359127,0.9439436278691506,0.9999987500015625,flavanoids,color_intensity,False,keep,G3,wine,frontera
rf_G3_wine,10,1.0,1.0,1.0,1.0,2,0.49382621782012015,0.48357460361895166,0.0,0.7774766473693333,0.8090653090667153,0.16981132075471697,0.0,0.6,0.6181318681318682,0.9647672587477594,0.9549532947386667,0.9999987500015625,flavanoids,color_intensity,False,soft_adjust,G3,wine,frontera
rf_G3_wine,11,0.9722222222222222,0.9721867461331064,0.974074074074074,0.9722222222222222,1,0.9893514522405209,0.8208458747217897,0.7672835384215522,0.8899475641659498,0.9711488462038457,0.5121951219512195,0.7672835384215522,0.8463446299745075,0.9423076923076923,0.9072198250436123,0.9335504983573919,0.999990000099999,color_intensity,color_intensity,True,soft_adjust,G3,wine,frontera
rf_G3_wine,12,0.9722222222222222,0.9721867461331064,0.974074074074074,0.9722222222222222,1,0.9919003395962978,0.8185077284679358,0.7490898044959603,0.9011701045055474,0.9532942033092031,0.55,0.7490898044959603,0.8307711117803726,0.9065934065934065,0.9553987167612497,0.9715690972307223,0.9999950000249999,color_intensity,color_intensity,True,soft_adjust,G3,wine,frontera
rf_G3_wine,13,0.9722222222222222,0.9721867461331064,0.974074074074074,0.9722222222222222,1,0.47959499207590106,0.8000414225427535,0.9515115145581906,0.8448368891809517,0.7362624862668612,0.55,0.9540524762359832,0.703132013345281,0.4725274725274725,0.9515115145581906,0.9865417650166223,0.99999750000625,flavanoids,color_intensity,False,soft_adjust,G3,wine,frontera
rf_G3_wine,14,0.9722222222222222,0.9717752234993614,0.974074074074074,0.9722222222222222,1,0.9941382744261202,0.8395793341664795,0.85308419979147,0.9595878997268996,0.967030467045467,0.2653061224489796,0.85308419979147,0.9425235910051191,0.9340659340659341,0.9783570265936364,0.9766522084486803,0.9999950000249999,flavanoids,color_intensity,False,soft_adjust,G3,wine,frontera
rf_G3_wine,15,0.9722222222222222,0.9721867461331064,0.974074074074074,0.9722222222222222,1,0.49051068770222284,0.7585018896411101,0.9463355821361837,0.868335492430387,0.6538456850967398,0.4090909090909091,0.9550035630389729,0.759778403507647,0.5576923076923077,0.9463355821361837,0.9768925813531268,0.7499990625011719,flavanoids,color_intensity,False,soft_adjust,G3,wine,frontera
rf_G3_wine,16,1.0,1.0,1.0,1.0,1,0.9903993030359256,0.84956139741369,0.8905759405579787,0.9671765085892335,0.9464260714410713,0.37777777777777777,0.8905759405579787,0.9728541203849462,0.8928571428571428,0.9670600809897142,0.9614988967935209,0.9999950000249999,flavanoids,color_intensity,False,soft_adjust,G3,wine,frontera
rf_G3_wine,17,1.0,1.0,1.0,1.0,1,0.569694827483729,0.814805645225923,0.9287560778526094,0.8768204039991803,0.7617072746960223,0.5897435897435898,0.97154505681503,0.8572968214232979,0.5234159779614325,0.9287560778526094,0.8963439865750626,0.9999985714306122,flavanoids,flavanoids,True,soft_adjust,G3,wine,frontera
rf_G3_wine,18,1.0,1.0,1.0,1.0,1,0.9919541008887551,0.7724916001725037,0.7079580944863296,0.8614802916975794,0.7880025518962556,0.7222222222222222,0.7079580944863296,0.7490575927676871,0.9093406593406593,0.9660854907157943,0.9739029906274717,0.6666644444518518,color_intensity,color_intensity,True,soft_adjust,G3,wine,frontera
rf_G3_wine,19,0.9444444444444444,0.9414340448823206,0.9481481481481482,0.9444444444444444,2,0.4718710839598998,0.45625650396914896,0.0,0.7710638132790611,0.7233490053092664,0.16981132075471697,0.0,0.6,0.6966989481173608,0.9126880362975606,0.9421276265581223,0.7499990625011719,flavanoids,color_intensity,False,soft_adjust,G3,wine,frontera
xgb_G3_wine,0,0.9722222222222222,0.9717752234993614,0.974074074074074,0.9722222222222222,1,0.643254280090332,0.8300435244981039,0.9030172556799537,0.9999998870117791,0.7743636924949671,0.5121951219512195,0.9593516661148288,0.9999999234040275,0.548728813559322,0.9030172556799537,0.9999998506195307,0.9999985714306122,flavanoids,color_intensity,False,keep,G3,wine,frontera
xgb_G3_wine,1,0.9722222222222222,0.9717752234993614,0.974074074074074,0.9722222222222222,1,0.643254280090332,0.8209030457997852,0.8725496011975303,0.9999991575974128,0.7743636924949671,0.5121951219512195,0.8725496011975303,0.9999984645752947,0.548728813559322,0.8949523976188776,0.9999998506195307,0.9999985714306122,flavanoids,color_intensity,False,keep,G3,wine,frontera
xgb_G3_wine,2,0.9722222222222222,0.9717752234993614,0.974074074074074,0.9722222222222222,1,0.643254280090332,0.8232676056522406,0.8804320722159157,0.9999984317851711,0.7743636924949671,0.5121951219512195,0.8804320722159157,0.9999970129508116,0.548728813559322,0.9068556076337668,0.9999998506195307,0.9999985714306122,flavanoids,color_intensity,False,keep,G3,wine,frontera
xgb_G3_wine,3,0.9722222222222222,0.9717752234993614,0.974074074074074,0.9722222222222222,1,0.643254280090332,0.8352345082728891,0.920321931546184,0.9999982110714439,0.7743636924949671,0.5121951219512195,0.9446793743900614,0.9999965715233572,0.548728813559322,0.920321931546184,0.9999998506195307,0.9999985714306122,flavanoids,color_intensity,False,keep,G3,wine,frontera
xgb_G3_wine,4,0.9722222222222222,0.9717752234993614,0.974074074074074,0.9722222222222222,1,0.643254280090332,0.8159150141990257,0.855922502968522,0.9999995490691846,0.7743636924949671,0.5121951219512195,0.855922502968522,0.9999992475188387,0.548728813559322,0.918589094009699,0.9999998506195307,0.9999985714306122,flavanoids,color_intensity,False,keep,G3,wine,frontera
xgb_G3_wine,5,0.9722222222222222,0.9717752234993614,0.974074074074074,0.9722222222222222,1,0.643254280090332,0.8352351061574035,0.9203232137972873,0.999999063908177,0.7743636924949671,0.5121951219512195,0.9556887392223197,0.9999982771968235,0.548728813559322,0.9203232137972873,0.9999998506195307,0.9999985714306122,flavanoids,color_intensity,False,keep,G3,wine,frontera
xgb_G3_wine,6,0.9722222222222222,0.9717752234993614,0.974074074074074,0.9722222222222222,1,0.643254280090332,0.8069391071521983,0.8970850664519813,0.9987410817142629,0.771538833737905,0.37777777777777777,0.9136560127641363,0.997525563095288,0.5430790960451978,0.8970850664519813,0.9999566003332379,0.9999985714306122,flavanoids,color_intensity,False,keep,G3,wine,frontera
xgb_G3_wine,7,0.9722222222222222,0.9717752234993614,0.974074074074074,0.9722222222222222,1,0.643254280090332,0.8145654255804637,0.922228407775569,0.9990743458390197,0.771538833737905,0.37777777777777777,0.9448206725319032,0.9981819479430858,0.5430790960451978,0.922228407775569,0.9999667437349534,0.9999985714306122,flavanoids,color_intensity,False,keep,G3,wine,frontera
xgb_G3_wine,8,0.9722222222222222,0.9717752234993614,0.974074074074074,0.9722222222222222,1,0.643254280090332,0.8039826430379626,0.8867869496566984,0.9992729654116603,0.771538833737905,0.37777777777777777,0.9440119839698942,0.9985722346125511,0.5430790960451978,0.8867869496566984,0.9999736962107696,0.9999985714306122,flavanoids,color_intensity,False,keep,G3,wine,frontera
xgb_G3_wine,9,0.9722222222222222,0.9717752234993614,0.974074074074074,0.9722222222222222,1,0.643254280090332,0.7147982812909681,0.5893926129557926,0.999408722464769,0.771538833737905,0.37777777777777777,0.5893926129557926,0.9988387766815887,0.5430790960451978,0.9267146117305677,0.9999786682479493,0.9999985714306122,flavanoids,color_intensity,False,soft_adjust,G3,wine,frontera
xgb_G3_wine,10,0.9722222222222222,0.9717752234993614,0.974074074074074,0.9722222222222222,1,0.6429159641265869,0.8145186377892433,0.9217054713389786,0.999514718398046,0.771538833737905,0.37777777777777777,0.9217054713389786,0.9990471878799474,0.5430790960451978,0.9275881100498683,0.9999822489161444,0.9999985714306122,flavanoids,color_intensity,False,keep,G3,wine,frontera
xgb_G3_wine,11,0.9722222222222222,0.9717752234993614,0.974074074074074,0.9722222222222222,1,0.6429159641265869,0.7858728710167083,0.8261397711697877,0.9996104915109356,0.771538833737905,0.37777777777777777,0.8261397711697877,0.9992359225141477,0.5430790960451978,0.9171994827631392,0.9999850605077235,0.9999985714306122,flavanoids,color_intensity,False,keep,G3,wine,frontera
xgb_G3_wine,12,0.9722222222222222,0.9717752234993614,0.974074074074074,0.9722222222222222,1,0.6429159641265869,0.8020496320228854,0.8800278892013776,0.9996517938977354,0.771538833737905,0.37777777777777777,0.8800278892013776,0.9993163392432615,0.5430790960451978,0.9177556931466406,0.9999872485522092,0.9999985714306122,flavanoids,color_intensity,False,keep,G3,wine,frontera
xgb_G3_wine,13,0.9722222222222222,0.9717752234993614,0.974074074074074,0.9722222222222222,1,0.6429159641265869,0.8185074927502318,0.9348453158345639,0.9997023248472978,0.771538833737905,0.37777777777777777,0.9693185335016449,0.999415665020474,0.5430790960451978,0.9348453158345639,0.9999889846741216,0.9999985714306122,flavanoids,color_intensity,False,keep,G3,wine,frontera
xgb_G3_wine,14,0.9722222222222222,0.9717752234993614,0.974074074074074,0.9722222222222222,1,0.6429159641265869,0.8146194068090298,0.9218590599969934,0.9997334880875749,0.771538833737905,0.37777777777777777,0.9302694645315372,0.9994765909039257,0.5430790960451978,0.9218590599969934,0.9999903852712241,0.9999985714306122,flavanoids,color_intensity,False,keep,G3,wine,frontera
xgb_G3_wine,15,0.9722222222222222,0.9717752234993614,0.974074074074074,0.9722222222222222,1,0.6429159641265869,0.8157112560935897,0.9254519493154363,0.9997894180436833,0.771538833737905,0.37777777777777777,0.9445715415835548,0.9995873045427934,0.5430790960451978,0.9254519493154363,0.9999915315445732,0.9999985714306122,flavanoids,color_intensity,False,keep,G3,wine,frontera
xgb_G3_wine,16,0.9722222222222222,0.9717752234993614,0.974074074074074,0.9722222222222222,1,0.6429159641265869,0.8136928547966962,0.9187071224642253,0.9998096050775621,0.771538833737905,0.37777777777777777,0.9187071224642253,0.9996267286167215,0.5430790960451978,0.9224768521914286,0.9999924815384027,0.9999985714306122,flavanoids,color_intensity,False,keep,G3,wine,frontera
xgb_G3_wine,17,0.9722222222222222,0.9717752234993614,0.974074074074074,0.9722222222222222,1,0.6429159641265869,0.8091955646349185,0.9037109971209618,0.9998157948423669,0.771538833737905,0.37777777777777777,0.9611961712702728,0.9996383120494196,0.5430790960451978,0.9037109971209618,0.9999932776353142,0.9999985714306122,flavanoids,color_intensity,False,keep,G3,wine,frontera
xgb_G3_wine,18,0.9722222222222222,0.9717752234993614,0.974074074074074,0.9722222222222222,1,0.6429159641265869,0.7895436897135044,0.838190937502385,0.999832366699003,0.771538833737905,0.37777777777777777,0.838190937502385,0.9996707820313929,0.5430790960451978,0.9047887907996366,0.999993951366613,0.9999985714306122,flavanoids,color_intensity,False,keep,G3,wine,frontera
xgb_G3_wine,19,0.9722222222222222,0.9717752234993614,0.974074074074074,0.9722222222222222,1,0.6429159641265869,0.8068671088837203,0.8959022060047614,0.9998725211770148,0.771538833737905,0.37777777777777777,0.8959022060047614,0.9997505157708186,0.5430790960451978,0.9235743967710203,0.9999945265832108,0.9999985714306122,flavanoids,color_intensity,False,keep,G3,wine,frontera
knn_G3_digits,0,0.9722222222222222,0.972105368567364,0.9726681039452212,0.9722222222222222,9,0.5,0.5796974522498618,0.6314320749362334,0.999987523989993,0.4675698292383117,0.0,0.7910766387934531,0.9999996399461214,0.4351402834758422,0.6314320749362334,0.9999754080338646,0.49999937500078123,pixel_49,pixel_59,False,soft_adjust,G3,digits,frontera
knn_G3_digits,1,0.9722222222222222,0.972105368567364,0.9726681039452212,0.9722222222222222,9,0.5555555555555556,0.6003481105604359,0.6115588401360424,0.9942466851971543,0.561062624067782,0.0,0.7856689300707744,0.9906727522084364,0.5506974930323569,0.6115588401360424,0.9978206181858722,0.571427755103207,pixel_49,pixel_59,False,keep,G3,digits,frontera
knn_G3_digits,2,0.9722222222222222,0.972105368567364,0.9726681039452212,0.9722222222222222,9,0.5555555555555556,0.605494962790667,0.6381274132531972,0.9940935324268965,0.5517778523599455,0.0,0.809356115266864,0.9891943256221142,0.532127949616684,0.6381274132531972,0.9989927392316789,0.571427755103207,pixel_49,pixel_59,False,keep,G3,digits,frontera
knn_G3_digits,3,0.9722222222222222,0.972105368567364,0.9726681039452212,0.9722222222222222,9,0.5555555555555556,0.6117221743180711,0.6713259763916657,0.9915491029442022,0.5414570188817363,0.0,0.7866890886876422,0.983683644849216,0.5114862826602655,0.6713259763916657,0.9994145610391884,0.571427755103207,pixel_49,pixel_59,False,keep,G3,digits,frontera
knn_G3_digits,4,0.9722222222222222,0.972105368567364,0.9726681039452212,0.9722222222222222,9,0.5555555555555556,0.6190578571332869,0.6665550905379978,0.9966136193994624,0.5664597504067399,0.0,0.7350167867906275,0.993614605947941,0.5614917457102728,0.6665550905379978,0.9996126328509838,0.571427755103207,pixel_49,pixel_59,False,keep,G3,digits,frontera
knn_G3_digits,5,0.9722222222222222,0.972105368567364,0.9726681039452212,0.9722222222222222,9,0.5555555555555556,0.6144059641492405,0.6627701592287832,0.9936757683133792,0.557186581007536,0.0,0.7089770960278843,0.9876303566050033,0.5429454069118651,0.6627701592287832,0.9997211800217553,0.571427755103207,pixel_49,pixel_59,False,keep,G3,digits,frontera
knn_G3_digits,6,0.9722222222222222,0.972105368567364,0.9726681039452212,0.9722222222222222,9,0.5555555555555556,0.5966067044180772,0.639491341789041,0.98907182381553,0.5249711530916079,0.0,0.80483344423243,0.9790028487903191,0.4785145510800089,0.639491341789041,0.9991407988407411,0.571427755103207,pixel_49,pixel_59,False,keep,G3,digits,frontera
knn_G3_digits,7,0.9722222222222222,0.972105368567364,0.9726681039452212,0.9722222222222222,9,0.5555555555555556,0.5921567462275925,0.6103072018995435,0.9865161141044794,0.5414518571053656,0.0,0.7296966408419341,0.9736968680248929,0.5114759591075242,0.6103072018995435,0.9993353601840658,0.571427755103207,pixel_49,pixel_59,False,keep,G3,digits,frontera
knn_G3_digits,8,0.9722222222222222,0.972105368567364,0.9726681039452212,0.9722222222222222,9,0.5555555555555556,0.6114482675356404,0.6421617461127773,0.9887472427080575,0.5720431100826429,0.0,0.7399890305744944,0.978025646909328,0.5726584650620788,0.6421617461127773,0.9994688385067868,0.571427755103207,pixel_49,pixel_59,False,keep,G3,digits,frontera
knn_G3_digits,9,0.9722222222222222,0.972105368567364,0.9726681039452212,0.9722222222222222,9,0.5555555555555556,0.6132905161808222,0.6661688566942953,0.9914768106512364,0.5519021883657483,0.0,0.7507131883718188,0.9833892613475271,0.5323766216282897,0.6661688566942953,0.9995643599549455,0.571427755103207,pixel_49,pixel_59,False,keep,G3,digits,frontera
knn_G3_digits,10,0.9722222222222222,0.972105368567364,0.9726681039452212,0.9722222222222222,9,0.5555555555555556,0.6034758041624202,0.6333450375983078,0.9876122216790518,0.5552307915438828,0.0,0.7248422939635467,0.975589383324707,0.5390338279845585,0.6333450375983078,0.9996350600333966,0.571427755103207,pixel_49,pixel_59,False,keep,G3,digits,frontera
knn_G3_digits,11,0.9722222222222222,0.972105368567364,0.9726681039452212,0.9722222222222222,9,0.5555555555555556,0.6066143684904138,0.6338623888719944,0.9814802164838861,0.5702853256928135,0.0,0.7855214072290672,0.9632715850629967,0.5691428962824201,0.6338623888719944,0.9996888479047753,0.571427755103207,pixel_6,pixel_59,False,keep,G3,digits,frontera
knn_G3_digits,12,0.9722222222222222,0.972105368567364,0.9726681039452212,0.9722222222222222,9,0.5555555555555556,0.6063040414365369,0.6305434641732142,0.9859917132580851,0.5688102462335047,0.0,0.7361793926633543,0.972252709983703,0.5661927373638024,0.6305434641732142,0.9997307165324674,0.571427755103207,pixel_49,pixel_59,False,keep,G3,digits,frontera
knn_G3_digits,13,0.9722222222222222,0.972105368567364,0.9726681039452212,0.9722222222222222,9,0.5555555555555556,0.6084168247555104,0.6395272804250034,0.9826541476108956,0.5696503457509516,0.0,0.7511810174018043,0.9655443514463584,0.5678729363986963,0.6395272804250034,0.9997639437754328,0.571427755103207,pixel_49,pixel_59,False,keep,G3,digits,frontera
knn_G3_digits,14,0.9722222222222222,0.972105368567364,0.9726681039452212,0.9722222222222222,9,0.5555555555555556,0.6062627692262805,0.6278471277885735,0.9941000542117646,0.5646120577892244,0.0,0.7355983738306415,0.9884093547861982,0.557796360475242,0.6278471277885735,0.999790753637331,0.571427755103207,pixel_6,pixel_59,False,keep,G3,digits,frontera
knn_G3_digits,15,0.9722222222222222,0.972105368567364,0.9726681039452212,0.9722222222222222,9,0.5555555555555556,0.6038487239420371,0.634862863930884,0.9879327984520611,0.5546888838325221,0.0,0.7688289700746896,0.9760528987580445,0.5379500125618372,0.634862863930884,0.9998126981460776,0.571427755103207,pixel_49,pixel_59,False,keep,G3,digits,frontera
knn_G3_digits,16,0.9722222222222222,0.972105368567364,0.9726681039452212,0.9722222222222222,9,0.5555555555555556,0.597401829340112,0.6272665130987921,0.9898494376366223,0.5391983866710625,0.0,0.7726394437595265,0.9798679882374814,0.5069690182389179,0.6272665130987921,0.9998308870357631,0.571427755103207,pixel_49,pixel_59,False,keep,G3,digits,frontera
knn_G3_digits,17,0.9722222222222222,0.972105368567364,0.9726681039452212,0.9722222222222222,9,0.5555555555555556,0.6053540576086359,0.6437784339501961,0.9907715551466119,0.5484254621230804,0.0,0.7773053598987602,0.9816969794923286,0.5254231691429538,0.6437784339501961,0.999846130800895,0.571427755103207,pixel_49,pixel_59,False,keep,G3,digits,frontera
knn_G3_digits,18,0.9722222222222222,0.972105368567364,0.9726681039452212,0.9722222222222222,9,0.5555555555555556,0.594108241540289,0.6017594079384179,0.9884691052102439,0.5548771428540091,0.0,0.6832266517070903,0.9770791778756494,0.5383265306048113,0.6017594079384179,0.9998590325448385,0.571427755103207,pixel_49,pixel_59,False,keep,G3,digits,frontera
knn_G3_digits,19,0.9722222222222222,0.972105368567364,0.9726681039452212,0.9722222222222222,9,0.5555555555555556,0.6073279718539285,0.644155755584883,0.9903719132691801,0.5549608895372287,0.0,0.7514394425814046,0.9808737779923912,0.5384940239712502,0.644155755584883,0.999870048545969,0.571427755103207,pixel_49,pixel_59,False,keep,G3,digits,frontera
rf_G3_digits,0,0.8333333333333334,0.8306782158619822,0.8365065272197388,0.8333333333333334,0,0.19142260092145594,0.471118505004722,0.06262718397994946,0.999993129383027,0.6490164960697088,0.05084745762711865,0.06262718397994946,0.9999989223873079,0.4980337921386175,0.6186338633403673,0.999987336378746,0.7999992000008,pixel_42,pixel_38,False,soft_adjust,G3,digits,frontera
rf_G3_digits,1,0.8555555555555555,0.8526038792685416,0.8647913856204189,0.8555555555555555,1,0.17331372360627403,0.5148064249581088,0.20620938725584018,0.7696866641976076,0.7019849071457318,0.21568627450980393,0.20620938725584018,0.6,0.6039706142906637,0.6563494620119605,0.9393733283952151,0.7999992000008,pixel_12,pixel_36,False,soft_adjust,G3,digits,frontera
rf_G3_digits,2,0.8694444444444445,0.8687514572283562,0.8742586421114606,0.8694444444444445,1,0.2226395619328808,0.6208167552126131,0.5348219231503393,0.7399016997375472,0.6970522785522759,0.4418604651162791,0.5348219231503393,0.6,0.6668324909882484,0.6665504199212499,0.8798033994750943,0.7272720661163036,pixel_20,pixel_38,False,soft_adjust,G3,digits,frontera
rf_G3_digits,3,0.875,0.8743491565975957,0.8811962886381492,0.875,8,0.19643725144385396,0.4875795015095461,0.2872650218773162,0.7358348042542395,0.6286504667887917,0.19230769230769232,0.2872650218773162,0.6,0.7118468839903557,0.541334866712321,0.8716696085084791,0.5454540495872277,pixel_38,pixel_36,False,soft_adjust,G3,digits,frontera
rf_G3_digits,4,0.8527777777777777,0.8494336940420084,0.8574455734089754,0.8527777777777777,3,0.16645812730667076,0.5127234875136537,0.48936063479144387,0.7427269746805436,0.5267044372795414,0.14814814814814814,0.48936063479144387,0.6,0.5534092912254023,0.5990360185725965,0.8854539493610872,0.49999958333368055,pixel_42,pixel_36,False,soft_adjust,G3,digits,frontera
rf_G3_digits,5,0.8583333333333333,0.856904576182079,0.8681331747792017,0.8583333333333333,3,0.22855924476777237,0.5038880119905742,0.39439709101989207,0.6949664912628675,0.632016798822225,0.14814814814814814,0.39439709101989207,0.6,0.5497483935624528,0.6498706166327025,0.789932982525735,0.7142852040819971,pixel_30,pixel_38,False,soft_adjust,G3,digits,frontera
rf_G3_digits,6,0.8611111111111112,0.8584827435725776,0.869724719269267,0.8611111111111112,3,0.2756512990555667,0.5182842727134747,0.32827525060964136,0.6265729676045078,0.7646948520981842,0.0,0.32827525060964136,0.6531459352090156,0.6293906041954683,0.4875034664668818,0.6,0.8999991000009,pixel_26,pixel_43,False,soft_adjust,G3,digits,frontera
rf_G3_digits,7,0.8694444444444445,0.8694352788194165,0.8811702796996914,0.8694444444444445,9,0.20899267277246736,0.4752297311583596,0.16726758910555467,0.6610888054377069,0.745090843557555,0.03333333333333333,0.16726758910555467,0.6,0.49018293711354743,0.7173709263815727,0.7221776108754139,0.9999987500015625,pixel_27,pixel_36,False,soft_adjust,G3,digits,frontera
rf_G3_digits,8,0.85,0.8436892168026674,0.861909830359547,0.85,3,0.22665404674474537,0.6117194864769632,0.46316119854736515,0.7437415198027154,0.8216893319788456,0.08771929824561403,0.46316119854736515,0.6776253922071563,0.6433803306215802,0.598863335942146,0.8098576473982745,0.9999983333361111,pixel_42,pixel_36,False,soft_adjust,G3,digits,frontera
rf_G3_digits,9,0.8611111111111112,0.8593934893382845,0.8696698822871812,0.8611111111111112,3,0.23553441085638044,0.5200461312478335,0.17953308850194055,0.7553031015432179,0.8079364037157516,0.01639344262295082,0.17953308850194055,0.7734734261077831,0.7067827247861238,0.57387715410162,0.7371327769786526,0.9090900826453794,pixel_42,pixel_36,False,soft_adjust,G3,digits,frontera
rf_G3_digits,10,0.8527777777777777,0.8502743721466921,0.8666959450057186,0.8527777777777777,3,0.19250354742863368,0.5301912601137974,0.279562433894074,0.8529648293955057,0.6603393813332583,0.01639344262295082,0.279562433894074,0.8491019204731846,0.5206795626657167,0.6116114616356035,0.8568277383178269,0.7999992000008,pixel_29,pixel_36,False,soft_adjust,G3,digits,frontera
rf_G3_digits,11,0.8166666666666667,0.81357909033846,0.832549582238558,0.8166666666666667,3,0.23030529849774792,0.49457411461631295,0.10277399474912219,0.8357584855911813,0.6998039456088994,0.14814814814814814,0.10277399474912219,0.8692467206722527,0.6723358251014953,0.7203982908459835,0.8022702505101099,0.7272720661163036,pixel_42,pixel_36,False,soft_adjust,G3,digits,frontera
rf_G3_digits,12,0.85,0.8470330697852244,0.8583943607880565,0.85,3,0.20474027078763077,0.5581533506537927,0.33233857805430367,0.802434779537642,0.7297355618666252,0.06896551724137931,0.33233857805430367,0.7213808083507417,0.5594720237323506,0.757254878059827,0.8834887507245422,0.8999991000009,pixel_26,pixel_9,False,soft_adjust,G3,digits,frontera
rf_G3_digits,13,0.8555555555555555,0.8500240903579628,0.8653004796427688,0.8555555555555555,3,0.20507724557434895,0.5649822754040458,0.2210374963801645,0.8138869504266476,0.8234207065341919,0.19230769230769232,0.2210374963801645,0.8198168331660162,0.6468428416377714,0.5387356139470071,0.807957067687279,0.9999985714306122,pixel_42,pixel_36,False,soft_adjust,G3,digits,frontera
rf_G3_digits,14,0.8722222222222222,0.8716116965879377,0.8783194298983773,0.8722222222222222,8,0.18281940229767343,0.549134984631768,0.3739589451366268,0.7209413994083924,0.7061694670919023,0.14814814814814814,0.3739589451366268,0.6,0.6623398716826328,0.5552243826223877,0.8418827988167847,0.7499990625011719,pixel_42,pixel_38,False,soft_adjust,G3,digits,frontera
rf_G3_digits,15,0.8277777777777777,0.8239636530671103,0.8383696118478727,0.8277777777777777,3,0.22557394302166428,0.550061821357993,0.27678854714274564,0.759349306853232,0.7744227313025007,0.14814814814814814,0.27678854714274564,0.6964681931411643,0.7155128237155339,0.5448745100692126,0.8222304205652998,0.8333326388894676,pixel_21,pixel_60,False,soft_adjust,G3,digits,frontera
rf_G3_digits,16,0.8722222222222222,0.8711555751125011,0.8807416607463684,0.8722222222222222,3,0.19449820689416566,0.4934411063172748,0.06914445587385254,0.8035666437706881,0.7715905374800864,0.08771929824561403,0.06914445587385254,0.7259309355660805,0.6542931737245077,0.6832368773075339,0.8812023519752956,0.8888879012356652,pixel_30,pixel_36,False,soft_adjust,G3,digits,frontera
rf_G3_digits,17,0.8444444444444444,0.8389502590791221,0.8551000527195267,0.8444444444444444,3,0.19971043864381088,0.4866358968772154,0.13142037113817798,0.8283617810046942,0.6659679763872248,0.08771929824561403,0.13142037113817798,0.8149648115927015,0.5541590391932425,0.6241261640673321,0.8417587504166868,0.777776913581207,pixel_26,pixel_20,False,soft_adjust,G3,digits,frontera
rf_G3_digits,18,0.8611111111111112,0.8601585105916968,0.8671371000863876,0.8611111111111112,8,0.15047358087161813,0.5548052806565102,0.24803931974382104,0.737714916261638,0.8140491855598484,0.24,0.24803931974382104,0.6,0.6280996211181342,0.5859652759743433,0.875429832523276,0.9999987500015625,pixel_42,pixel_30,False,soft_adjust,G3,digits,frontera
rf_G3_digits,19,0.85,0.8463371213329667,0.8630474612707164,0.85,3,0.22858976644369422,0.5175510751584201,0.24460185407022578,0.7453914662300806,0.6988319181891844,0.19230769230769232,0.24460185407022578,0.7454633911221885,0.6976645363776689,0.7185367831641529,0.7453195413379726,0.6999993000007,pixel_42,pixel_26,False,soft_adjust,G3,digits,frontera
xgb_G3_digits,0,0.9083333333333333,0.9092812007346317,0.9134211460570801,0.9083333333333333,9,0.35202181339263916,0.7193965261272134,0.777388572769781,0.9999993875338611,0.6664336913760462,0.03333333333333333,0.777388572769781,0.9999997418675626,0.49953543830533326,0.960758696380866,0.9999990332001597,0.8333319444467593,pixel_21,pixel_19,False,keep,G3,digits,frontera
xgb_G3_digits,1,0.9083333333333333,0.9092812007346317,0.9134211460570801,0.9083333333333333,9,0.35202181339263916,0.6876967626445813,0.8466996793584739,0.9999025337399318,0.5957040846735208,0.03333333333333333,0.8466996793584739,0.9998060342797038,0.47712347546803285,0.9683259458949433,0.9999990332001597,0.7142846938790087,pixel_21,pixel_19,False,soft_adjust,G3,digits,frontera
xgb_G3_digits,2,0.9055555555555556,0.9062544860730473,0.9105282178013422,0.9055555555555556,1,0.24690935015678406,0.6399354757207448,0.6562720476616086,0.7965992633166121,0.6084680307649093,0.4090909090909091,0.6562720476616086,0.6,0.5502701356030696,0.936713176352539,0.9931985266332244,0.666665925926749,pixel_19,pixel_19,True,soft_adjust,G3,digits,frontera
xgb_G3_digits,3,0.9055555555555556,0.9062544860730473,0.9105282178013422,0.9055555555555556,1,0.24764108657836914,0.632871016470086,0.6874042517005212,0.7980208914909834,0.5832353501456853,0.34782608695652173,0.6874042517005212,0.6,0.5664713002907706,0.9405344269297735,0.9960417829819669,0.5999994000006,pixel_19,pixel_19,True,soft_adjust,G3,digits,frontera
xgb_G3_digits,4,0.9055555555555556,0.9062544860730473,0.9105282178013422,0.9055555555555556,9,0.2637067139148712,0.647653780860166,0.8753766792515839,0.9491464285489103,0.47584723315821087,0.03333333333333333,0.8753766792515839,0.9008282693235973,0.4062404167291941,0.9625075598822059,0.9974645877742233,0.5454540495872277,pixel_42,pixel_19,False,soft_adjust,G3,digits,frontera
xgb_G3_digits,5,0.9055555555555556,0.9062544860730473,0.9105282178013422,0.9055555555555556,9,0.2629012167453766,0.6528511414698869,0.8737699597025548,0.9719982141839745,0.4757353333770894,0.03333333333333333,0.8737699597025548,0.9457831499856727,0.4060166171669511,0.9598899299939934,0.9982132783822764,0.5454540495872277,pixel_42,pixel_19,False,soft_adjust,G3,digits,frontera
xgb_G3_digits,6,0.9055555555555556,0.9064619543202619,0.9108030440521606,0.9055555555555556,1,0.2851775884628296,0.7051778372348824,0.7220200351635556,0.7945277440996039,0.7283710641078112,0.47619047619047616,0.7220200351635556,0.6,0.5996004955608117,0.9740061433682724,0.989055488199208,0.8571416326548105,pixel_19,pixel_19,True,soft_adjust,G3,digits,frontera
xgb_G3_digits,7,0.9083333333333333,0.9091858089902352,0.9132285956753313,0.9083333333333333,1,0.29156288504600525,0.7113245850513934,0.7548976078068963,0.7960870191517704,0.6966809320956635,0.5121951219512195,0.7548976078068963,0.6,0.6155849506101201,0.9722846951013402,0.9921740383035409,0.777776913581207,pixel_19,pixel_19,True,soft_adjust,G3,digits,frontera
xgb_G3_digits,8,0.9027777777777778,0.9036519564004443,0.908262414431635,0.9027777777777778,9,0.3228365480899811,0.6389461252823524,0.8133598430284729,0.8939197559973967,0.5548607779148713,0.03333333333333333,0.8133598430284729,0.7948792768339034,0.44305544471816855,0.9724336281521619,0.99296023516089,0.666666111111574,pixel_29,pixel_19,False,soft_adjust,G3,digits,frontera
xgb_G3_digits,9,0.9,0.9010500133367474,0.9063286846945965,0.9,1,0.2800130546092987,0.6664546643234492,0.6919434502097151,0.7946551362417866,0.6112619230246839,0.5121951219512195,0.6919434502097151,0.6,0.6071397040371692,0.9629278146550608,0.9893102724835733,0.6153841420121985,pixel_19,pixel_19,True,soft_adjust,G3,digits,frontera
xgb_G3_digits,10,0.9,0.9010500133367474,0.9063286846945965,0.9,1,0.2799355387687683,0.6795771384415675,0.7088980777236565,0.7955697751585606,0.6372866768071583,0.5121951219512195,0.7088980777236565,0.6,0.6079072425027425,0.9716649076487572,0.9911395503171212,0.666666111111574,pixel_19,pixel_19,True,soft_adjust,G3,digits,frontera
xgb_G3_digits,11,0.9027777777777778,0.9038377506808473,0.9085561159127208,0.9027777777777778,1,0.28990280628204346,0.6743086248058735,0.6778994182360386,0.7953957735928535,0.6688709483609238,0.47619047619047616,0.6778994182360386,0.6,0.6104698306055439,0.9714823173879614,0.9907915471857071,0.7272720661163036,pixel_19,pixel_19,True,soft_adjust,G3,digits,frontera
xgb_G3_digits,12,0.9027777777777778,0.9038377506808473,0.9085561159127208,0.9027777777777778,1,0.2892436981201172,0.6759350236683359,0.6563694811016367,0.8279081328108387,0.6687285823552125,0.47619047619047616,0.6563694811016367,0.6636218122555007,0.6101850985941215,0.962443403026648,0.9921944533661768,0.7272720661163036,pixel_19,pixel_19,True,soft_adjust,G3,digits,frontera
xgb_G3_digits,13,0.8944444444444445,0.8956313743312622,0.9002715151550412,0.8944444444444445,1,0.2769095301628113,0.6882308594005644,0.6964484764168041,0.8672708092137806,0.6368334758116889,0.47619047619047616,0.6964484764168041,0.7413611461373656,0.6070008405118039,0.964747224294372,0.9931804722901957,0.666666111111574,pixel_19,pixel_19,True,soft_adjust,G3,digits,frontera
xgb_G3_digits,14,0.9027777777777778,0.9039918153942995,0.908532277669276,0.9027777777777778,1,0.2802252471446991,0.6997016093193549,0.6994274711332173,0.8889265346833441,0.6540438762666076,0.47619047619047616,0.6994274711332173,0.7811376186015134,0.6414216414216414,0.9697828508690238,0.9967154507651749,0.666666111111574,pixel_19,pixel_19,True,soft_adjust,G3,digits,frontera
xgb_G3_digits,15,0.8972222222222223,0.8983833435810086,0.9029559068292583,0.8972222222222223,1,0.2758844792842865,0.6967702751141926,0.723435605760685,0.9035761172802896,0.6080566421244777,0.47619047619047616,0.723435605760685,0.8139132481584783,0.6007291422367569,0.9621668000205159,0.993238986402101,0.6153841420121985,pixel_19,pixel_19,True,soft_adjust,G3,digits,frontera
xgb_G3_digits,16,0.8972222222222223,0.8981635088342859,0.9021606111413595,0.8972222222222223,1,0.2744062542915344,0.6904868141289267,0.6451172426008439,0.9201618354952316,0.6516087034876474,0.47619047619047616,0.6451172426008439,0.8464456452729197,0.6032181069745949,0.9643809804220171,0.9938780257175435,0.6999993000007,pixel_19,pixel_19,True,force_adjust,G3,digits,frontera
xgb_G3_digits,17,0.9,0.9011457118877317,0.9060021435392495,0.9,1,0.2772451937198639,0.6962338472534745,0.7005276814470716,0.9259181369165439,0.6105581238721521,0.47619047619047616,0.7005276814470716,0.8554095839459427,0.6057321057321058,0.9645790118152484,0.9964266898871452,0.6153841420121985,pixel_19,pixel_19,True,force_adjust,G3,digits,frontera
xgb_G3_digits,18,0.9027777777777778,0.9038138809708329,0.9085877978716912,0.9027777777777778,1,0.3198847770690918,0.76129390521127,0.773937146593211,0.9342032991681644,0.7471112167089808,0.47619047619047616,0.773937146593211,0.8774602574226763,0.5942233334170618,0.9690403696363378,0.9909463409136524,0.8999991000009,pixel_19,pixel_19,True,soft_adjust,G3,digits,frontera
xgb_G3_digits,19,0.9,0.9011009538972863,0.9061714924147449,0.9,1,0.29832401871681213,0.7195300912221817,0.6704004220780869,0.9454748197027083,0.7020422941483573,0.47619047619047616,0.6704004220780869,0.900003284662989,0.6040853882959146,0.973377255847658,0.9909463547424276,0.7999992000008,pixel_19,pixel_19,True,soft_adjust,G3,digits,frontera
knn_G3_covertype,0,0.685,0.6777562391161278,0.6887270896752951,0.685,1,0.5,0.5481393518211386,0.6062304960748863,0.9999991923925236,0.0497301784973018,0.6756756756756757,0.6281768433490151,0.9999992114605389,0.0994603569946036,0.6062304960748863,0.9999991733245083,0.0,f2,f2,True,adjust,G3,covertype,frontera
knn_G3_covertype,1,0.691,0.6837983950348213,0.6860476678843737,0.691,1,0.8888888888888888,0.3265176826701483,0.0,0.6,0.29352048069536607,0.5897435897435898,0.15578286020192106,0.6,0.5870409613907321,0.0,0.6,0.0,f4,f4,True,force_adjust,G3,covertype,frontera
knn_G3_covertype,2,0.685,0.6777562391161278,0.6887270896752951,0.685,1,0.5,0.5294007009759827,0.602331942446968,0.955583131943777,0.05022831050228313,0.631578947368421,0.6358994103533047,0.9814266914326212,0.10045662100456626,0.602331942446968,0.9297395724549328,0.0,f2,f2,True,adjust,G3,covertype,frontera
knn_G3_covertype,3,0.691,0.6837983950348213,0.6860476678843737,0.691,1,0.5555555555555556,0.558718261675934,0.5748732039306814,0.9776272685615874,0.13499377334993776,0.6756756756756757,0.5748732039306814,0.9900036941004572,0.2699875466998755,0.6350998264970537,0.9652508430227178,0.0,f2,f2,True,soft_adjust,G3,covertype,frontera
knn_G3_covertype,4,0.685,0.6777562391161278,0.6887270896752951,0.685,1,0.5,0.5277832459142101,0.5985686314553921,0.9861002640915149,0.0011207970112080134,0.6756756756756757,0.5985686314553921,0.9875082894683017,0.002241594022416027,0.6274822436158164,0.9846922387147281,0.0,f2,f2,True,adjust,G3,covertype,frontera
knn_G3_covertype,5,0.691,0.6837983950348213,0.6860476678843737,0.691,1,0.5555555555555556,0.5464854275925632,0.5698474238697534,0.9861340912152902,0.09215442092154424,0.6756756756756757,0.5698474238697534,0.9857415669208248,0.1843088418430885,0.6427622220154185,0.9865266155097555,0.0,f2,f2,True,soft_adjust,G3,covertype,frontera
knn_G3_covertype,6,0.685,0.6777562391161278,0.6887270896752951,0.685,1,0.5,0.5429966703305293,0.5951213033170072,0.9929587505415338,0.04956413449564137,0.6756756756756757,0.6007437059520088,0.9924605077790305,0.09912826899128274,0.5951213033170072,0.9934569933040371,0.0,f2,f2,True,adjust,G3,covertype,frontera
knn_G3_covertype,7,0.691,0.6837983950348213,0.6860476678843737,0.691,1,0.8888888888888888,0.3144258839237733,0.0,0.6,0.25321448487411613,0.5897435897435898,0.21128026154643204,0.6,0.5064289697482323,0.0,0.6,0.0,f4,f4,True,force_adjust,G3,covertype,frontera
knn_G3_covertype,8,0.685,0.6777562391161278,0.6887270896752951,0.685,1,0.5,0.49982718371556456,0.5079353757727764,0.9831853617175658,0.0009962640099627218,0.6756756756756757,0.5079353757727764,0.9855886587010514,0.0019925280199254436,0.5820688406403915,0.9807820647340801,0.0,f2,f2,True,adjust,G3,covertype,frontera
knn_G3_covertype,9,0.691,0.6837983950348213,0.6860476678843737,0.691,1,0.8888888888888888,0.33028512743262384,0.12490494921418088,0.6,0.18117368068943704,0.5897435897435898,0.7027397436069643,0.6,0.3623473613788741,0.12490494921418088,0.6,0.0,f4,f4,True,force_adjust,G3,covertype,frontera
knn_G3_covertype,10,0.685,0.6777562391161278,0.6887270896752951,0.685,1,0.5,0.5447083142499503,0.6235060091134593,0.9722692085287299,0.04412619344126198,0.6756756756756757,0.6235060091134593,0.9746520341465821,0.08825238688252396,0.6326222438669609,0.9698863829108778,0.0,f2,f2,True,adjust,G3,covertype,frontera
knn_G3_covertype,11,0.691,0.6837983950348213,0.6860476678843737,0.691,1,0.5555555555555556,0.5600393902191773,0.5793469641197309,0.9775432705077014,0.13499377334993776,0.6756756756756757,0.5793469641197309,0.9847938918545099,0.2699875466998755,0.6458913629976293,0.9702926491608929,0.0,f2,f2,True,soft_adjust,G3,covertype,frontera
knn_G3_covertype,12,0.685,0.6777562391161278,0.6887270896752951,0.685,1,0.5,0.5277246983359656,0.6053697096953512,0.9777047798905858,0.0011207970112080134,0.6756756756756757,0.6103120632947711,0.97397334772367,0.002241594022416027,0.6053697096953512,0.9814362120575016,0.0,f2,f2,True,adjust,G3,covertype,frontera
knn_G3_covertype,13,0.691,0.6837983950348213,0.6860476678843737,0.691,1,0.5555555555555556,0.564155966733158,0.5864893388506823,0.9853889136859845,0.1350352843503529,0.6756756756756757,0.5864893388506823,0.991170503632131,0.2700705687007058,0.6436176828737684,0.9796073237398379,0.0,f2,f2,True,soft_adjust,G3,covertype,frontera
knn_G3_covertype,14,0.685,0.6777562391161278,0.6887270896752951,0.685,1,0.5,0.5099826225860271,0.538583943788459,0.9868295827786046,0.0011623080116231477,0.6756756756756757,0.538583943788459,0.9862436403664121,0.0023246160232462953,0.6048644855992167,0.987415525190797,0.0,f2,f2,True,adjust,G3,covertype,frontera
knn_G3_covertype,15,0.691,0.6837983950348213,0.6860476678843737,0.691,1,0.8888888888888888,0.36443690794252503,0.020069354875602054,0.6,0.2553263988722088,0.8787878787878788,0.5777963381393812,0.6,0.5106527977444176,0.020069354875602054,0.6,0.0,f4,f4,True,soft_adjust,G3,covertype,frontera
knn_G3_covertype,16,0.685,0.6777562391161278,0.6887270896752951,0.685,1,0.5,0.5411161676674887,0.6028590571663146,0.9762012484707008,0.049522623495226265,0.6756756756756757,0.623184370179976,0.9721706618228878,0.09904524699045253,0.6028590571663146,0.9802318351185138,0.0,f2,f2,True,soft_adjust,G3,covertype,frontera
knn_G3_covertype,17,0.691,0.6837983950348213,0.6860476678843737,0.691,1,0.5555555555555556,0.5621584128969895,0.5855269793532542,0.9785037165377264,0.13507679535076797,0.6756756756756757,0.5855269793532542,0.9794378581563296,0.27015359070153594,0.6433680398485643,0.9775695749191233,0.0,f2,f2,True,adjust,G3,covertype,frontera
knn_G3_covertype,18,0.685,0.6777562391161278,0.6887270896752951,0.685,1,0.5,0.5520535116097939,0.6322816692555504,0.9846434897328382,0.049522623495226265,0.6756756756756757,0.6348537634262279,0.9838465377986055,0.09904524699045253,0.6322816692555504,0.9854404416670709,0.0,f2,f2,True,adjust,G3,covertype,frontera
knn_G3_covertype,19,0.691,0.6837983950348213,0.6860476678843737,0.691,1,0.5555555555555556,0.5515678678361745,0.5458744593988886,0.983724560239705,0.13507679535076797,0.6756756756756757,0.5458744593988886,0.9850174531997478,0.27015359070153594,0.6174563216345212,0.9824316672796622,0.0,f2,f2,True,soft_adjust,G3,covertype,frontera
rf_G3_covertype,0,0.626,0.5802102609783654,0.5902902778168124,0.626,1,0.521994671704392,0.543396500162662,0.0,0.9996098340106738,0.8485720928896339,0.06896551724137931,0.0,0.999265530517124,0.6971541856792687,0.3651130128825686,0.9999541375042238,0.999990000099999,f5,f42,False,soft_adjust,G3,covertype,frontera
rf_G3_covertype,1,0.591,0.520384970673979,0.5269545442857326,0.591,1,0.646671625866025,0.4540753901364293,0.2805954733026562,0.9808494537023176,0.3989479490668435,0.03333333333333333,0.2805954733026562,0.9923350676755394,0.797895898133687,0.6699028203934135,0.9693638397290958,0.0,f2,f25,False,adjust,G3,covertype,frontera
rf_G3_covertype,2,0.648,0.6002363750698688,0.586582960880688,0.648,1,0.54925449785602,0.4317471974647076,0.01968453371200192,0.6030068167445761,0.7872257312395319,0.06896551724137931,0.01968453371200192,0.6,0.5744614623790648,0.361650064891457,0.6060136334891522,0.999990000099999,f3,f10,False,soft_adjust,G3,covertype,frontera
rf_G3_covertype,3,0.66,0.6236380895481368,0.6030630102416165,0.66,1,0.5302834817635056,0.49992728585927426,0.3511169271853803,0.6,0.6547304359352775,0.19230769230769232,0.7668760721670386,0.6,0.3094658718455551,0.3511169271853803,0.6,0.9999950000249999,f0,f9,False,adjust,G3,covertype,frontera
rf_G3_covertype,4,0.655,0.6210239055508904,0.5978118975014756,0.655,1,0.5720565628502668,0.447514915059421,0.0,0.6529558836440656,0.7481299587555513,0.34782608695652173,0.6467474079338486,0.7059117672881314,0.4962649174861028,0.0,0.6,0.9999950000249999,f0,f9,False,soft_adjust,G3,covertype,frontera
rf_G3_covertype,5,0.615,0.5648969263383526,0.5768934567382246,0.615,1,0.5534238366717927,0.26620095024949775,0.0,0.6,0.37913977952018374,0.01639344262295082,0.0,0.6,0.7582795590403675,0.0,0.6,0.0,f9,f0,False,force_adjust,G3,covertype,frontera
rf_G3_covertype,6,0.665,0.6300861126549059,0.6097957150911483,0.665,1,0.5586040045850695,0.7082174987809837,0.5086066447443718,0.838171229514854,0.8158044887586915,0.6756756756756757,0.5086066447443718,0.9073962857498347,0.6316114775111329,0.6493045294043922,0.7689461732798732,0.99999750000625,f9,f9,True,soft_adjust,G3,covertype,frontera
rf_G3_covertype,7,0.559,0.46669663657195115,0.5752143370434655,0.559,1,0.522933725726591,0.2542868885036399,0.0,0.633482202824267,0.2852383673712208,0.06896551724137931,0.0,0.6,0.5704767347424416,0.0,0.6669644056485341,0.0,f9,f10,False,adjust,G3,covertype,frontera
rf_G3_covertype,8,0.64,0.5999915361888383,0.5909057170542636,0.64,1,0.48138690942928425,0.7419653564946621,0.8425900007086855,0.7780769271779051,0.7441351768633628,0.47619047619047616,0.8646217550866093,0.8697656005249254,0.4882803536267266,0.8425900007086855,0.6863882538308849,0.999990000099999,f0,f0,True,soft_adjust,G3,covertype,frontera
rf_G3_covertype,9,0.648,0.607511771938438,0.599607790847733,0.648,1,0.6034722690349458,0.351741996372135,0.22481342389856912,0.7346831010582013,0.31875731312671307,0.03333333333333333,0.5779836524515652,0.7429373677414528,0.6375146262534261,0.22481342389856912,0.7264288343749499,0.0,f5,f25,False,adjust,G3,covertype,frontera
rf_G3_covertype,10,0.657,0.6225595823824291,0.600327226766998,0.657,1,0.5648522594285948,0.43346669446556163,0.0,0.6,0.8151476022415272,0.06896551724137931,0.0,0.6,0.6302968711469433,0.0,0.6,0.9999983333361111,f9,f0,False,soft_adjust,G3,covertype,frontera
rf_G3_covertype,11,0.666,0.6337910518014874,0.6078811868701077,0.666,1,0.5742657596453643,0.40966272547704585,0.0,0.6,0.7447090849234862,0.03333333333333333,0.13264688591299648,0.6,0.4894231698219725,0.0,0.6,0.9999950000249999,f6,f0,False,adjust,G3,covertype,frontera
rf_G3_covertype,12,0.676,0.644596252630626,0.6183621182210668,0.676,1,0.5555890793002141,0.6267770868660913,0.40841948914735987,0.840220474656812,0.831116701155231,0.14814814814814814,0.40841948914735987,0.8921811482312614,0.662238402285462,0.4947064970249057,0.7882598010823628,0.9999950000249999,f5,f9,False,soft_adjust,G3,covertype,frontera
rf_G3_covertype,13,0.654,0.620076487891062,0.5964535806570691,0.654,1,0.5540439012437315,0.49708650665732923,0.0,0.6712190275462575,0.8415082715936064,0.5121951219512195,0.0,0.6,0.6830190431809628,0.10086637380902334,0.7424380550925149,0.99999750000625,f9,f9,True,adjust,G3,covertype,frontera
rf_G3_covertype,14,0.659,0.6250453312826421,0.6039070800734087,0.659,1,0.5206372106012253,0.6252720030307818,0.483761518733259,0.8370063435790261,0.7304732050534919,0.24,0.8492670556036959,0.8821043584335873,0.4609514100819838,0.483761518733259,0.791908328724465,0.9999950000249999,f0,f9,False,soft_adjust,G3,covertype,frontera
rf_G3_covertype,15,0.61,0.5635227182954348,0.5753805938363932,0.61,1,0.6137649145816078,0.3007641411620156,0.08525603401522922,0.6176932104546895,0.37712303233235567,0.05084745762711865,0.08525603401522922,0.6,0.7542460646647113,0.3141937696412136,0.6353864209093789,0.0,f5,f25,False,adjust,G3,covertype,frontera
rf_G3_covertype,16,0.646,0.6108580028780218,0.5917082630260265,0.646,1,0.5644367121543536,0.21607429396940533,0.011603117994850419,0.6,0.19197786190316737,0.03333333333333333,0.06023954954384087,0.6,0.38395572380633475,0.011603117994850419,0.6,0.0,f5,f6,False,force_adjust,G3,covertype,frontera
rf_G3_covertype,17,0.647,0.6069774043801441,0.5885437199800387,0.647,1,0.5840309297571407,0.47500456817876996,0.0,0.7592238259397766,0.746116584433965,0.4090909090909091,0.22935334256452536,0.7758947070769048,0.49223483553181885,0.0,0.7425529448026483,0.9999983333361111,f9,f9,True,soft_adjust,G3,covertype,frontera
rf_G3_covertype,18,0.646,0.6103576364985825,0.5920074639958542,0.646,1,0.5559911668150446,0.4067723241549306,0.0,0.6,0.706370710146065,0.14814814814814814,0.0,0.6,0.4127424202911301,0.0,0.6,0.999999000001,f9,f0,False,soft_adjust,G3,covertype,frontera
rf_G3_covertype,19,0.603,0.5512031368922264,0.5681110746630537,0.603,1,0.5295294324467809,0.5189511445285585,0.7290377864975663,0.7406523547639945,0.14549382819906198,0.47619047619047616,0.7982681577882319,0.8121875916687663,0.29098765639812396,0.7290377864975663,0.6691171178592226,0.0,f0,f0,True,adjust,G3,covertype,frontera
xgb_G3_covertype,0,0.703,0.6840216853209369,0.6799438228091547,0.703,1,0.5238569974899292,0.757463436609784,0.785909885464422,0.9999996095850743,0.7167463396917406,0.37777777777777777,0.785909885464422,0.9999994949042106,0.4334936793824813,0.8904306334481725,0.9999997242659381,0.999999000001,f0,f0,True,keep,G3,covertype,frontera
xgb_G3_covertype,1,0.703,0.6840216853209369,0.6799438228091547,0.703,1,0.5238569974899292,0.7862327759276364,0.8818076847564549,0.9999996077060447,0.7167463396917406,0.37777777777777777,0.9031943295949473,0.9999994911461514,0.4334936793824813,0.8818076847564549,0.9999997242659381,0.999999000001,f0,f0,True,keep,G3,covertype,frontera
xgb_G3_covertype,2,0.703,0.6840216853209369,0.6799438228091547,0.703,1,0.5238569974899292,0.7560804264478134,0.7812998576733268,0.9999996022865061,0.7167463396917406,0.37777777777777777,0.7812998576733268,0.999999480307074,0.4334936793824813,0.8908903721535469,0.9999997242659382,0.999999000001,f0,f0,True,keep,G3,covertype,frontera
xgb_G3_covertype,3,0.703,0.6840216853209369,0.6799438228091547,0.703,1,0.5238569974899292,0.7605531634563134,0.7962089780371358,0.9999996058839353,0.7167463396917406,0.37777777777777777,0.7962089780371358,0.9999994875019325,0.4334936793824813,0.8783839002107637,0.9999997242659381,0.999999000001,f0,f0,True,keep,G3,covertype,frontera
xgb_G3_covertype,4,0.703,0.6840216853209369,0.6799438228091547,0.703,1,0.5238569974899292,0.7664140178207495,0.8157451646715037,0.9999995993804381,0.7167463396917406,0.37777777777777777,0.8157451646715037,0.9999994744949382,0.4334936793824813,0.8777129094722299,0.9999997242659381,0.999999000001,f0,f0,True,keep,G3,covertype,frontera
xgb_G3_covertype,5,0.703,0.6840216853209369,0.6799438228091547,0.703,1,0.5238569974899292,0.7538302562253105,0.7737993078575044,0.9999995811754814,0.7167463396917406,0.37777777777777777,0.7737993078575044,0.9999994380850245,0.4334936793824813,0.8747303755040696,0.9999997242659382,0.999999000001,f0,f0,True,keep,G3,covertype,frontera
xgb_G3_covertype,6,0.703,0.6840216853209369,0.6799438228091547,0.703,1,0.5238569974899292,0.771564740893976,0.8328870488029724,0.9998979875116438,0.7168582090283555,0.37777777777777777,0.8328870488029724,0.9998176863439155,0.43371741805571096,0.8946264714378477,0.999978288679372,0.999999000001,f0,f0,True,keep,G3,covertype,frontera
xgb_G3_covertype,7,0.703,0.6840216853209369,0.6799438228091547,0.703,1,0.5238569974899292,0.7826754214922371,0.8699023317919434,0.9999223703179232,0.7168582090283555,0.37777777777777777,0.8699023317919434,0.9998614460467221,0.43371741805571096,0.9043174972923148,0.9999832945891244,0.999999000001,f0,f0,True,keep,G3,covertype,frontera
xgb_G3_covertype,8,0.703,0.6840216853209369,0.6799438228091547,0.703,1,0.5238569974899292,0.780425418666,0.8623890420124783,0.999938306748333,0.7168582090283555,0.37777777777777777,0.8623890420124783,0.9998898819653865,0.43371741805571096,0.9045714136099612,0.9999867315312795,0.999999000001,f0,f0,True,keep,G3,covertype,frontera
xgb_G3_covertype,9,0.703,0.6840216853209369,0.6799438228091547,0.703,1,0.5238569974899292,0.7969288089295612,0.9173905046497927,0.9999501126378004,0.7168582090283555,0.37777777777777777,0.9241515903754279,0.9999110325581398,0.43371741805571096,0.9173905046497927,0.999989192717461,0.999999000001,f0,f0,True,keep,G3,covertype,frontera
xgb_G3_covertype,10,0.703,0.6840216853209369,0.6799438228091547,0.703,1,0.5238569974899292,0.7539461182535624,0.7741079631168687,0.999958399773314,0.7168582090283555,0.37777777777777777,0.7741079631168687,0.9999257841799755,0.43371741805571096,0.8756949182757665,0.9999910153666526,0.999999000001,f0,f0,True,keep,G3,covertype,frontera
xgb_G3_covertype,11,0.703,0.6840216853209369,0.6799438228091547,0.703,1,0.5238569974899292,0.7570741989409459,0.7845295732615336,0.9999647903492501,0.7168582090283555,0.37777777777777777,0.7845295732615336,0.9999371780234009,0.43371741805571096,0.8718819149075746,0.9999924026750995,0.999999000001,f0,f0,True,keep,G3,covertype,frontera
xgb_G3_covertype,12,0.703,0.6840216853209369,0.6799438228091547,0.703,1,0.5238569974899292,0.7693901171873105,0.8255782815289102,0.9999700134138569,0.7168582090283555,0.37777777777777777,0.8255782815289102,0.9999465438256404,0.43371741805571096,0.8884700009387467,0.9999934830020736,0.999999000001,f0,f0,True,keep,G3,covertype,frontera
xgb_G3_covertype,13,0.703,0.6840216853209369,0.6799438228091547,0.703,1,0.5238569974899292,0.755683678747208,0.7798865602920123,0.9999743251377242,0.7168582090283555,0.37777777777777777,0.7798865602920123,0.9999543096117176,0.43371741805571096,0.8723815327862668,0.9999943406637308,0.999999000001,f0,f0,True,keep,G3,covertype,frontera
xgb_G3_covertype,14,0.703,0.6840216853209369,0.6799438228091547,0.703,1,0.5238569974899292,0.7780577891159888,0.8544643262002953,0.9999774475229073,0.7168582090283555,0.37777777777777777,0.8544643262002953,0.9999598621483445,0.43371741805571096,0.8914981519701042,0.99999503289747,0.999999000001,f0,f0,True,keep,G3,covertype,frontera
xgb_G3_covertype,15,0.703,0.6840216853209369,0.6799438228091547,0.703,1,0.5238569974899292,0.7932174438248488,0.9049942500833562,0.9999801576986747,0.7168582090283555,0.37777777777777777,0.9090050588477531,0.999964715732363,0.43371741805571096,0.9049942500833562,0.9999955996649864,0.999999000001,f0,f0,True,keep,G3,covertype,frontera
xgb_G3_covertype,16,0.703,0.6840216853209369,0.6799438228091547,0.703,1,0.5238569974899292,0.7583790340459082,0.7888644197041077,0.9999823150380107,0.7168582090283555,0.37777777777777777,0.7888644197041077,0.9999685605244477,0.43371741805571096,0.8915842504786184,0.9999960695515738,0.999999000001,f0,f0,True,keep,G3,covertype,frontera
xgb_G3_covertype,17,0.703,0.6840216853209369,0.6799438228091547,0.703,1,0.5238569974899292,0.7584203588948203,0.7890009812424444,0.9999837405876547,0.7168582090283555,0.37777777777777777,0.7890009812424444,0.9999710177330312,0.43371741805571096,0.8734022026124445,0.9999964634422782,0.999999000001,f0,f0,True,keep,G3,covertype,frontera
xgb_G3_covertype,18,0.703,0.6840216853209369,0.6799438228091547,0.703,1,0.5238569974899292,0.7557062603293582,0.7799523010314097,0.9999857625790477,0.7168582090283555,0.37777777777777777,0.7799523010314097,0.9999747282748281,0.43371741805571096,0.8755264115551751,0.9999967968832673,0.999999000001,f0,f0,True,keep,G3,covertype,frontera
xgb_G3_covertype,19,0.703,0.6840216853209369,0.6799438228091547,0.703,1,0.5238569974899292,0.7645816011277368,0.8095356830157109,0.9999870673914009,0.7168582090283555,0.37777777777777777,0.8095356830157109,0.999977053143197,0.43371741805571096,0.8905777714197034,0.9999970816396049,0.999999000001,f0,f0,True,keep,G3,covertype,frontera
gb_G4_wine,0,0.9722222222222222,0.9717752234993614,0.974074074074074,0.9722222222222222,1,0.7619924453972869,0.8009107065671708,0.7225047393172227,0.9999999132777995,0.8929341222837075,0.4418604651162791,0.7225047393172227,0.9999999518583992,0.7858696731368027,0.9103589600035713,0.9999998746971996,0.9999985714306122,flavanoids,color_intensity,False,soft_adjust,G4,wine,frontera
gb_G4_wine,1,0.9722222222222222,0.9717752234993614,0.974074074074074,0.9722222222222222,1,0.7938824773012597,0.7857974195757377,0.7480940262800465,0.9997568688068376,0.8458127475908279,0.3191489361702128,0.7480940262800465,0.9998336009959827,0.6916269237510435,0.912849663989604,0.9996801366176924,0.9999985714306122,flavanoids,color_intensity,False,soft_adjust,G4,wine,frontera
gb_G4_wine,2,1.0,1.0,1.0,1.0,1,0.9999241670403338,0.7679374959172764,0.7890953848536965,0.7382503154272682,0.7697733863002163,0.7714285714285715,0.7890953848536965,0.6,0.53954802259887,0.9297499036792476,0.8765006308545364,0.9999987500015625,color_intensity,color_intensity,True,soft_adjust,G4,wine,frontera
gb_G4_wine,3,1.0,1.0,1.0,1.0,2,0.9836628069610222,0.7232563052298482,0.4565867338962174,0.7755980807191847,0.9222215972230035,0.7714285714285715,0.4565867338962174,0.6,0.8444444444444443,0.9296940549905129,0.9511961614383693,0.9999987500015625,color_intensity,color_intensity,True,keep,G4,wine,frontera
gb_G4_wine,4,1.0,1.0,1.0,1.0,2,0.9836628069610222,0.7422448976404792,0.5082277939214751,0.7895831783314,0.9222215972230035,0.7714285714285715,0.5082277939214751,0.6097838913995682,0.8444444444444443,0.9270439013225593,0.9693824652632318,0.9999987500015625,color_intensity,color_intensity,True,keep,G4,wine,frontera
gb_G4_wine,5,1.0,1.0,1.0,1.0,2,0.9836628069610222,0.739848561196254,0.46658516888815943,0.8299689825944774,0.9222215972230035,0.7714285714285715,0.46658516888815943,0.6808477846102874,0.8444444444444443,0.92367333145639,0.9790901805786673,0.9999987500015625,color_intensity,color_intensity,True,keep,G4,wine,frontera
gb_G4_wine,6,1.0,1.0,1.0,1.0,2,0.9836628069610222,0.7315952388850007,0.4394507325687515,0.8639086932021371,0.8935618669985177,0.7714285714285715,0.4394507325687515,0.7433110740724349,0.7871249839954728,0.921162035831927,0.9845063123318393,0.9999987500015625,color_intensity,color_intensity,True,keep,G4,wine,frontera
gb_G4_wine,7,1.0,1.0,1.0,1.0,2,0.9836628069610222,0.7292481017021897,0.41841443345780976,0.8797637034040231,0.8935618669985177,0.7714285714285715,0.41841443345780976,0.7712581646620962,0.7871249839954728,0.9178984130423021,0.9882692421459499,0.9999987500015625,color_intensity,color_intensity,True,keep,G4,wine,frontera
gb_G4_wine,8,1.0,1.0,1.0,1.0,2,0.9836628069610222,0.7228969740335613,0.3832920148193679,0.8965060950956403,0.8935618669985177,0.7714285714285715,0.3832920148193679,0.8021963178497196,0.7871249839954728,0.915326488739131,0.990815872341561,0.9999987500015625,color_intensity,color_intensity,True,keep,G4,wine,frontera
gb_G4_wine,9,1.0,1.0,1.0,1.0,2,0.9836628069610222,0.7393544191998245,0.42432839547506146,0.9130922189738604,0.8935618669985177,0.7714285714285715,0.42432839547506146,0.8335669612795615,0.7871249839954728,0.9137731973360997,0.9926174766681592,0.9999987500015625,color_intensity,color_intensity,True,keep,G4,wine,frontera
gb_G4_wine,10,1.0,1.0,1.0,1.0,2,0.9836628069610222,0.7415020828173664,0.4246406722360878,0.9213081413307964,0.8935618669985177,0.7714285714285715,0.4246406722360878,0.8486783361405608,0.7871249839954728,0.9118440311515393,0.993937946521032,0.9999987500015625,color_intensity,color_intensity,True,keep,G4,wine,frontera
gb_G4_wine,11,1.0,1.0,1.0,1.0,2,0.9836628069610222,0.7579971031654253,0.4719195002828041,0.9305536290669724,0.8935618669985177,0.7714285714285715,0.4719195002828041,0.8661731100110956,0.7871249839954728,0.9103909227878243,0.9949341481228491,0.9999987500015625,color_intensity,color_intensity,True,keep,G4,wine,frontera
gb_G4_wine,12,1.0,1.0,1.0,1.0,2,0.9836628069610222,0.7344457360581549,0.38786592767349276,0.9372124477690644,0.8935618669985177,0.7714285714285715,0.38786592767349276,0.8787209138782817,0.7871249839954728,0.9084476393989719,0.9957039816598473,0.9999987500015625,color_intensity,color_intensity,True,keep,G4,wine,frontera
gb_G4_wine,13,1.0,1.0,1.0,1.0,2,0.9836628069610222,0.7405892119921227,0.40331576919192585,0.9432465416828162,0.8935618669985177,0.7714285714285715,0.40331576919192585,0.8901820165137387,0.7871249839954728,0.9065982337278539,0.9963110668518935,0.9999987500015625,color_intensity,color_intensity,True,keep,G4,wine,frontera
gb_G4_wine,14,1.0,1.0,1.0,1.0,2,0.9836628069610222,0.7530979519772636,0.44168945510502267,0.9472330785276628,0.8935618669985177,0.7714285714285715,0.44168945510502267,0.8976679776866345,0.7871249839954728,0.9062611171020245,0.9967981793686912,0.9999987500015625,color_intensity,color_intensity,True,keep,G4,wine,frontera
gb_G4_wine,15,1.0,1.0,1.0,1.0,2,0.9836628069610222,0.7463316863662381,0.4101161852344393,0.9580559399282618,0.8935618669985177,0.7714285714285715,0.4101161852344393,0.9189169505297683,0.7871249839954728,0.9054592802868883,0.9971949293267554,0.9999987500015625,color_intensity,color_intensity,True,keep,G4,wine,frontera
gb_G4_wine,16,1.0,1.0,1.0,1.0,2,0.9836628069610222,0.7657605141156654,0.4743191460102077,0.9587276979950485,0.8935618669985177,0.7714285714285715,0.4743191460102077,0.9199330607881133,0.7871249839954728,0.9043312101098928,0.9975223352019839,0.9999987500015625,color_intensity,color_intensity,True,keep,G4,wine,frontera
gb_G4_wine,17,1.0,1.0,1.0,1.0,2,0.9836628069610222,0.7560434598410977,0.440741857405422,0.9601522272225202,0.8935618669985177,0.7714285714285715,0.440741857405422,0.9225088068350418,0.7871249839954728,0.9035805896933617,0.9977956476099986,0.9999987500015625,color_intensity,color_intensity,True,keep,G4,wine,frontera
gb_G4_wine,18,1.0,1.0,1.0,1.0,2,0.9836628069610222,0.7591330534519571,0.4446372726363897,0.9678361033887968,0.8935618669985177,0.7714285714285715,0.4446372726363897,0.9376460590196856,0.7871249839954728,0.9028678031536627,0.998026147757908,0.9999987500015625,color_intensity,color_intensity,True,keep,G4,wine,frontera
gb_G4_wine,19,1.0,1.0,1.0,1.0,2,0.9836628069610222,0.7441868265776479,0.3950268403548735,0.9675837146293798,0.8935618669985177,0.7714285714285715,0.3950268403548735,0.9369451046156699,0.7871249839954728,0.9022523528848269,0.9982223246430896,0.9999987500015625,color_intensity,color_intensity,True,keep,G4,wine,frontera
svm_G4_wine,0,1.0,1.0,1.0,1.0,2,0.5290908460575648,0.4217578555474162,0.0,0.9999991218222533,0.5558602503061763,0.03333333333333333,0.0,0.9999983944774286,0.44505494505494503,0.9279618686163096,0.999999849167078,0.6666655555574075,flavanoids,color_intensity,False,soft_adjust,G4,wine,frontera
svm_G4_wine,1,0.9722222222222222,0.9725248123940935,0.9753086419753088,0.9722222222222222,2,0.9276359992097074,0.6013806547122316,0.41865234588877365,0.8828381059793666,0.6648347481691926,0.2916666666666667,0.41865234588877365,0.8094480920215422,0.8296703296703296,0.8410190224141856,0.9562281199371909,0.4999991666680556,malic_acid,alcohol,False,keep,G4,wine,frontera
svm_G4_wine,2,0.9722222222222222,0.9725248123940935,0.9753086419753088,0.9722222222222222,2,0.9276359992097074,0.6864989797856014,0.6473275816783609,0.9489011233253412,0.6648347481691926,0.2916666666666667,0.6473275816783609,0.9210959103191468,0.8296703296703296,0.8997459353021934,0.9767063363315355,0.4999991666680556,malic_acid,alcohol,False,keep,G4,wine,frontera
svm_G4_wine,3,0.9722222222222222,0.9725248123940935,0.9753086419753088,0.9722222222222222,2,0.9276359992097074,0.7203985916940371,0.7404095783576886,0.9728011749438908,0.6648347481691926,0.2916666666666667,0.7404095783576886,0.9599691729410356,0.8296703296703296,0.9025728355878946,0.9856331769467461,0.4999991666680556,malic_acid,alcohol,False,soft_adjust,G4,wine,frontera
svm_G4_wine,4,0.9722222222222222,0.9725248123940935,0.9753086419753088,0.9722222222222222,2,0.9293935657879413,0.7166412342855109,0.7773997869331651,0.9823120664477856,0.6469776053120497,0.2916666666666667,0.7773997869331651,0.9751069860014736,0.7939560439560439,0.9029647317447317,0.9895171468940974,0.4999991666680556,malic_acid,alcohol,False,soft_adjust,G4,wine,frontera
svm_G4_wine,5,0.9722222222222222,0.9725248123940935,0.9753086419753088,0.9722222222222222,2,0.9304016354803387,0.7432887734378026,0.8001110670405185,0.9877750605545021,0.6689556272900717,0.2916666666666667,0.8001110670405185,0.983627014111678,0.8379120879120879,0.9026465171673418,0.9919231069973264,0.4999991666680556,malic_acid,alcohol,False,soft_adjust,G4,wine,frontera
svm_G4_wine,6,0.9722222222222222,0.9725248123940935,0.9753086419753088,0.9722222222222222,2,0.9294866385144782,0.7385090402205652,0.786179285406735,0.9903193205911477,0.6648347481691926,0.2916666666666667,0.786179285406735,0.9863413054947464,0.8296703296703296,0.9079609474569943,0.994297335687549,0.4999991666680556,malic_acid,alcohol,False,soft_adjust,G4,wine,frontera
svm_G4_wine,7,0.9722222222222222,0.9725248123940935,0.9753086419753088,0.9722222222222222,2,0.9309409037876218,0.6937887536383676,0.7384057986641503,0.9917718528589529,0.6277468360812806,0.24,0.7384057986641503,0.9891793883598475,0.7554945054945055,0.9068059601561793,0.9943643173580582,0.4999991666680556,malic_acid,alcohol,False,soft_adjust,G4,wine,frontera
svm_G4_wine,8,0.9722222222222222,0.9725248123940935,0.9753086419753088,0.9722222222222222,2,0.9308187109732365,0.7111231278222097,0.7919416496422216,0.9935696251239324,0.6304940888285333,0.24,0.7919416496422216,0.9916967886565117,0.760989010989011,0.9074116462217843,0.9954424615913532,0.4999991666680556,malic_acid,alcohol,False,soft_adjust,G4,wine,frontera
svm_G4_wine,9,0.9722222222222222,0.9725248123940935,0.9753086419753088,0.9722222222222222,2,0.9306534559793626,0.6923318784163714,0.7265219281351304,0.9952599416607377,0.6318677152021597,0.24,0.7265219281351304,0.993985104596327,0.7637362637362637,0.9112436151753751,0.9965347787251483,0.4999991666680556,malic_acid,alcohol,False,soft_adjust,G4,wine,frontera
svm_G4_wine,10,0.9722222222222222,0.9725248123940935,0.9753086419753088,0.9722222222222222,2,0.9312566068594357,0.7067665539042723,0.7620277186164173,0.995208021565409,0.6318677152021597,0.2653061224489796,0.7620277186164173,0.9936334895615511,0.7637362637362637,0.9106174173883907,0.9967825535692669,0.4999991666680556,malic_acid,alcohol,False,soft_adjust,G4,wine,frontera
svm_G4_wine,11,0.9722222222222222,0.9725248123940935,0.9753086419753088,0.9722222222222222,2,0.9298705023237203,0.7277536636751958,0.7449505263137074,0.996778039826191,0.6777466527484527,0.24,0.7449505263137074,0.9957987701574258,0.7554945054945055,0.9150577528339932,0.9977573094949561,0.5999988000023999,malic_acid,alcohol,False,soft_adjust,G4,wine,frontera
svm_G4_wine,12,0.9722222222222222,0.9725248123940935,0.9753086419753088,0.9722222222222222,2,0.9311998606055442,0.7012272966009635,0.7464227110763273,0.9967220563453365,0.6277468360812806,0.2653061224489796,0.7464227110763273,0.995856618239008,0.7554945054945055,0.9128853235706796,0.9975874944516651,0.4999991666680556,malic_acid,alcohol,False,soft_adjust,G4,wine,frontera
svm_G4_wine,13,0.9722222222222222,0.9725248123940935,0.9753086419753088,0.9722222222222222,2,0.9312561569590713,0.6960897239172557,0.741422656629359,0.9973555044162549,0.6277468360812806,0.24,0.741422656629359,0.9968760643527467,0.7554945054945055,0.9125184306948685,0.9978349444797631,0.4999991666680556,malic_acid,alcohol,False,soft_adjust,G4,wine,frontera
svm_G4_wine,14,0.9722222222222222,0.9725248123940935,0.9753086419753088,0.9722222222222222,2,0.9301425057645085,0.6903615065045815,0.7223244418086756,0.9973604925503786,0.6277468360812806,0.24,0.7223244418086756,0.9961863438803603,0.7554945054945055,0.9160246053718007,0.9985346412203969,0.4999991666680556,malic_acid,alcohol,False,soft_adjust,G4,wine,frontera
svm_G4_wine,15,0.9722222222222222,0.9725248123940935,0.9753086419753088,0.9722222222222222,2,0.931589657507752,0.7306930612017294,0.7450339531608589,0.9975469776843466,0.6804939054957054,0.2653061224489796,0.7450339531608589,0.9968689498198665,0.760989010989011,0.9132169579089284,0.9982250055488269,0.5999988000023999,malic_acid,alcohol,False,soft_adjust,G4,wine,frontera
svm_G4_wine,16,0.9722222222222222,0.9725248123940935,0.9753086419753088,0.9722222222222222,2,0.9311216604975622,0.6944404077741987,0.7359049893659105,0.9973794405601653,0.6277468360812806,0.24,0.7359049893659105,0.9961744140238591,0.7554945054945055,0.9151073786931319,0.9985844670964715,0.4999991666680556,malic_acid,alcohol,False,soft_adjust,G4,wine,frontera
svm_G4_wine,17,0.9722222222222222,0.9725248123940935,0.9753086419753088,0.9722222222222222,2,0.931148471779373,0.7025942942905116,0.7613025143016905,0.9978696050541292,0.6291204624549069,0.24,0.7613025143016905,0.997024915953424,0.7582417582417582,0.9158013862234089,0.9987142941548345,0.4999991666680556,malic_acid,alcohol,False,soft_adjust,G4,wine,frontera
svm_G4_wine,18,0.9722222222222222,0.9725248123940935,0.9753086419753088,0.9722222222222222,2,0.9306261153134276,0.705297561028331,0.771290436102565,0.9983455174927091,0.6277468360812806,0.24,0.771290436102565,0.9976683659358732,0.7554945054945055,0.9185745084653244,0.999022669049545,0.4999991666680556,malic_acid,alcohol,False,soft_adjust,G4,wine,frontera
svm_G4_wine,19,0.9722222222222222,0.9725248123940935,0.9753086419753088,0.9722222222222222,2,0.9309599640226288,0.7042342870699959,0.7551006626846237,0.9983364762915107,0.6277468360812806,0.2653061224489796,0.7551006626846237,0.997677628316649,0.7554945054945055,0.9178538491068862,0.9989953242663724,0.4999991666680556,malic_acid,alcohol,False,soft_adjust,G4,wine,frontera
torch_G4_wine,0,0.9166666666666666,0.9176163342830009,0.9277777777777777,0.9166666666666666,2,0.7267410755157471,0.6539476059773079,0.8039554203487392,0.9999995627073499,0.5343402426746872,0.01639344262295082,0.8039554203487392,0.9999999542888934,0.5686813186813187,0.8802985395607371,0.9999991711258063,0.4999991666680556,malic_acid,alcohol,False,keep,G4,wine,frontera
torch_G4_wine,1,0.9166666666666666,0.9176163342830009,0.9277777777777777,0.9166666666666666,2,0.7267410755157471,0.667270191055494,0.7726514293868674,0.9992624063189327,0.6021972021990021,0.03333333333333333,0.7726514293868674,0.9985256415120591,0.6043956043956044,0.9037584939384331,0.9999991711258063,0.5999988000023999,malic_acid,alcohol,False,soft_adjust,G4,wine,frontera
torch_G4_wine,2,0.9444444444444444,0.9436036129748098,0.9493827160493827,0.9444444444444444,2,0.7524721026420593,0.5934959299349452,0.577955147127904,0.9994490321964515,0.5508237591582036,0.03333333333333333,0.577955147127904,0.9989685019859094,0.6016483516483516,0.875036503841592,0.9999295624069937,0.4999991666680556,malic_acid,alcohol,False,soft_adjust,G4,wine,frontera
torch_G4_wine,3,0.9722222222222222,0.9725248123940935,0.9753086419753088,0.9722222222222222,2,0.7877153754234314,0.6909375685815816,0.8947425541399007,0.9992298495622352,0.541208374542819,0.06896551724137931,0.9617422362995012,0.9987426163579719,0.5824175824175825,0.8947425541399007,0.9997170827664983,0.4999991666680556,malic_acid,alcohol,False,soft_adjust,G4,wine,frontera
torch_G4_wine,4,0.9722222222222222,0.9725248123940935,0.9753086419753088,0.9722222222222222,2,0.8097323775291443,0.7023029754874437,0.901796628960195,0.9966661478408911,0.574175407509852,0.06896551724137931,0.9675600383542129,0.9936581954532174,0.6483516483516484,0.901796628960195,0.9996741002285648,0.4999991666680556,malic_acid,alcohol,False,soft_adjust,G4,wine,frontera
torch_G4_wine,5,0.9722222222222222,0.9725248123940935,0.9753086419753088,0.9722222222222222,2,0.8240801095962524,0.6906396809385018,0.9100740764060969,0.9987530662807949,0.5343402426746872,0.05084745762711865,0.9685781802776041,0.9979468085655845,0.5686813186813187,0.9100740764060969,0.9995593239960053,0.4999991666680556,malic_acid,alcohol,False,soft_adjust,G4,wine,frontera
torch_G4_wine,6,0.9722222222222222,0.9725248123940935,0.9753086419753088,0.9722222222222222,2,0.8366842269897461,0.7082113880009275,0.9159826059342602,0.9983315705808931,0.5782962866307311,0.06896551724137931,0.9803570795008801,0.9971927496960775,0.6565934065934066,0.9159826059342602,0.9994703914657086,0.4999991666680556,malic_acid,alcohol,False,soft_adjust,G4,wine,frontera
torch_G4_wine,7,0.9722222222222222,0.9725248123940935,0.9753086419753088,0.9722222222222222,2,0.8527312278747559,0.7154259767905077,0.9215464146040682,0.9974364322585205,0.5975270558615003,0.06896551724137931,0.9881111641691367,0.9955923160290419,0.695054945054945,0.9215464146040682,0.9992805484879993,0.4999991666680556,malic_acid,alcohol,False,soft_adjust,G4,wine,frontera
torch_G4_wine,8,0.9722222222222222,0.9725248123940935,0.9753086419753088,0.9722222222222222,2,0.8676230311393738,0.7085424879541111,0.9264913923176791,0.9969355366236345,0.5700545283889729,0.06896551724137931,0.9864670179452457,0.9947996591155879,0.6401098901098902,0.9264913923176791,0.9990714141316811,0.4999991666680556,malic_acid,alcohol,False,soft_adjust,G4,wine,frontera
torch_G4_wine,9,0.9722222222222222,0.9725248123940935,0.9753086419753088,0.9722222222222222,2,0.8791370391845703,0.8218431915808082,0.9305386478567854,0.9980057666830427,0.8475258058663614,0.06896551724137931,0.9901446445875984,0.9971915888678907,0.695054945054945,0.9305386478567854,0.9988199444981948,0.9999966666777778,malic_acid,alcohol,False,soft_adjust,G4,wine,frontera
torch_G4_wine,10,0.9722222222222222,0.9725248123940935,0.9753086419753088,0.9722222222222222,2,0.8865755796432495,0.7750689464843823,0.934855688267048,0.9961114219457201,0.6888732357491147,0.06896551724137931,0.9902821359965349,0.9936999769493129,0.7527472527472527,0.934855688267048,0.9985228669421274,0.6249992187509766,malic_acid,alcohol,False,soft_adjust,G4,wine,frontera
torch_G4_wine,11,0.9722222222222222,0.9725248123940935,0.9753086419753088,0.9722222222222222,2,0.8922564387321472,0.788090226545733,0.9381209354522027,0.9956520154371733,0.7293950941922516,0.06896551724137931,0.9913640878970447,0.9930955702075778,0.7445054945054945,0.9381209354522027,0.9982084606667689,0.7142846938790087,malic_acid,alcohol,False,soft_adjust,G4,wine,frontera
torch_G4_wine,12,1.0,1.0,1.0,1.0,2,0.8966951370239258,0.7688649333464352,0.9414008925070207,0.997232476591783,0.6607137755109329,0.06896551724137931,0.9913271844019611,0.9966001428886493,0.6071428571428571,0.9414008925070207,0.9978648102949168,0.7142846938790087,malic_acid,alcohol,False,soft_adjust,G4,wine,frontera
torch_G4_wine,13,1.0,1.0,1.0,1.0,2,0.9009328484535217,0.7826670650069738,0.9445057347175448,0.9943195881857037,0.7060434458406033,0.06896551724137931,0.9934765873634203,0.9910696543939466,0.6978021978021978,0.9445057347175448,0.9975695219774606,0.7142846938790087,malic_acid,alcohol,False,soft_adjust,G4,wine,frontera
torch_G4_wine,14,1.0,1.0,1.0,1.0,2,0.9108895659446716,0.7880471074211884,0.945561783722126,0.9964406309051967,0.7211533359504934,0.06896551724137931,0.9930801180017826,0.9951725011697662,0.728021978021978,0.945561783722126,0.9977087606406272,0.7142846938790087,malic_acid,alcohol,False,soft_adjust,G4,wine,frontera
torch_G4_wine,15,1.0,1.0,1.0,1.0,2,0.9196736216545105,0.8322786272653813,0.9467279157958051,0.9972426648218553,0.8667572417602418,0.06896551724137931,0.9937674815155844,0.9966452756132187,0.7335164835164836,0.9467279157958051,0.997840054030492,0.999998000004,malic_acid,alcohol,False,soft_adjust,G4,wine,frontera
torch_G4_wine,16,1.0,1.0,1.0,1.0,2,0.922157347202301,0.7863408470155123,0.9487910479768985,0.9939822304185233,0.7142852040823615,0.06896551724137931,0.9943766832064037,0.9903903009474808,0.7142857142857143,0.9487910479768985,0.9975741598895659,0.7142846938790087,malic_acid,alcohol,False,soft_adjust,G4,wine,frontera
torch_G4_wine,17,1.0,1.0,1.0,1.0,2,0.9264814853668213,0.8303602985841512,0.9498859648631638,0.9973181527545656,0.8571418571448571,0.06896551724137931,0.99481638436224,0.9971538806728855,0.7142857142857143,0.9498859648631638,0.9974824248362456,0.999998000004,malic_acid,alcohol,False,soft_adjust,G4,wine,frontera
torch_G4_wine,18,1.0,1.0,1.0,1.0,2,0.929585337638855,0.7851682438701167,0.9512563121677272,0.9962236106980566,0.7060434458406033,0.06896551724137931,0.9938379981283338,0.9951309359334514,0.6978021978021978,0.9512563121677272,0.997316285462662,0.7142846938790087,malic_acid,alcohol,False,soft_adjust,G4,wine,frontera
torch_G4_wine,19,1.0,1.0,1.0,1.0,2,0.933302640914917,0.8020756202349644,0.9519952540712835,0.9964830904775841,0.7614461920035994,0.06896551724137931,0.994204580049375,0.99563497394496,0.6895604395604396,0.9519952540712835,0.9973312070102083,0.8333319444467593,malic_acid,alcohol,False,soft_adjust,G4,wine,frontera
gb_G4_digits,0,0.9138888888888889,0.914217639130665,0.9171501029045408,0.9138888888888889,9,0.49776154191636396,0.43279862112468676,0.0,0.9999994502839661,0.5926625285123175,0.03333333333333333,0.0,0.999999834032529,0.4710403631456263,0.880918667848881,0.9999990665354032,0.7142846938790087,pixel_21,pixel_19,False,soft_adjust,G4,digits,frontera
gb_G4_digits,1,0.9138888888888889,0.9151862031518151,0.920126631867211,0.9138888888888889,9,0.3864403050437521,0.42907335005077496,0.0,0.9941285088982731,0.5936073547758801,0.01639344262295082,0.0,0.9971272626367219,0.43721564705058835,0.8723106897504618,0.9911297551598243,0.7499990625011719,pixel_21,pixel_19,False,soft_adjust,G4,digits,frontera
gb_G4_digits,2,0.9222222222222223,0.9228322383837372,0.9275262708968709,0.9222222222222223,9,0.37863563401140826,0.4151167783102069,0.0,0.9813912906314506,0.5492298521744808,0.03333333333333333,0.0,0.9663651325930254,0.49846030434836164,0.8850635082186719,0.9964174486698759,0.5999994000006,pixel_29,pixel_19,False,soft_adjust,G4,digits,frontera
gb_G4_digits,3,0.9083333333333333,0.90937644191624,0.9148592256103221,0.9083333333333333,9,0.32150271717473555,0.43478778846667177,0.0,0.9766844211385074,0.6187222772734831,0.03333333333333333,0.0,0.974173972912056,0.48744549204579424,0.8833614050584084,0.9791948693649588,0.7499990625011719,pixel_29,pixel_19,False,soft_adjust,G4,digits,frontera
gb_G4_digits,4,0.9222222222222223,0.9228838111612844,0.9274263014958859,0.9222222222222223,9,0.4180213751856205,0.41697987095854555,0.010626731367053216,0.9891905841171516,0.5467839637523302,0.01639344262295082,0.010626731367053216,0.9821078562409432,0.5380129892323695,0.8742316102054745,0.9962733119933598,0.5555549382722909,pixel_29,pixel_19,False,soft_adjust,G4,digits,frontera
gb_G4_digits,5,0.9138888888888889,0.9148968184162083,0.9193692354142434,0.9138888888888889,9,0.3927924162677459,0.48762118171525265,0.0,0.9855187859573857,0.6875399234306163,0.01639344262295082,0.0,0.989427259800069,0.517938214206422,0.8771512052549251,0.9816103121147026,0.8571416326548105,pixel_29,pixel_19,False,soft_adjust,G4,digits,frontera
gb_G4_digits,6,0.9222222222222223,0.922740707166948,0.9266142480761287,0.9222222222222223,9,0.4031248430757245,0.4382358060483117,0.0740554431175414,0.9724633364902018,0.559677796634996,0.03333333333333333,0.0740554431175414,0.9486262688988596,0.5193561932693919,0.8704035132078167,0.996300404081544,0.5999994000006,pixel_29,pixel_19,False,soft_adjust,G4,digits,frontera
gb_G4_digits,7,0.9138888888888889,0.9150391183616833,0.9200602361362376,0.9138888888888889,9,0.4333628701664064,0.43911615442672286,0.05447409510384715,0.980032751122402,0.5758857937165607,0.03333333333333333,0.05447409510384715,0.9698740147616549,0.5267723686821446,0.8631126363703711,0.990191487483149,0.6249992187509766,pixel_29,pixel_19,False,force_adjust,G4,digits,frontera
gb_G4_digits,8,0.9138888888888889,0.9151945944605125,0.919750640020014,0.9138888888888889,9,0.3338338190286527,0.41937338965074245,0.02241980996471439,0.9675551081155289,0.5347128068207967,0.06896551724137931,0.02241980996471439,0.9402262353581741,0.5138706753693026,0.8749617346370461,0.9948839808728837,0.5555549382722909,pixel_29,pixel_19,False,force_adjust,G4,digits,frontera
gb_G4_digits,9,0.9194444444444444,0.9204339950085086,0.9233913555546992,0.9194444444444444,9,0.37471606990615697,0.43219397259651116,0.016744785313004655,0.9882864307159175,0.5836630977454347,0.03333333333333333,0.016744785313004655,0.9849691074578818,0.5423269767398928,0.8754553142316184,0.9916037539739532,0.6249992187509766,pixel_29,pixel_19,False,force_adjust,G4,digits,frontera
gb_G4_digits,10,0.9194444444444444,0.9199912514973942,0.9223284969291411,0.9194444444444444,9,0.38746268587873933,0.4349069531057721,0.01697652272474724,0.9815606077861887,0.5980794811393357,0.03333333333333333,0.01697652272474724,0.9751883308657786,0.559795904426906,0.8720843058049301,0.9879328847065988,0.6363630578517656,pixel_29,pixel_19,False,force_adjust,G4,digits,frontera
gb_G4_digits,11,0.9166666666666666,0.9179686912060971,0.9217620474924827,0.9166666666666666,9,0.29316471823325885,0.441610813466087,0.04973553703738319,0.9448529394713769,0.6004402996694029,0.06896551724137931,0.04973553703738319,0.8993394344332435,0.48659590545979703,0.868616381473989,0.9903664445095103,0.7142846938790087,pixel_29,pixel_19,False,force_adjust,G4,digits,frontera
gb_G4_digits,12,0.9166666666666666,0.9179619386179185,0.921916368480137,0.9166666666666666,9,0.36342521102828007,0.40022834628148196,0.0,0.9787926650812944,0.5017672667038612,0.03333333333333333,0.0,0.966431079751648,0.5035350334072224,0.8681070947309752,0.9911542504109406,0.4999995000005,pixel_29,pixel_19,False,force_adjust,G4,digits,frontera
gb_G4_digits,13,0.9166666666666666,0.9179619386179185,0.921916368480137,0.9166666666666666,9,0.36053451838000894,0.4088035409719546,0.012297157885437225,0.9752078653775418,0.52104142420646,0.03333333333333333,0.012297157885437225,0.9573261943037552,0.49662879882569233,0.8684573272387187,0.9930895364513282,0.5454540495872277,pixel_29,pixel_19,False,force_adjust,G4,digits,frontera
gb_G4_digits,14,0.9166666666666666,0.9181787584568932,0.9225988768071345,0.9166666666666666,9,0.3561771417089294,0.5007446901795837,0.028851092760421502,0.9829255560618437,0.7003599111199879,0.03333333333333333,0.028851092760421502,0.973071607865563,0.5435781895851652,0.8684129805904695,0.9927795042581244,0.8571416326548105,pixel_29,pixel_19,False,soft_adjust,G4,digits,frontera
gb_G4_digits,15,0.9138888888888889,0.9147542173131777,0.9175656351261191,0.9138888888888889,9,0.3838471860107513,0.48755398482153184,0.025290213164273878,0.9775283449337273,0.6686844214736551,0.01639344262295082,0.025290213164273878,0.9735322887903431,0.5040368985005509,0.8510611913655779,0.9815244010771114,0.8333319444467593,pixel_29,pixel_19,False,force_adjust,G4,digits,frontera
gb_G4_digits,16,0.9138888888888889,0.9151461786599921,0.9186535091520893,0.9138888888888889,9,0.33330324603044237,0.43003019450882274,0.03698549132670481,0.9815787681540178,0.5439834249536666,0.06896551724137931,0.03698549132670481,0.9737816428534611,0.487967449906733,0.876757689720694,0.9893758934545746,0.5999994000006,pixel_29,pixel_19,False,force_adjust,G4,digits,frontera
gb_G4_digits,17,0.9166666666666666,0.91814486111345,0.9225196232500582,0.9166666666666666,9,0.349957588961572,0.41907019437290827,0.0427782628534071,0.9901543563382524,0.5123270881077433,0.03333333333333333,0.0427782628534071,0.9889985331353414,0.479200126628259,0.8760510821897339,0.9913101795411635,0.5454540495872277,pixel_29,pixel_19,False,force_adjust,G4,digits,frontera
gb_G4_digits,18,0.9138888888888889,0.915102563271549,0.9192191504189503,0.9138888888888889,9,0.347360033551058,0.4465099596815839,0.0,0.9880872098542395,0.6304777654393905,0.06896551724137931,0.0,0.9807548761858538,0.510956468377609,0.8747463115154449,0.9954195435226252,0.7499990625011719,pixel_29,pixel_19,False,force_adjust,G4,digits,frontera
gb_G4_digits,19,0.9055555555555556,0.9062771699867201,0.9105513604054565,0.9055555555555556,9,0.3354106893827681,0.4027872447393737,0.0,0.9856599576530526,0.5045741844203686,0.03333333333333333,0.0,0.9827124534236125,0.4636943192535095,0.8689723988798139,0.9886074618824927,0.5454540495872277,pixel_29,pixel_19,False,force_adjust,G4,digits,frontera
svm_G4_digits,0,0.9638888888888889,0.9639222653990172,0.9640960348011764,0.9638888888888889,5,0.29205494315978886,0.6280436195318081,0.7103691055886305,0.9999990687846871,0.47570299478941636,0.14814814814814814,0.7103691055886305,0.9999997666181236,0.506962038961,0.8210321541914727,0.9999983709512508,0.44444395061783265,pixel_21,pixel_10,False,soft_adjust,G4,digits,frontera
svm_G4_digits,1,0.9638888888888889,0.9639222653990172,0.9640960348011764,0.9638888888888889,5,0.29295265749755617,0.6238589309799178,0.6974965253641844,0.9994185744957007,0.4751103584150502,0.14814814814814814,0.6974965253641844,0.9988469099250887,0.5057767662122679,0.8097189383944847,0.9999902390663127,0.44444395061783265,pixel_21,pixel_10,False,soft_adjust,G4,digits,frontera
svm_G4_digits,2,0.9638888888888889,0.9639222653990172,0.9640960348011764,0.9638888888888889,5,0.29295265749755617,0.638977499928375,0.7187305505148366,0.9992835951022572,0.5043840459204584,0.14814814814814814,0.7187305505148366,0.998572423704086,0.5087687168401356,0.8104412343109366,0.9999947665004282,0.49999937500078123,pixel_21,pixel_10,False,soft_adjust,G4,digits,frontera
svm_G4_digits,3,0.9638888888888889,0.9639222653990172,0.9640960348011764,0.9638888888888889,5,0.29295265749755617,0.6568148468521618,0.7723843508830718,0.9993024938979029,0.5101723196351411,0.14814814814814814,0.7815545789995975,0.9986086386541851,0.520345264269501,0.7723843508830718,0.9999963491416206,0.49999937500078123,pixel_21,pixel_10,False,soft_adjust,G4,digits,frontera
svm_G4_digits,4,0.9638888888888889,0.9639222653990172,0.9640960348011764,0.9638888888888889,5,0.29295265749755617,0.6322520187705825,0.7042108314545736,0.9990987922936564,0.49663949679524677,0.14814814814814814,0.7042108314545736,0.9982005033573836,0.49327961858971237,0.8186412713137822,0.9999970812299291,0.49999937500078123,pixel_21,pixel_10,False,soft_adjust,G4,digits,frontera
svm_G4_digits,5,0.9638888888888889,0.9639222653990172,0.9640960348011764,0.9638888888888889,5,0.29295265749755617,0.6460451176565378,0.7669888478700829,0.998627527905559,0.4802311969896701,0.14814814814814814,0.7669888478700829,0.9972575770420777,0.5160184433615076,0.7757361853419887,0.9999974787690401,0.44444395061783265,pixel_21,pixel_10,False,soft_adjust,G4,digits,frontera
svm_G4_digits,6,0.9638888888888889,0.9639222653990172,0.9640960348011764,0.9638888888888889,5,0.29295265749755617,0.6640098151235443,0.8091683007406765,0.9797798070793469,0.502808916727657,0.16981132075471697,0.8091683007406765,0.9596491322470299,0.5611738828374815,0.8204948981124175,0.999910481911664,0.44444395061783265,pixel_6,pixel_10,False,soft_adjust,G4,digits,frontera
svm_G4_digits,7,0.9638888888888889,0.9639222653990172,0.9640960348011764,0.9638888888888889,5,0.29295265749755617,0.6748952115462398,0.8171915772210046,0.9856904814825364,0.5261447329869892,0.16981132075471697,0.8171915772210046,0.9714498011429711,0.552290090973197,0.8360286150432302,0.9999311618221016,0.49999937500078123,pixel_6,pixel_10,False,soft_adjust,G4,digits,frontera
svm_G4_digits,8,0.9638888888888889,0.9639222653990172,0.9640960348011764,0.9638888888888889,5,0.29295265749755617,0.6607225783278421,0.8073922518676986,0.9875287320167612,0.5282160834216668,0.08771929824561403,0.8731251966169166,0.9751121451969573,0.5564327918425525,0.8073922518676986,0.9999453188365651,0.49999937500078123,pixel_6,pixel_10,False,soft_adjust,G4,digits,frontera
svm_G4_digits,9,0.9638888888888889,0.9639222653990172,0.9640960348011764,0.9638888888888889,5,0.29295265749755617,0.6689013375167608,0.7944264431615784,0.9916982837952172,0.5239237850209181,0.16981132075471697,0.8323269380907615,0.9834411341932677,0.5478481950410549,0.7944264431615784,0.9999554333971666,0.49999937500078123,pixel_6,pixel_10,False,soft_adjust,G4,digits,frontera
svm_G4_digits,10,0.9638888888888889,0.9639222653990172,0.9640960348011764,0.9638888888888889,5,0.29295265749755617,0.6671229549207118,0.7929349636142985,0.9931271312848061,0.5182966163400436,0.16981132075471697,0.8173053614416989,0.9862913526369942,0.536593857679306,0.7929349636142985,0.999962909932618,0.49999937500078123,pixel_6,pixel_10,False,soft_adjust,G4,digits,frontera
svm_G4_digits,11,0.9638888888888889,0.9639222653990172,0.9640960348011764,0.9638888888888889,5,0.29295265749755617,0.6678979374653262,0.7977132667984089,0.9920673239726863,0.5169847610647478,0.16981132075471697,0.8210214691961446,0.9841660559449666,0.5339701471287143,0.7977132667984089,0.9999685920004058,0.49999937500078123,pixel_6,pixel_10,False,soft_adjust,G4,digits,frontera
svm_G4_digits,12,0.9638888888888889,0.9639222653990172,0.9640960348011764,0.9638888888888889,5,0.29295265749755617,0.6460139991028117,0.8009868742150881,0.9927061127544639,0.4812783797094238,0.08771929824561403,0.8719522831110382,0.9854392144283065,0.518112808801015,0.8009868742150881,0.9999730110806211,0.44444395061783265,pixel_6,pixel_10,False,soft_adjust,G4,digits,frontera
svm_G4_digits,13,0.9638888888888889,0.9639222653990172,0.9640960348011764,0.9638888888888889,5,0.29295265749755617,0.670677140027432,0.7994352449998899,0.9927633136261323,0.5239468000257478,0.16981132075471697,0.836259990099968,0.9855501117267853,0.5478942250507144,0.7994352449998899,0.9999765155254794,0.49999937500078123,pixel_6,pixel_10,False,soft_adjust,G4,digits,frontera
svm_G4_digits,14,0.9638888888888889,0.9639222653990172,0.9640960348011764,0.9638888888888889,5,0.29295265749755617,0.661968588291826,0.8000380035536679,0.9960488432051866,0.491577594370738,0.16981132075471697,0.8212906839284444,0.9921183450383984,0.5387112381236433,0.8000380035536679,0.9999793413719748,0.44444395061783265,pixel_6,pixel_10,False,soft_adjust,G4,digits,frontera
svm_G4_digits,15,0.9638888888888889,0.9639222653990172,0.9640960348011764,0.9638888888888889,5,0.29295265749755617,0.6633958337174286,0.8032084942398994,0.9957299866175653,0.493430302259533,0.16981132075471697,0.8032084942398994,0.9914783200831138,0.5424166539012334,0.8300940007906896,0.9999816531520167,0.44444395061783265,pixel_6,pixel_10,False,soft_adjust,G4,digits,frontera
svm_G4_digits,16,0.9638888888888889,0.9639222653990172,0.9640960348011764,0.9638888888888889,5,0.29295265749755617,0.6620386390840574,0.7949226228735135,0.9938092583733447,0.49879279838486523,0.16981132075471697,0.8485749505037595,0.9876349483517834,0.5531416461518979,0.7949226228735135,0.9999835683949058,0.44444395061783265,pixel_6,pixel_10,False,soft_adjust,G4,digits,frontera
svm_G4_digits,17,0.9638888888888889,0.9639222653990172,0.9640960348011764,0.9638888888888889,5,0.29295265749755617,0.6494386393020104,0.7973445809919083,0.9972011755704867,0.492590254583247,0.08771929824561403,0.8083091844675673,0.9944171782752629,0.5407365585486614,0.7973445809919083,0.9999851728657105,0.44444395061783265,pixel_6,pixel_10,False,soft_adjust,G4,digits,frontera
svm_G4_digits,18,0.9638888888888889,0.9639222653990172,0.9640960348011764,0.9638888888888889,5,0.29295265749755617,0.6494738119759834,0.7901922029857249,0.9969626769930936,0.5000586236505017,0.08771929824561403,0.8357198563478603,0.9939388236495866,0.5556732966831707,0.7901922029857249,0.9999865303366006,0.44444395061783265,pixel_6,pixel_10,False,soft_adjust,G4,digits,frontera
svm_G4_digits,19,0.9638888888888889,0.9639222653990172,0.9640960348011764,0.9638888888888889,5,0.29295265749755617,0.6605275514351855,0.8070157357534475,0.9972257798870761,0.5198616366684667,0.08771929824561403,0.843756947377696,0.9944638707511202,0.5397238983361523,0.8070157357534475,0.9999876890230319,0.49999937500078123,pixel_6,pixel_10,False,soft_adjust,G4,digits,frontera
torch_G4_digits,0,0.975,0.9749034026660796,0.9751237392781511,0.975,5,0.9820000529289246,0.6269122976401148,0.6941053113905105,0.9999886694617396,0.5184188070689488,0.08771929824561403,0.998586924238977,0.9999999994307411,0.5368388641347728,0.6941053113905105,0.999977339492738,0.499998750003125,pixel_6,pixel_10,False,keep,G4,digits,frontera
torch_G4_digits,1,0.975,0.9749034026660796,0.9751237392781511,0.975,5,0.9820000529289246,0.6296922521631898,0.6956819511007238,0.9995557338410979,0.5167576826708985,0.10714285714285714,0.9988978171883217,0.9991341281894577,0.533516615338672,0.6956819511007238,0.999977339492738,0.499998750003125,pixel_6,pixel_10,False,keep,G4,digits,frontera
torch_G4_digits,2,0.975,0.9749034026660796,0.9751237392781511,0.975,5,0.9820000529289246,0.6277631140849151,0.6875329495618653,0.9985443275920982,0.5193190624896751,0.10714285714285714,0.9988112785005872,0.9971113156914584,0.5386393749762252,0.6875329495618653,0.999977339492738,0.499998750003125,pixel_6,pixel_10,False,keep,G4,digits,frontera
torch_G4_digits,3,0.975,0.9749034026660796,0.9751237392781511,0.975,5,0.9820000529289246,0.6482188724847191,0.6782542883721743,0.9957795474385915,0.5990875684733015,0.10714285714285714,0.9987850748453416,0.991581755384445,0.5315106924947512,0.6782542883721743,0.999977339492738,0.6666644444518518,pixel_6,pixel_10,False,keep,G4,digits,frontera
torch_G4_digits,4,0.975,0.9749034026660796,0.9751237392781511,0.975,5,0.9820000529289246,0.6326390722472164,0.7039704343222091,0.9987271969662052,0.518982380458579,0.10714285714285714,0.9987743681008118,0.9974770544396723,0.5379660109140331,0.7039704343222091,0.999977339492738,0.499998750003125,pixel_6,pixel_10,False,keep,G4,digits,frontera
torch_G4_digits,5,0.975,0.9749034026660796,0.9751237392781511,0.975,5,0.9820000529289246,0.6501068216600607,0.683552738595999,0.9965993544752998,0.5993991096366919,0.10714285714285714,0.998696197756246,0.9932213694578614,0.5321337748215319,0.683552738595999,0.999977339492738,0.6666644444518518,pixel_6,pixel_10,False,keep,G4,digits,frontera
torch_G4_digits,6,0.975,0.9749034026660796,0.9751237392781511,0.975,5,0.9820000529289246,0.6409943842880883,0.7046347451584195,0.9947844160318877,0.5181205287312765,0.16981132075471697,0.998926440810329,0.9899985790016862,0.5362423074594278,0.7046347451584195,0.9995702530620894,0.499998750003125,pixel_6,pixel_10,False,keep,G4,digits,frontera
torch_G4_digits,7,0.975,0.9749034026660796,0.9751237392781511,0.975,5,0.9820000529289246,0.6397646511550028,0.7260922046557545,0.9974717357454809,0.5216587575015925,0.10714285714285714,0.9989313434517851,0.9952764288564777,0.54331876500006,0.7260922046557545,0.999667042634484,0.499998750003125,pixel_6,pixel_10,False,keep,G4,digits,frontera
torch_G4_digits,8,0.975,0.9749034026660796,0.9751237392781511,0.975,5,0.9820000529289246,0.6561376488486654,0.7034119908479471,0.9954418332291954,0.6006072157185128,0.10714285714285714,0.9990435985314641,0.9911506060685568,0.5345499869851739,0.7034119908479471,0.9997330603898341,0.6666644444518518,pixel_6,pixel_10,False,keep,G4,digits,frontera
torch_G4_digits,9,0.975,0.9749034026660796,0.9751237392781511,0.975,5,0.9820000529289246,0.656322320671215,0.701260696753719,0.9979393456902619,0.6012928221703511,0.10714285714285714,0.9989265506641488,0.9960985999325566,0.5359211998888505,0.701260696753719,0.9997800914479671,0.6666644444518518,pixel_6,pixel_10,False,keep,G4,digits,frontera
torch_G4_digits,10,0.975,0.9749034026660796,0.9751237392781511,0.975,5,0.9820000529289246,0.6260151640990231,0.7011279228176169,0.9983839125071599,0.5191199384691372,0.06896551724137931,0.9989999670753287,0.9969530495634608,0.5382411269351492,0.7011279228176169,0.999814775450859,0.499998750003125,pixel_6,pixel_10,False,keep,G4,digits,frontera
torch_G4_digits,11,0.975,0.9749034026660796,0.9751237392781511,0.975,5,0.9820000529289246,0.6339283284145938,0.7106618131384045,0.9981930532357681,0.5170336419756727,0.10714285714285714,0.9989763120274212,0.9965450219480926,0.5340685339482205,0.7106618131384045,0.9998410845234436,0.499998750003125,pixel_6,pixel_10,False,keep,G4,digits,frontera
torch_G4_digits,12,0.975,0.9749034026660796,0.9751237392781511,0.975,5,0.9820000529289246,0.6310166239930459,0.7139101024563507,0.9965721308805955,0.5151422193304991,0.08771929824561403,0.9990789999073547,0.9932827486855484,0.5302856886578731,0.7139101024563507,0.9998615130756424,0.499998750003125,pixel_6,pixel_10,False,keep,G4,digits,frontera
torch_G4_digits,13,0.975,0.9749034026660796,0.9751237392781511,0.975,5,0.9820000529289246,0.6289310489651482,0.7141878003810755,0.9985711182175318,0.5156236723674523,0.06896551724137931,0.9989673161508164,0.9972645448858022,0.5312485947317797,0.7141878003810755,0.9998776915492613,0.499998750003125,pixel_6,pixel_10,False,keep,G4,digits,frontera
torch_G4_digits,14,0.975,0.9749034026660796,0.9751237392781511,0.975,5,0.9820000529289246,0.6347509367492621,0.714334339385097,0.9989059766188334,0.5155090406919873,0.10714285714285714,0.9989322057701063,0.9979212311117737,0.5310193313808496,0.714334339385097,0.9998907221258931,0.499998750003125,pixel_6,pixel_10,False,keep,G4,digits,frontera
torch_G4_digits,15,0.975,0.9749034026660796,0.9751237392781511,0.975,5,0.9820000529289246,0.6428704890669239,0.7328210643104438,0.9945654040947012,0.5176396988640215,0.12727272727272726,0.998810372843127,0.9892294366368388,0.5352806477249179,0.7328210643104438,0.9999013715525634,0.499998750003125,pixel_6,pixel_10,False,keep,G4,digits,frontera
torch_G4_digits,16,0.975,0.9749034026660796,0.9751237392781511,0.975,5,0.9820000529289246,0.631671386492382,0.7066449010274725,0.9988126769723814,0.5130110612320544,0.10714285714285714,0.9991035158327466,0.9977151673619441,0.5260233724609839,0.7066449010274725,0.9999101865828187,0.499998750003125,pixel_6,pixel_10,False,keep,G4,digits,frontera
torch_G4_digits,17,0.975,0.9749034026660796,0.9751237392781511,0.975,5,0.9820000529289246,0.6280860270115826,0.7068577051256406,0.9979011271429468,0.5206953536731559,0.06896551724137931,0.9990952078580393,0.9958846886934392,0.5413919573431868,0.7068577051256406,0.9999175655924545,0.499998750003125,pixel_6,pixel_10,False,keep,G4,digits,frontera
torch_G4_digits,18,0.975,0.9749034026660796,0.9751237392781511,0.975,5,0.9820000529289246,0.6311997935148033,0.6981693447935962,0.9984144335235016,0.5202465104147349,0.10714285714285714,0.9990597446100741,0.9969050626451185,0.5404942708263447,0.6981693447935962,0.9999238044018847,0.499998750003125,pixel_6,pixel_10,False,keep,G4,digits,frontera
torch_G4_digits,19,0.975,0.9749034026660796,0.9751237392781511,0.975,5,0.9820000529289246,0.6345065935094865,0.7134303294760135,0.9986420089221242,0.515818546215743,0.10714285714285714,0.9991165740854382,0.9973548914438112,0.5316383424283609,0.7134303294760135,0.9999291264004372,0.499998750003125,pixel_6,pixel_10,False,keep,G4,digits,frontera
gb_G4_covertype,0,0.712,0.7064547839115479,0.711136125602566,0.712,1,0.5268024833968711,0.7242740182786276,0.6010888355550932,0.9999997653430295,0.6849529593826793,0.5897435897435898,0.754012872023321,0.9999997941381602,0.5365732798758909,0.6010888355550932,0.9999997365478986,0.8333326388894676,f0,f0,True,soft_adjust,G4,covertype,frontera
gb_G4_covertype,1,0.718,0.7120632737268774,0.7166669056169056,0.718,1,0.5192195623743509,0.5474821127577161,0.0,0.9993292081014282,0.6064517500602441,0.7714285714285715,0.0,0.9988972460849009,0.3795708612310205,0.6407795368346885,0.9997611701179556,0.8333326388894676,f0,f0,True,soft_adjust,G4,covertype,frontera
gb_G4_covertype,2,0.707,0.6987092215063961,0.7069990512468057,0.707,1,0.8681237670765809,0.49127418449607085,0.0,0.7940038623814427,0.815333806592111,0.19230769230769232,0.0,0.6,0.7973349742947542,0.5776737340824459,0.9880077247628856,0.8333326388894676,f5,f0,False,soft_adjust,G4,covertype,frontera
gb_G4_covertype,3,0.709,0.7025726073374456,0.7076633821770334,0.709,1,0.5301441662354426,0.6976663421054069,0.5781258086954176,0.9951556533285402,0.6232604923436937,0.5897435897435898,0.6717079320471052,0.9924935319524466,0.4131883457979199,0.5781258086954176,0.9978177747046337,0.8333326388894676,f0,f0,True,soft_adjust,G4,covertype,frontera
gb_G4_covertype,4,0.71,0.7024943986559121,0.7062121633268691,0.71,1,0.8575093094893621,0.49252250698110633,0.0,0.7942912473699879,0.8248794869400184,0.16981132075471697,0.0,0.6,0.8164263349905694,0.5842328707583532,0.988582494739976,0.8333326388894676,f5,f0,False,soft_adjust,G4,covertype,frontera
gb_G4_covertype,5,0.713,0.7069837735074679,0.7159382677728239,0.713,1,0.5356236182918525,0.7204503695718647,0.5301042357174042,0.962297354281167,0.708371423176728,0.7222222222222222,0.6998135700439388,0.9870713799135266,0.5834102074639882,0.5301042357174042,0.9375233286488076,0.8333326388894676,f0,f0,True,soft_adjust,G4,covertype,frontera
gb_G4_covertype,6,0.715,0.7085509437307198,0.7180655485566556,0.715,1,0.5530539560576521,0.7368982457134814,0.5446456483510443,0.9716240133607252,0.740884048448845,0.7222222222222222,0.7357490202553515,0.9851724517347197,0.4817690968966902,0.5446456483510443,0.9580755749867307,0.999999000001,f0,f0,True,soft_adjust,G4,covertype,frontera
gb_G4_covertype,7,0.703,0.6961219948444517,0.7067611064844171,0.703,1,0.5625013651252149,0.7783219031013433,0.5416914257656029,0.9793902818984019,0.7678063496568734,0.9375,0.7088950067449099,0.989653620310009,0.5356136993127468,0.5416914257656029,0.969126943486795,0.999999000001,f0,f0,True,soft_adjust,G4,covertype,frontera
gb_G4_covertype,8,0.71,0.7030237498577352,0.7137162797638972,0.71,1,0.5467604440116243,0.7188825376724982,0.5341860104261891,0.9811438757383386,0.6833581075890787,0.7222222222222222,0.6602251707428953,0.9902759473266416,0.5333835762886898,0.5341860104261891,0.9720118041500355,0.8333326388894676,f0,f0,True,soft_adjust,G4,covertype,frontera
gb_G4_covertype,9,0.722,0.7158230796881938,0.7228000061402895,0.722,1,0.5281568761863633,0.7460183027594747,0.6109419777478456,0.9884801283460309,0.7959546968531015,0.5121951219512195,0.7162952405376182,0.9919671711367406,0.591910393705203,0.6109419777478456,0.9849930855553213,0.999999000001,f0,f0,True,soft_adjust,G4,covertype,frontera
gb_G4_covertype,10,0.712,0.704941983916889,0.7103835384730199,0.712,1,0.5353699504615587,0.7405500371424822,0.6219424334791742,0.9909730975905146,0.7457467756703378,0.55,0.7566854430303104,0.992773454520525,0.49149455133967557,0.6219424334791742,0.9891727406605041,0.999999000001,f0,f0,True,soft_adjust,G4,covertype,frontera
gb_G4_covertype,11,0.714,0.7072565422920996,0.7113709770808233,0.714,1,0.5541940329031063,0.7559046136504705,0.6102195494959085,0.9927816475614728,0.7663549826868887,0.631578947368421,0.7255402767283223,0.9960357885303173,0.5327109653727774,0.6102195494959085,0.9895275065926284,0.999999000001,f0,f0,True,soft_adjust,G4,covertype,frontera
gb_G4_covertype,12,0.706,0.6987591118138332,0.7029706518013026,0.706,1,0.5235705902886963,0.725193107254305,0.6086474822452936,0.9906394645592626,0.6673405144521272,0.631578947368421,0.7545883887653485,0.99272653908468,0.33468202890325427,0.6086474822452936,0.9885523900338451,0.999999000001,f0,f0,True,soft_adjust,G4,covertype,frontera
gb_G4_covertype,13,0.706,0.6987591118138332,0.7029706518013026,0.706,1,0.5242295763076353,0.7020779217667587,0.6081335401337613,0.9920285358496828,0.6673405144521272,0.47619047619047616,0.6892163312877163,0.9938640015374852,0.33468202890325427,0.6081335401337613,0.9901930701618802,0.999999000001,f0,f0,True,soft_adjust,G4,covertype,frontera
gb_G4_covertype,14,0.707,0.6996225127800426,0.7038194280414695,0.707,1,0.5238385824414119,0.682632125233934,0.6065800975801202,0.9940823948703481,0.6023630860457985,0.47619047619047616,0.6829772264524744,0.9940530416192483,0.37139353320212937,0.6065800975801202,0.9941117481214478,0.8333326388894676,f0,f0,True,soft_adjust,G4,covertype,frontera
gb_G4_covertype,15,0.707,0.6994412779875203,0.7037384305210916,0.707,1,0.5363484296661101,0.7634618691125724,0.6085208542005829,0.9951441034298957,0.7459541788719679,0.7222222222222222,0.7255864193253369,0.9964437846389406,0.491909357742936,0.6085208542005829,0.9938444222208508,0.999999000001,f0,f0,True,soft_adjust,G4,covertype,frontera
gb_G4_covertype,16,0.706,0.6985637395617381,0.7021844155430371,0.706,1,0.5297016505616504,0.7276741891068996,0.6010483823658681,0.9954227001532714,0.6792238575118608,0.631578947368421,0.7610399848702267,0.9965823603682569,0.3584487150227215,0.6010483823658681,0.9942630399382859,0.999999000001,f0,f0,True,soft_adjust,G4,covertype,frontera
gb_G4_covertype,17,0.708,0.7008407912202929,0.7051697755883963,0.708,1,0.5016054125812129,0.6843387825551743,0.612332874730521,0.9927846498599584,0.60338062080819,0.47619047619047616,0.7111458936284218,0.9938793550559939,0.37342860272691236,0.612332874730521,0.991689944663923,0.8333326388894676,f0,f0,True,soft_adjust,G4,covertype,frontera
gb_G4_covertype,18,0.706,0.6986374146750026,0.7030735416403121,0.706,1,0.5189097185166442,0.7468954294575936,0.6119797153443185,0.9928380139230388,0.68919559346735,0.7222222222222222,0.7656605772060059,0.9954100674593708,0.37839218693370014,0.6119797153443185,0.990265960386707,0.999999000001,f0,f0,True,soft_adjust,G4,covertype,frontera
gb_G4_covertype,19,0.709,0.7013024514330988,0.7054364672364671,0.709,1,0.5121844261873318,0.6848952296931521,0.6105842415698554,0.9941306476805956,0.6058624129115839,0.47619047619047616,0.74618014158978,0.9957032274043661,0.37839218693370014,0.6105842415698554,0.992558067956825,0.8333326388894676,f0,f0,True,soft_adjust,G4,covertype,frontera
svm_G4_covertype,0,0.673,0.6639443814258459,0.6571428784504335,0.673,1,0.8770118339828243,0.5256874864537059,0.0,0.9999980564977258,0.7300710188753592,0.37777777777777777,0.0,0.9999965801724704,0.46014303774971854,0.15272999017532643,0.9999995328229813,0.999999000001,f0,f0,True,keep,G4,covertype,frontera
svm_G4_covertype,1,0.673,0.6639443814258459,0.6571428784504335,0.673,1,0.8770118339828243,0.5538810795230417,0.09397865936040778,0.9999980375425797,0.7300710188753592,0.37777777777777777,0.9786626980754287,0.9999965422621782,0.46014303774971854,0.09397865936040778,0.9999995328229813,0.999999000001,f0,f0,True,keep,G4,covertype,frontera
svm_G4_covertype,2,0.673,0.6639443814258459,0.6571428784504335,0.673,1,0.8770118339828243,0.5256874486052875,0.0,0.9999979051040524,0.7300710188753592,0.37777777777777777,0.0,0.9999962773851235,0.46014303774971854,0.1991048619269481,0.9999995328229813,0.999999000001,f0,f0,True,keep,G4,covertype,frontera
svm_G4_covertype,3,0.673,0.6639443814258459,0.6571428784504335,0.673,1,0.8770118339828243,0.5256874690078144,0.0,0.99999798671416,0.7300710188753592,0.37777777777777777,0.0,0.9999964406053387,0.46014303774971854,0.19244181629225196,0.9999995328229813,0.999999000001,f0,f0,True,soft_adjust,G4,covertype,frontera
svm_G4_covertype,4,0.672,0.6628039085308932,0.6559475892528523,0.672,1,0.9163895756291218,0.5374398657580279,0.0,0.994870823676502,0.7414769669048688,0.4418604651162791,0.0,0.9988913117418685,0.4829549338087375,0.052630552435586,0.9908503356111357,0.999999000001,f0,f0,True,keep,G4,covertype,frontera
svm_G4_covertype,5,0.672,0.6628039085308932,0.6559475892528523,0.672,1,0.9163895756291218,0.5378322718966035,0.0,0.9964404482308044,0.7414769669048688,0.4418604651162791,0.0,0.9992473226931823,0.4829549338087375,0.0219896319837339,0.9936335737684264,0.999999000001,f0,f0,True,soft_adjust,G4,covertype,frontera
svm_G4_covertype,6,0.673,0.6639443814258459,0.6571428784504335,0.673,1,0.8770118339828243,0.5283238824165162,0.0,0.9977612211798408,0.7301554019993894,0.34782608695652173,0.0,0.9967462337926478,0.460311803997779,0.13971705020375116,0.9987762085670339,0.999999000001,f0,f0,True,soft_adjust,G4,covertype,frontera
svm_G4_covertype,7,0.673,0.6639443814258459,0.6571428784504335,0.673,1,0.8770331079431433,0.5284533058691336,0.0,0.9982789149903109,0.7301554019993894,0.34782608695652173,0.0,0.9974857237913353,0.460311803997779,0.15249028082979899,0.9990721061892864,0.999999000001,f0,f0,True,soft_adjust,G4,covertype,frontera
svm_G4_covertype,8,0.673,0.6639443814258459,0.6571428784504335,0.673,1,0.8770331079431433,0.5285365355210373,0.0,0.9986118335979253,0.7301554019993894,0.34782608695652173,0.0,0.9979551112980862,0.460311803997779,0.15431020859319972,0.9992685558977644,0.999999000001,f0,f0,True,soft_adjust,G4,covertype,frontera
svm_G4_covertype,9,0.673,0.6639443814258459,0.6571428784504335,0.673,1,0.8770331079431433,0.5285909120290064,0.0,0.9988293396298018,0.7301554019993894,0.34782608695652173,0.0,0.9982500569767756,0.460311803997779,0.1308944700695752,0.9994086222828281,0.999999000001,f0,f0,True,soft_adjust,G4,covertype,frontera
svm_G4_covertype,10,0.673,0.6639443814258459,0.6571428784504335,0.673,1,0.8770331079431433,0.5286397402651206,0.0,0.9990246525742588,0.7301554019993894,0.34782608695652173,0.0,0.9985373234767044,0.460311803997779,0.12885126492080148,0.9995119816718132,0.999999000001,f0,f0,True,soft_adjust,G4,covertype,frontera
svm_G4_covertype,11,0.673,0.6639443814258459,0.6571428784504335,0.673,1,0.8770331079431433,0.528669675371601,0.0,0.9991443930001802,0.7301554019993894,0.34782608695652173,0.0,0.9986983644569252,0.460311803997779,0.13663687719121445,0.9995904215434351,0.999999000001,f0,f0,True,soft_adjust,G4,covertype,frontera
svm_G4_covertype,12,0.673,0.6639443814258459,0.6571428784504335,0.673,1,0.8770331079431433,0.5287077056660475,0.0,0.999296514177966,0.7301554019993894,0.34782608695652173,0.0,0.9989416762360596,0.460311803997779,0.16403530003339872,0.9996513521198725,0.999999000001,f0,f0,True,soft_adjust,G4,covertype,frontera
svm_G4_covertype,13,0.673,0.6639443814258459,0.6571428784504335,0.673,1,0.8770331079431433,0.5287336173724225,0.0,0.9994001610034664,0.7301554019993894,0.34782608695652173,0.0,0.9991007008644228,0.460311803997779,0.16417817728717052,0.9996996211425099,0.999999000001,f0,f0,True,soft_adjust,G4,covertype,frontera
svm_G4_covertype,14,0.673,0.6639443814258459,0.6571428784504335,0.673,1,0.8770331079431433,0.528745345032698,0.0,0.9994470716445679,0.7301554019993894,0.34782608695652173,0.0,0.9991556353221392,0.460311803997779,0.15264484394537825,0.9997385079669966,0.999999000001,f0,f0,True,soft_adjust,G4,covertype,frontera
svm_G4_covertype,15,0.673,0.6639443814258459,0.6571428784504335,0.673,1,0.8770331079431433,0.5287647572259359,0.0,0.9995247204175195,0.7301554019993894,0.34782608695652173,0.0,0.9992791456080821,0.460311803997779,0.14936509290612146,0.9997702952269569,0.999999000001,f0,f0,True,soft_adjust,G4,covertype,frontera
svm_G4_covertype,16,0.673,0.6639443814258459,0.6571428784504335,0.673,1,0.8770331079431433,0.5287742805638717,0.0,0.9995628137692626,0.7301554019993894,0.34782608695652173,0.0,0.9993290161305322,0.460311803997779,0.15949701705094405,0.999796611407993,0.999999000001,f0,f0,True,soft_adjust,G4,covertype,frontera
svm_G4_covertype,17,0.673,0.6639443814258459,0.6571428784504335,0.673,1,0.8770331079431433,0.5287937648672074,0.0,0.999640750982606,0.7301554019993894,0.34782608695652173,0.0,0.9994628584255915,0.460311803997779,0.15569016361326132,0.9998186435396204,0.999999000001,f0,f0,True,soft_adjust,G4,covertype,frontera
svm_G4_covertype,18,0.673,0.6639443814258459,0.6571428784504335,0.673,1,0.8770331079431433,0.5287974634124946,0.0,0.9996555451637543,0.7301554019993894,0.34782608695652173,0.0,0.9994738169517785,0.460311803997779,0.16476695280725745,0.99983727337573,0.999999000001,f0,f0,True,soft_adjust,G4,covertype,frontera
svm_G4_covertype,19,0.673,0.6639443814258459,0.6571428784504335,0.673,1,0.8770331079431433,0.528799645474807,0.0,0.9996642734130038,0.7301554019993894,0.34782608695652173,0.0,0.9994753798524877,0.460311803997779,0.1630432472215327,0.9998531669735199,0.999999000001,f0,f0,True,soft_adjust,G4,covertype,frontera
torch_G4_covertype,0,0.724,0.7191661044637703,0.7362164623637875,0.724,1,0.466067910194397,0.7996298677598498,0.9244490706494582,0.999999885021325,0.703105129820149,0.4090909090909091,0.9950349766997146,0.9999999932462459,0.7395440374177796,0.9244490706494582,0.9999997767964042,0.6666662222225185,f0,f0,True,soft_adjust,G4,covertype,frontera
torch_G4_covertype,1,0.728,0.7219829708836755,0.7234087659346817,0.728,2,0.40528321266174316,0.7484913171766805,0.9366423981831371,0.9890566665993046,0.5602017267614497,0.34782608695652173,0.9997942994927317,0.9809845482751202,0.453737231300381,0.9366423981831371,0.9971287849234891,0.6666662222225185,f0,f0,True,soft_adjust,G4,covertype,frontera
torch_G4_covertype,2,0.735,0.7278481925357717,0.7382287072051754,0.735,1,0.6984566450119019,0.7964707813141795,0.9157107216053586,0.7954591723952489,0.8717637845670778,0.4090909090909091,0.9979210369393621,0.6,0.7435285691331557,0.9157107216053586,0.9909183447904978,0.999999000001,f0,f0,True,soft_adjust,G4,covertype,frontera
torch_G4_covertype,3,0.727,0.7196783457401291,0.7322726877378272,0.727,1,0.7233251333236694,0.7822947510433663,0.9056736412623733,0.7978225864773254,0.8482344845955213,0.37777777777777777,0.9961903433739581,0.6,0.6964699691900427,0.9056736412623733,0.9956451729546507,0.999999000001,f0,f0,True,keep,G4,covertype,frontera
torch_G4_covertype,4,0.727,0.7196783457401291,0.7322726877378272,0.727,1,0.7233251333236694,0.7920545292120722,0.919965940562723,0.7985507885796199,0.8502113784490466,0.4090909090909091,0.9983545036463116,0.6,0.7004237568970934,0.919965940562723,0.9971015771592397,0.999999000001,f0,f0,True,soft_adjust,G4,covertype,frontera
torch_G4_covertype,5,0.725,0.7167309484634328,0.7272403071064643,0.725,1,0.6874990463256836,0.7890250473834782,0.8975802551973646,0.8681788660608677,0.8201319588079512,0.37777777777777777,0.9971469864296236,0.7376963691769048,0.7311738349705229,0.8975802551973646,0.9986613629448305,0.9090900826453794,f0,f0,True,keep,G4,covertype,frontera
torch_G4_covertype,6,0.725,0.7167309484634328,0.7272403071064643,0.725,1,0.6874990463256836,0.7963031412210949,0.8930897309102922,0.9036612018924414,0.8036576170375352,0.4090909090909091,0.9972938028559867,0.8105490677619668,0.6982251514296911,0.8930897309102922,0.996773336022916,0.9090900826453794,f0,f0,True,keep,G4,covertype,frontera
torch_G4_covertype,7,0.725,0.7167309484634328,0.7272403071064643,0.725,1,0.6874990463256836,0.8089007711851549,0.8934919966935468,0.9487204617525327,0.8076980679177377,0.4090909090909091,0.9974477726571862,0.8999317535354656,0.7063060531900961,0.8934919966935468,0.9975091699695996,0.9090900826453794,f0,f0,True,keep,G4,covertype,frontera
torch_G4_covertype,8,0.725,0.7167309484634328,0.7272403071064643,0.725,1,0.6874990463256836,0.8262916685383159,0.891763251159248,0.9749630772302647,0.861184190721029,0.37777777777777777,0.9964970467013112,0.9519067221247065,0.7223693814410581,0.891763251159248,0.9980194323358227,0.999999000001,f0,f0,True,keep,G4,covertype,frontera
torch_G4_covertype,9,0.725,0.7167309484634328,0.7272403071064643,0.725,1,0.6874990463256836,0.825104383123024,0.9150420623536901,0.9791088678097793,0.8148363703361192,0.4090909090909091,0.9953864720276979,0.9598300796195366,0.7205826580268592,0.9150420623536901,0.9983876560000221,0.9090900826453794,f0,f0,True,keep,G4,covertype,frontera
torch_G4_covertype,10,0.725,0.7167309484634328,0.7272403071064643,0.725,1,0.6874990463256836,0.818335741680588,0.908817571677472,0.9651085645182118,0.8101656422805232,0.4090909090909091,0.9966613950496335,0.9315551038995195,0.7112412019156671,0.908817571677472,0.9986620251369042,0.9090900826453794,f0,f0,True,keep,G4,covertype,frontera
torch_G4_covertype,11,0.725,0.7167309484634328,0.7272403071064643,0.725,1,0.6874990463256836,0.8401667447145341,0.9146749652542021,0.9758821923358623,0.8681002356355716,0.4090909090909091,0.996849710015714,0.9528924764475697,0.7362014712701431,0.9146749652542021,0.998871908224155,0.999999000001,f0,f0,True,keep,G4,covertype,frontera
torch_G4_covertype,12,0.725,0.7167309484634328,0.7272403071064643,0.725,1,0.6874990463256836,0.8401678875102706,0.9077625661733705,0.9823040929973483,0.8696648601509531,0.4090909090909091,0.997480906363291,0.9655721568204922,0.7393307203009064,0.9077625661733705,0.9990360291742045,0.999999000001,f0,f0,True,keep,G4,covertype,frontera
torch_G4_covertype,13,0.725,0.7167309484634328,0.7272403071064643,0.725,1,0.6874990463256836,0.8239226183135931,0.9079432462872696,0.9898686091671358,0.8090295192399729,0.4090909090909091,0.9959512170487212,0.9805704374584084,0.7089689558345664,0.9079432462872696,0.9991667808758632,0.9090900826453794,f0,f0,True,keep,G4,covertype,frontera
torch_G4_covertype,14,0.725,0.7167309484634328,0.7272403071064643,0.725,1,0.6874990463256836,0.8397261965992202,0.9119336097553361,0.9940929172840629,0.8541974932932244,0.4090909090909091,0.9959263483694836,0.9889132048739533,0.7083959865854488,0.9119336097553361,0.9992726296941726,0.999999000001,f0,f0,True,keep,G4,covertype,frontera
torch_G4_covertype,15,0.725,0.7167309484634328,0.7272403071064643,0.725,1,0.6874990463256836,0.8328435814124004,0.9134553517455617,0.9876060502835475,0.8351394231806957,0.4090909090909091,0.9960606789242533,0.9758525820062397,0.6702798463603915,0.9134553517455617,0.9993595185608553,0.999999000001,f0,f0,True,keep,G4,covertype,frontera
torch_G4_covertype,16,0.725,0.7167309484634328,0.7272403071064643,0.725,1,0.6874990463256836,0.8337027372839633,0.9109717667459079,0.9673836621472187,0.8573388511991662,0.4090909090909091,0.9969506537416412,0.9353356059997825,0.7146787023973324,0.9109717667459079,0.9994317182946548,0.999999000001,f0,f0,True,keep,G4,covertype,frontera
torch_G4_covertype,17,0.725,0.7167309484634328,0.7272403071064643,0.725,1,0.6874990463256836,0.8268799254632957,0.9045968863707008,0.9935349355969114,0.8348348632873032,0.37777777777777777,0.9961520060184547,0.9875775093595044,0.760579643929227,0.9045968863707008,0.9994923618343184,0.9090900826453794,f0,f0,True,keep,G4,covertype,frontera
torch_G4_covertype,18,0.725,0.7167309484634328,0.7272403071064643,0.725,1,0.6874990463256836,0.8433808564297559,0.903393144891405,0.9907951053850664,0.8776683341747713,0.4090909090909091,0.9973873706724485,0.9820464212832849,0.7553376683485427,0.903393144891405,0.999543789486848,0.999999000001,f0,f0,True,keep,G4,covertype,frontera
torch_G4_covertype,19,0.725,0.7167309484634328,0.7272403071064643,0.725,1,0.6874990463256836,0.8395458661713399,0.904525102162666,0.9940436503401966,0.8610459552461819,0.4090909090909091,0.9963541408021974,0.9884995227889947,0.7220929104913638,0.904525102162666,0.9995877778913986,0.999999000001,f0,f0,True,keep,G4,covertype,frontera
knn_G5_wine,0,0.9444444444444444,0.9436036129748098,0.9493827160493827,0.9444444444444444,1,0.5,0.5181912429219003,0.31110109881056003,0.9999996073529338,0.539010389012189,0.08771929824561403,0.31110109881056003,0.9999993551472991,0.47802197802197804,0.9753340921725979,0.9999998595585685,0.5999988000023999,proanthocyanins,color_intensity,False,soft_adjust,G5,wine,frontera
knn_G5_wine,1,0.9444444444444444,0.9436036129748098,0.9493827160493827,0.9444444444444444,2,0.5555555555555556,0.5079539358992711,0.40235006778799765,0.7999853932390582,0.5706037956055956,0.10714285714285714,0.40235006778799765,0.6,0.5412087912087912,0.9754708079032699,0.9999707864781164,0.5999988000023999,proanthocyanins,color_intensity,False,soft_adjust,G5,wine,frontera
knn_G5_wine,2,0.9444444444444444,0.9436036129748098,0.9493827160493827,0.9444444444444444,1,0.5,0.5395544642922212,0.3914851239085058,0.9839309339717436,0.5335158835176834,0.10714285714285714,0.3914851239085058,0.9678754634575086,0.46703296703296704,0.975299650051496,0.9999864044859785,0.5999988000023999,proanthocyanins,color_intensity,False,soft_adjust,G5,wine,frontera
knn_G5_wine,3,0.9444444444444444,0.9436036129748098,0.9493827160493827,0.9444444444444444,2,0.5555555555555556,0.5182521783639507,0.4623268933196137,0.7999853932390582,0.5348895098913098,0.12727272727272726,0.4623268933196137,0.6,0.4697802197802198,0.9754708079032699,0.9999707864781164,0.5999988000023999,proanthocyanins,color_intensity,False,keep,G5,wine,frontera
knn_G5_wine,4,0.9444444444444444,0.9436036129748098,0.9493827160493827,0.9444444444444444,2,0.5555555555555556,0.6195471384525837,0.6482850797917588,0.9754220032336096,0.5403840153858154,0.12727272727272726,0.6482850797917588,0.9508626877039724,0.4807692307692308,0.9749040084577963,0.9999813187632469,0.5999988000023999,proanthocyanins,color_intensity,False,keep,G5,wine,frontera
knn_G5_wine,5,0.9444444444444444,0.9436036129748098,0.9493827160493827,0.9444444444444444,2,0.5555555555555556,0.5846339433761686,0.5971029566341801,0.9908097180240276,0.4821424404768849,0.08771929824561403,0.5971029566341801,0.9816324209804209,0.4642857142857143,0.9743492888673568,0.9999870150676344,0.4999991666680556,proanthocyanins,color_intensity,False,soft_adjust,G5,wine,frontera
knn_G5_wine,6,0.9444444444444444,0.9436036129748098,0.9493827160493827,0.9444444444444444,1,0.5,0.501570915803861,0.4210483265058593,0.7999372603186685,0.5206039789384234,0.12727272727272726,0.4210483265058593,0.6,0.5412087912087912,0.9741830592212309,0.999874520637337,0.4999991666680556,flavanoids,color_intensity,False,soft_adjust,G5,wine,frontera
knn_G5_wine,7,0.9444444444444444,0.9436036129748098,0.9493827160493827,0.9444444444444444,2,0.5555555555555556,0.5915080116664021,0.5785530350819464,0.9690340818307901,0.5115378615396615,0.14814814814814814,0.5785530350819464,0.9381176689721662,0.4230769230769231,0.9742904465925508,0.999950494689414,0.5999988000023999,proanthocyanins,color_intensity,False,soft_adjust,G5,wine,frontera
knn_G5_wine,8,0.9444444444444444,0.9436036129748098,0.9493827160493827,0.9444444444444444,1,0.5,0.48546804245644987,0.32807427482316287,0.7999539918076228,0.5494501327845772,0.14814814814814814,0.32807427482316287,0.6,0.5989010989010989,0.9741830592212309,0.9999079836152456,0.4999991666680556,flavanoids,color_intensity,False,soft_adjust,G5,wine,frontera
knn_G5_wine,9,0.9444444444444444,0.9436036129748098,0.9493827160493827,0.9444444444444444,2,0.5555555555555556,0.5638802130635489,0.5849180489947015,0.9504386639629012,0.4587907921252366,0.08771929824561403,0.5849180489947015,0.9009134265468313,0.4175824175824176,0.9742904465925508,0.9999639013789711,0.4999991666680556,proanthocyanins,color_intensity,False,soft_adjust,G5,wine,frontera
knn_G5_wine,10,0.9444444444444444,0.9436036129748098,0.9493827160493827,0.9444444444444444,1,0.5,0.49141295991207484,0.3618925756276609,0.799962887475085,0.5458785208803208,0.12727272727272726,0.3618925756276609,0.6,0.49175824175824173,0.9741830592212309,0.99992577495017,0.5999988000023999,proanthocyanins,color_intensity,False,soft_adjust,G5,wine,frontera
knn_G5_wine,11,0.9444444444444444,0.9436036129748098,0.9493827160493827,0.9444444444444444,2,0.5555555555555556,0.6027240939250155,0.6310734665475131,0.9426321348648052,0.5184059934077934,0.14814814814814814,0.6310734665475131,0.8852938942957246,0.4368131868131868,0.9742904465925508,0.999970375433886,0.5999988000023999,proanthocyanins,color_intensity,False,keep,G5,wine,frontera
knn_G5_wine,12,0.9444444444444444,0.9436036129748098,0.9493827160493827,0.9444444444444444,2,0.5555555555555556,0.5858153415582797,0.5620269489308891,0.9720265507114154,0.517032367034167,0.12727272727272726,0.5620269489308891,0.9440783268691372,0.4340659340659341,0.9737685802868635,0.9999747745536938,0.5999988000023999,proanthocyanins,color_intensity,False,soft_adjust,G5,wine,frontera
knn_G5_wine,13,0.9444444444444444,0.9436036129748098,0.9493827160493827,0.9444444444444444,1,0.5,0.4722952419983924,0.3096978473564825,0.7999676372719273,0.5541202791220791,0.08771929824561403,0.3096978473564825,0.6,0.5082417582417582,0.9736507621987922,0.9999352745438547,0.5999988000023999,proanthocyanins,color_intensity,False,soft_adjust,G5,wine,frontera
knn_G5_wine,14,0.9444444444444444,0.9436036129748098,0.9493827160493827,0.9444444444444444,2,0.5555555555555556,0.5422523914657971,0.4897079054149588,0.9682894399774753,0.46703255036699487,0.08771929824561403,0.4897079054149588,0.9366016972253677,0.4340659340659341,0.9737685802868635,0.999977182729583,0.4999991666680556,proanthocyanins,color_intensity,False,soft_adjust,G5,wine,frontera
knn_G5_wine,15,0.9444444444444444,0.9436036129748098,0.9493827160493827,0.9444444444444444,1,0.5,0.47554036087637325,0.3191385334463069,0.79997093782771,0.5554939054957054,0.08771929824561403,0.3191385334463069,0.6,0.510989010989011,0.9736507621987922,0.9999418756554201,0.5999988000023999,proanthocyanins,color_intensity,False,soft_adjust,G5,wine,frontera
knn_G5_wine,16,0.9444444444444444,0.9436036129748098,0.9493827160493827,0.9444444444444444,2,0.5555555555555556,0.5854571807286488,0.5680188066003006,0.9667003814863014,0.5142851142869143,0.12727272727272726,0.5680188066003006,0.9334222812376457,0.4285714285714286,0.9737685802868635,0.9999784817349572,0.5999988000023999,proanthocyanins,color_intensity,False,soft_adjust,G5,wine,frontera
knn_G5_wine,17,0.9444444444444444,0.9436036129748098,0.9493827160493827,0.9444444444444444,1,0.5,0.48550957443559284,0.36253727600775293,0.7999733095114776,0.5151094734439179,0.14814814814814814,0.36253727600775293,0.6,0.5302197802197802,0.9736507621987922,0.9999466190229553,0.4999991666680556,flavanoids,color_intensity,False,soft_adjust,G5,wine,frontera
knn_G5_wine,18,0.9444444444444444,0.9436036129748098,0.9493827160493827,0.9444444444444444,2,0.5555555555555556,0.5318986207311429,0.4235215137898361,0.9456431126490548,0.4978015978033977,0.12727272727272726,0.4235215137898361,0.8913070501974046,0.3956043956043956,0.9737685802868635,0.9999791751007049,0.5999988000023999,proanthocyanins,color_intensity,False,soft_adjust,G5,wine,frontera
knn_G5_wine,19,0.9444444444444444,0.9436036129748098,0.9493827160493827,0.9444444444444444,1,0.5,0.5149120016955262,0.4119176980204293,0.7999750837837444,0.5637356637374638,0.14814814814814814,0.4119176980204293,0.6,0.5274725274725275,0.9736507621987922,0.9999501675674888,0.5999988000023999,proanthocyanins,color_intensity,False,soft_adjust,G5,wine,frontera
lr_G5_wine,0,1.0,1.0,1.0,1.0,2,0.4887373091481574,0.3915653465098783,0.0,0.9999983697743371,0.4552191802209802,0.03333333333333333,0.0,0.9999971964721724,0.31043956043956045,0.9632893875588142,0.9999995430765019,0.5999988000023999,flavanoids,color_intensity,False,soft_adjust,G5,wine,frontera
lr_G5_wine,1,1.0,1.0,1.0,1.0,2,0.4913331663733327,0.5154667490607924,0.40751389301959023,0.9999939017610786,0.46071368571548565,0.03333333333333333,0.40751389301959023,0.9999891667643989,0.3214285714285714,0.962762913355461,0.9999986367577585,0.5999988000023999,flavanoids,color_intensity,False,soft_adjust,G5,wine,frontera
lr_G5_wine,2,1.0,1.0,1.0,1.0,2,0.4913331663733327,0.39321314892616754,0.0,0.9999961728460873,0.46071368571548565,0.03333333333333333,0.0,0.9999931927058625,0.3214285714285714,0.9639163525935661,0.9999991529863121,0.5999988000023999,flavanoids,color_intensity,False,soft_adjust,G5,wine,frontera
lr_G5_wine,3,1.0,1.0,1.0,1.0,2,0.4913331663733327,0.5073174518599007,0.380347046616184,0.9999969286415994,0.46071368571548565,0.03333333333333333,0.380347046616184,0.9999945248832922,0.3214285714285714,0.962762913355461,0.9999993323999066,0.5999988000023999,flavanoids,color_intensity,False,soft_adjust,G5,wine,frontera
lr_G5_wine,4,1.0,1.0,1.0,1.0,2,0.4913331663733327,0.5828331958866602,0.6320655123918648,0.9999977458178202,0.46071368571548565,0.03333333333333333,0.6320655123918648,0.9999960764481804,0.3214285714285714,0.9625196165057901,0.9999994151874598,0.5999988000023999,flavanoids,color_intensity,False,soft_adjust,G5,wine,frontera
lr_G5_wine,5,1.0,1.0,1.0,1.0,2,0.4913331663733327,0.5618771505715932,0.5622136883522387,0.9999957534051036,0.46071368571548565,0.03333333333333333,0.5622136883522387,0.9999920467155217,0.3214285714285714,0.9622670322791059,0.9999994600946855,0.5999988000023999,flavanoids,color_intensity,False,soft_adjust,G5,wine,frontera
lr_G5_wine,6,1.0,1.0,1.0,1.0,2,0.4913331663733327,0.40605180791524054,0.0,0.9856365230880935,0.43598841099021096,0.19230769230769232,0.0,0.9713739710856982,0.271978021978022,0.9647439761218518,0.9998990750904887,0.5999988000023999,flavanoids,color_intensity,False,soft_adjust,G5,wine,frontera
lr_G5_wine,7,1.0,1.0,1.0,1.0,2,0.4913331663733327,0.5631284592370907,0.5203886050207981,0.9894768023505366,0.43598841099021096,0.19230769230769232,0.5203886050207981,0.9790308098258061,0.271978021978022,0.963724668468105,0.999922794875267,0.5999988000023999,flavanoids,color_intensity,False,soft_adjust,G5,wine,frontera
lr_G5_wine,8,1.0,1.0,1.0,1.0,2,0.4913331663733327,0.4076114649966719,0.0,0.9918751514138191,0.43598841099021096,0.19230769230769232,0.0,0.9838112927492236,0.271978021978022,0.9647439761218518,0.9999390100784145,0.5999988000023999,flavanoids,color_intensity,False,soft_adjust,G5,wine,frontera
lr_G5_wine,9,1.0,1.0,1.0,1.0,2,0.4913331663733327,0.5670524998841892,0.5301117746867609,0.9935051613397752,0.43598841099021096,0.19230769230769232,0.5301117746867609,0.9870597403802509,0.271978021978022,0.963724668468105,0.9999505822992996,0.5999988000023999,flavanoids,color_intensity,False,soft_adjust,G5,wine,frontera
lr_G5_wine,10,1.0,1.0,1.0,1.0,2,0.4913331663733327,0.4083582028897224,0.0,0.9948621029860211,0.43598841099021096,0.19230769230769232,0.0,0.9897650773053724,0.271978021978022,0.9647439761218518,0.9999591286666697,0.5999988000023999,flavanoids,color_intensity,False,soft_adjust,G5,wine,frontera
lr_G5_wine,11,1.0,1.0,1.0,1.0,2,0.4913331663733327,0.5891793098067193,0.6021187365524594,0.9956040467910573,0.43598841099021096,0.19230769230769232,0.6021187365524594,0.9912424745811329,0.271978021978022,0.963724668468105,0.9999656190009817,0.5999988000023999,flavanoids,color_intensity,False,soft_adjust,G5,wine,frontera
lr_G5_wine,12,1.0,1.0,1.0,1.0,2,0.4913331663733327,0.5889668053314682,0.6007380961098023,0.9964107974212413,0.43598841099021096,0.19230769230769232,0.6007380961098023,0.9928509312785017,0.271978021978022,0.9634860537200157,0.9999706635639809,0.5999988000023999,flavanoids,color_intensity,False,soft_adjust,G5,wine,frontera
lr_G5_wine,13,1.0,1.0,1.0,1.0,2,0.4913331663733327,0.4088616549944786,0.0,0.9968759114050458,0.43598841099021096,0.19230769230769232,0.0,0.9937771608864883,0.271978021978022,0.9644983856041068,0.9999746619236033,0.5999988000023999,flavanoids,color_intensity,False,soft_adjust,G5,wine,frontera
lr_G5_wine,14,1.0,1.0,1.0,1.0,2,0.4913331663733327,0.5368088388124681,0.4261365255093661,0.9973008160657648,0.43598841099021096,0.19230769230769232,0.4261365255093661,0.9946237475533591,0.271978021978022,0.9634860537200157,0.9999778845781706,0.5999988000023999,flavanoids,color_intensity,False,soft_adjust,G5,wine,frontera
lr_G5_wine,15,1.0,1.0,1.0,1.0,2,0.4913331663733327,0.40906292673634925,0.0,0.9976809983725285,0.43598841099021096,0.19230769230769232,0.0,0.9953814768083269,0.271978021978022,0.9644983856041068,0.9999805199367301,0.5999988000023999,flavanoids,color_intensity,False,soft_adjust,G5,wine,frontera
lr_G5_wine,16,1.0,1.0,1.0,1.0,2,0.4913331663733327,0.5607345963727624,0.505359775197565,0.997935946681103,0.43598841099021096,0.19230769230769232,0.505359775197565,0.9958891908671416,0.271978021978022,0.9634860537200157,0.9999827024950644,0.5999988000023999,flavanoids,color_intensity,False,soft_adjust,G5,wine,frontera
lr_G5_wine,17,1.0,1.0,1.0,1.0,2,0.4913331663733327,0.4091884663278238,0.0,0.9981831567384265,0.43598841099021096,0.19230769230769232,0.0,0.9963817831348732,0.271978021978022,0.9644983856041068,0.9999845303419799,0.5999988000023999,flavanoids,color_intensity,False,soft_adjust,G5,wine,frontera
lr_G5_wine,18,1.0,1.0,1.0,1.0,2,0.4913331663733327,0.5139689465308254,0.34907710009661047,0.9984125574345002,0.43598841099021096,0.19230769230769232,0.34907710009661047,0.9968390384934418,0.271978021978022,0.9634860537200157,0.9999860763755586,0.5999988000023999,flavanoids,color_intensity,False,soft_adjust,G5,wine,frontera
lr_G5_wine,19,1.0,1.0,1.0,1.0,2,0.4913331663733327,0.4092899164638364,0.0,0.9985889572824769,0.43598841099021096,0.19230769230769232,0.0,0.9971905188793063,0.271978021978022,0.9644983856041068,0.9999873956856475,0.5999988000023999,flavanoids,color_intensity,False,soft_adjust,G5,wine,frontera
torch_G5_wine,0,0.9444444444444444,0.9444444444444444,0.9444444444444444,0.9444444444444444,2,0.5473243594169617,0.6909058217713239,0.9202812940545281,0.9999997314395654,0.5412082810054384,0.01639344262295082,0.9570190399737074,0.9999998480279625,0.36813186813186816,0.9202812940545281,0.9999996148511683,0.7142846938790087,nonflavanoid_phenols,color_intensity,False,keep,G5,wine,frontera
torch_G5_wine,1,0.9444444444444444,0.9444444444444444,0.9444444444444444,0.9444444444444444,2,0.5473243594169617,0.6618344523919779,0.8248937285974309,0.994828584857655,0.5521972919944494,0.0,0.8248937285974309,0.9896575548641418,0.3901098901098901,0.9200643654752726,0.9999996148511683,0.7142846938790087,flavanoids,color_intensity,False,keep,G5,wine,frontera
torch_G5_wine,2,0.9444444444444444,0.9444444444444444,0.9444444444444444,0.9444444444444444,2,0.5473243594169617,0.6604967779578123,0.9200151554876259,0.9936469512937126,0.45360164496032124,0.0,0.9464413961718137,0.9872942877362569,0.3516483516483516,0.9200151554876259,0.9999996148511683,0.5555549382722909,nonflavanoid_phenols,color_intensity,False,keep,G5,wine,frontera
torch_G5_wine,3,0.9444444444444444,0.9444444444444444,0.9444444444444444,0.9444444444444444,2,0.5473243594169617,0.6288814818217553,0.7915985226370494,0.9932637481481985,0.4769532933119696,0.0,0.7915985226370494,0.9865278814452287,0.3983516483516484,0.9200643654752726,0.9999996148511683,0.5555549382722909,flavanoids,color_intensity,False,soft_adjust,G5,wine,frontera
torch_G5_wine,4,0.9444444444444444,0.9444444444444444,0.9444444444444444,0.9444444444444444,2,0.5498055815696716,0.619240992734369,0.8263251133210325,0.9872597514700368,0.40689834825702453,0.01639344262295082,0.8263251133210325,0.9745258680648103,0.2582417582417582,0.9209116406264998,0.999993634875263,0.5555549382722909,nonflavanoid_phenols,color_intensity,False,soft_adjust,G5,wine,frontera
torch_G5_wine,5,0.9444444444444444,0.9444444444444444,0.9444444444444444,0.9444444444444444,2,0.5522515177726746,0.6341107114462029,0.8305463304625484,0.988925913000301,0.4508543922130685,0.01639344262295082,0.8305463304625484,0.9778719794802695,0.34615384615384615,0.9217247662264608,0.9999798465203323,0.5555549382722909,nonflavanoid_phenols,color_intensity,False,keep,G5,wine,frontera
torch_G5_wine,6,0.9444444444444444,0.9444444444444444,0.9444444444444444,0.9444444444444444,2,0.5522515177726746,0.6992383588322232,0.9230478791484754,0.996769120067273,0.5604390502362077,0.03333333333333333,0.9650351824957941,0.9935914391543129,0.4065934065934066,0.9230478791484754,0.9999468009802333,0.7142846938790087,nonflavanoid_phenols,color_intensity,False,keep,G5,wine,frontera
torch_G5_wine,7,0.9444444444444444,0.9444444444444444,0.9444444444444444,0.9444444444444444,2,0.5522515177726746,0.6412588905571515,0.8145617485000841,0.9952175120541414,0.4769532933119696,0.03333333333333333,0.8145617485000841,0.9904754589494239,0.3983516483516484,0.9228312650777568,0.999959565158859,0.5555549382722909,nonflavanoid_phenols,color_intensity,False,keep,G5,wine,frontera
torch_G5_wine,8,0.9444444444444444,0.9444444444444444,0.9444444444444444,0.9444444444444444,2,0.5522515177726746,0.6920152847753538,0.9230478791484754,0.9975471535101255,0.5357137755109329,0.03333333333333333,0.9662969758234609,0.995126099607951,0.35714285714285715,0.9230478791484754,0.9999682074123,0.7142846938790087,nonflavanoid_phenols,color_intensity,False,keep,G5,wine,frontera
torch_G5_wine,9,0.9444444444444444,0.9444444444444444,0.9444444444444444,0.9444444444444444,2,0.5522515177726746,0.625044048285832,0.800311297760058,0.9971290135272246,0.45222801858669487,0.0,0.800311297760058,0.9942836982216483,0.3489010989010989,0.9228312650777568,0.9999743288328009,0.5555549382722909,nonflavanoid_phenols,color_intensity,False,keep,G5,wine,frontera
torch_G5_wine,10,0.9444444444444444,0.9444444444444444,0.9444444444444444,0.9444444444444444,2,0.5522515177726746,0.6771758067427636,0.9230478791484754,0.9918097875403276,0.473213895089774,0.06896551724137931,0.9435829888672709,0.9836407527066521,0.3214285714285714,0.9230478791484754,0.9999788223740029,0.6249992187509766,nonflavanoid_phenols,color_intensity,False,keep,G5,wine,frontera
torch_G5_wine,11,0.9444444444444444,0.9444444444444444,0.9444444444444444,0.9444444444444444,2,0.5522515177726746,0.6553030190976423,0.8041449724103743,0.9901341366720411,0.5206038854010429,0.06896551724137931,0.8041449724103743,0.9802860553819529,0.3269230769230769,0.9228312650777568,0.9999822179621293,0.7142846938790087,nonflavanoid_phenols,color_intensity,False,soft_adjust,G5,wine,frontera
torch_G5_wine,12,0.9444444444444444,0.9444444444444444,0.9444444444444444,0.9444444444444444,2,0.5544595122337341,0.7220613494255388,0.783613486595955,0.9919214027955985,0.6758231758261758,0.03333333333333333,0.783613486595955,0.9838766012309537,0.3516483516483516,0.9235431617841532,0.9999662043602434,0.999998000004,nonflavanoid_phenols,color_intensity,False,keep,G5,wine,frontera
torch_G5_wine,13,0.9444444444444444,0.9444444444444444,0.9444444444444444,0.9444444444444444,2,0.5544595122337341,0.6794190304645498,0.9237599905797936,0.9970892224916073,0.4755796669383432,0.06896551724137931,0.949946243034498,0.9942074669540173,0.3956043956043956,0.9237599905797936,0.9999709780291971,0.5555549382722909,nonflavanoid_phenols,color_intensity,False,keep,G5,wine,frontera
torch_G5_wine,14,0.9444444444444444,0.9444444444444444,0.9444444444444444,0.9444444444444444,2,0.5544595122337341,0.6636414259886109,0.8256202934362183,0.9940541334678343,0.5236565900152663,0.06896551724137931,0.8256202934362183,0.9881334683998865,0.49175824175824173,0.9235431617841532,0.9999747985357821,0.5555549382722909,nonflavanoid_phenols,color_intensity,False,keep,G5,wine,frontera
torch_G5_wine,15,0.9444444444444444,0.9444444444444444,0.9444444444444444,0.9444444444444444,2,0.5544595122337341,0.6885704795154658,0.9237599905797936,0.9957829307831831,0.5071730735317498,0.06896551724137931,0.9693974656063963,0.9915879578357242,0.45879120879120877,0.9237599905797936,0.9999779037306421,0.5555549382722909,nonflavanoid_phenols,color_intensity,False,keep,G5,wine,frontera
torch_G5_wine,16,0.9444444444444444,0.9444444444444444,0.9444444444444444,0.9444444444444444,2,0.5544595122337341,0.6394521013850545,0.8019459994344429,0.9963518951088158,0.49107103794691687,0.01639344262295082,0.8019459994344429,0.9927233285680329,0.35714285714285715,0.9235431617841532,0.9999804616495988,0.6249992187509766,nonflavanoid_phenols,color_intensity,False,keep,G5,wine,frontera
torch_G5_wine,17,0.9444444444444444,0.9444444444444444,0.9444444444444444,0.9444444444444444,2,0.5544595122337341,0.6673186924129243,0.9237599905797936,0.9967146315396791,0.4618434032020795,0.01639344262295082,0.9651566170151343,0.9934466693444026,0.36813186813186816,0.9237599905797936,0.9999825937349557,0.5555549382722909,nonflavanoid_phenols,color_intensity,False,keep,G5,wine,frontera
torch_G5_wine,18,0.9444444444444444,0.9444444444444444,0.9444444444444444,0.9444444444444444,2,0.5544595122337341,0.6509852366627941,0.8212674380832959,0.9882132421485132,0.49068955704823336,0.06896551724137931,0.8212674380832959,0.9764420947759578,0.4258241758241758,0.9235431617841532,0.9999843895210688,0.5555549382722909,flavanoids,color_intensity,False,keep,G5,wine,frontera
torch_G5_wine,19,0.9444444444444444,0.9444444444444444,0.9444444444444444,0.9444444444444444,2,0.5544595122337341,0.6899098854614927,0.9237599905797936,0.9940893708954638,0.5130490599249389,0.06896551724137931,0.9609285458280175,0.9881928256005449,0.4010989010989011,0.9237599905797936,0.9999859161903827,0.6249992187509766,nonflavanoid_phenols,color_intensity,False,keep,G5,wine,frontera
knn_G5_digits,0,0.9722222222222222,0.972105368567364,0.9726681039452212,0.9722222222222222,9,0.5,0.384286601832316,0.0,0.9999874842971717,0.44763243586007706,0.0,0.0,0.9999995605604788,0.4508209211023215,0.8648324143948195,0.9999754080338646,0.44444395061783265,pixel_49,pixel_59,False,soft_adjust,G5,digits,frontera
knn_G5_digits,1,0.9722222222222222,0.972105368567364,0.9726681039452212,0.9722222222222222,9,0.5555555555555556,0.4139808214160938,0.0,0.9937054368603024,0.5518482073367275,0.0,0.0,0.9895902555347326,0.532268659570248,0.8507859545883137,0.9978206181858722,0.571427755103207,pixel_49,pixel_59,False,soft_adjust,G5,digits,frontera
knn_G5_digits,2,0.9722222222222222,0.972105368567364,0.9726681039452212,0.9722222222222222,9,0.5,0.3940614695130295,0.0,0.9947176372978215,0.48460686729524716,0.0,0.0,0.9902647965765308,0.39778597948728733,0.8641004669951602,0.9991704780191121,0.571427755103207,pixel_49,pixel_59,False,soft_adjust,G5,digits,frontera
knn_G5_digits,3,0.9722222222222222,0.972105368567364,0.9726681039452212,0.9722222222222222,5,0.45454545454545453,0.5824306693618765,0.8070417864606442,0.7985617000191303,0.46892569472966894,0.0,0.8070417864606442,0.6,0.4378520144585567,0.8745203372183439,0.9971234000382606,0.49999937500078123,pixel_6,pixel_59,False,soft_adjust,G5,digits,frontera
knn_G5_digits,4,0.9694444444444444,0.9693201569507518,0.9703264074099762,0.9694444444444444,9,0.5,0.3919115621327633,0.0,0.9818474889534172,0.4881656329813633,0.0,0.0,0.9673416884298337,0.4763318909619453,0.8762110080712164,0.9963532894770009,0.49999937500078123,pixel_49,pixel_59,False,soft_adjust,G5,digits,frontera
knn_G5_digits,5,0.9722222222222222,0.972105368567364,0.9726681039452212,0.9722222222222222,5,0.45454545454545453,0.5751972549807199,0.8007865015478225,0.7993485700707236,0.45041387332897453,0.0,0.8007865015478225,0.6,0.4008283716571678,0.8745203372183439,0.9986971401414472,0.49999937500078123,pixel_6,pixel_59,False,soft_adjust,G5,digits,frontera
knn_G5_digits,6,0.9694444444444444,0.9693201569507518,0.9703264074099762,0.9694444444444444,9,0.5,0.38695476934531725,0.0,0.9432030315793567,0.503846704834927,0.0,0.0,0.8890871584533954,0.5076940346690728,0.8805468176784911,0.9973189047053179,0.49999937500078123,pixel_49,pixel_59,False,soft_adjust,G5,digits,frontera
knn_G5_digits,7,0.9722222222222222,0.972105368567364,0.9726681039452212,0.9722222222222222,5,0.45454545454545453,0.5907350867264375,0.8329637136077422,0.7994390423873508,0.46995404015759035,0.0,0.8329637136077422,0.6,0.43990870531439946,0.871944311654405,0.9988780847747016,0.49999937500078123,pixel_6,pixel_59,False,soft_adjust,G5,digits,frontera
knn_G5_digits,8,0.9694444444444444,0.9693201569507518,0.9703264074099762,0.9694444444444444,9,0.5,0.3701361903872857,0.0,0.9131654410577228,0.4728161004095166,0.0,0.0,0.8284729143416675,0.5011882502012005,0.8805468176784911,0.9978579677737782,0.44444395061783265,pixel_49,pixel_59,False,soft_adjust,G5,digits,frontera
knn_G5_digits,9,0.9722222222222222,0.972105368567364,0.9726681039452212,0.9722222222222222,5,0.45454545454545453,0.5878590726853359,0.8500743905204321,0.7995059697422777,0.4432008769787895,0.0,0.8500743905204321,0.6,0.3864023789567978,0.871944311654405,0.9990119394845556,0.49999937500078123,pixel_6,pixel_59,False,soft_adjust,G5,digits,frontera
knn_G5_digits,10,0.9694444444444444,0.9693201569507518,0.9703264074099762,0.9694444444444444,9,0.5,0.36909626466720064,0.0,0.8595299825059073,0.5058491754909371,0.01639344262295082,0.0,0.7209160069407253,0.511698975981093,0.8805468176784911,0.9981439580710891,0.49999937500078123,pixel_49,pixel_59,False,soft_adjust,G5,digits,frontera
knn_G5_digits,11,0.9722222222222222,0.972105368567364,0.9726681039452212,0.9722222222222222,5,0.45454545454545453,0.6052542612302585,0.8514730182732025,0.799530817297565,0.4997655047463547,0.0,0.8514730182732025,0.6,0.4995316344919283,0.871944311654405,0.9990616345951301,0.49999937500078123,pixel_6,pixel_59,False,soft_adjust,G5,digits,frontera
knn_G5_digits,12,0.9694444444444444,0.9693201569507518,0.9703264074099762,0.9694444444444444,9,0.5,0.35873132151103065,0.0,0.8053533377316009,0.5164465689489592,0.01639344262295082,0.0,0.6123898512238304,0.5328937628971372,0.8805468176784911,0.9983168242393715,0.49999937500078123,pixel_49,pixel_59,False,soft_adjust,G5,digits,frontera
knn_G5_digits,13,0.9722222222222222,0.972105368567364,0.9726681039452212,0.9722222222222222,5,0.45454545454545453,0.5894314713847363,0.8286066041910286,0.7995391698310075,0.4698823255655861,0.0,0.8286066041910286,0.6,0.439765276130391,0.871944311654405,0.9990783396620151,0.49999937500078123,pixel_6,pixel_59,False,soft_adjust,G5,digits,frontera
knn_G5_digits,14,0.9694444444444444,0.9693201569507518,0.9703264074099762,0.9694444444444444,9,0.5,0.356701038196412,0.0,0.7992154121068795,0.5147938959208318,0.01639344262295082,0.0,0.6,0.5295884168408824,0.8805468176784911,0.998430824213759,0.49999937500078123,pixel_49,pixel_59,False,soft_adjust,G5,digits,frontera
knn_G5_digits,15,0.9722222222222222,0.972105368567364,0.9726681039452212,0.9722222222222222,5,0.45454545454545453,0.601689394647838,0.8214260100341584,0.799540404226883,0.5179216352695658,0.0,0.8214260100341584,0.6,0.46441551543592463,0.871944311654405,0.9990808084537661,0.571427755103207,pixel_6,pixel_59,False,soft_adjust,G5,digits,frontera
knn_G5_digits,16,0.9694444444444444,0.9693201569507518,0.9703264074099762,0.9694444444444444,9,0.5,0.3462893150862127,0.0,0.79925541580276,0.48005481580693354,0.01639344262295082,0.0,0.6,0.46011025661308586,0.8805468176784911,0.99851083160552,0.49999937500078123,pixel_6,pixel_59,False,adjust,G5,digits,frontera
knn_G5_digits,17,0.9722222222222222,0.972105368567364,0.9726681039452212,0.9722222222222222,5,0.45454545454545453,0.5876869303898097,0.8273923150020848,0.7995384304992472,0.465282094214575,0.0,0.8273923150020848,0.6,0.43056481342836883,0.871944311654405,0.9990768609984945,0.49999937500078123,pixel_6,pixel_59,False,soft_adjust,G5,digits,frontera
knn_G5_digits,18,0.9694444444444444,0.9693201569507518,0.9703264074099762,0.9694444444444444,9,0.5,0.3617693555561848,0.0,0.7992848309995698,0.5398271593543078,0.0,0.0,0.6,0.5082265636054085,0.8805468176784911,0.9985696619991397,0.571427755103207,pixel_49,pixel_59,False,soft_adjust,G5,digits,frontera
knn_G5_digits,19,0.9722222222222222,0.972105368567364,0.9726681039452212,0.9722222222222222,5,0.45454545454545453,0.6086422366329447,0.850581668616652,0.7995350258038574,0.5119465986566158,0.0,0.850581668616652,0.6,0.45246544221002477,0.871944311654405,0.9990700516077147,0.571427755103207,pixel_6,pixel_59,False,soft_adjust,G5,digits,frontera
lr_G5_digits,0,0.9416666666666667,0.9418725031370346,0.9431478305480616,0.9416666666666667,9,0.20787568612338078,0.4171338694976743,0.08065915561769832,0.9999980861779945,0.47645533755955405,0.0,0.08065915561769832,0.9999990904719838,0.4529113001183269,0.9767928682804101,0.9999970818840052,0.49999937500078123,pixel_42,pixel_19,False,soft_adjust,G5,digits,frontera
lr_G5_digits,1,0.9416666666666667,0.9418725031370346,0.9431478305480616,0.9416666666666667,9,0.20970972220910153,0.4250663154651114,0.1068381570270503,0.9999333207768296,0.47677179387596313,0.0,0.1068381570270503,0.9998741772880807,0.4535442127511451,0.9784543635809163,0.9999924642655785,0.49999937500078123,pixel_42,pixel_19,False,soft_adjust,G5,digits,frontera
lr_G5_digits,2,0.9416666666666667,0.9418725031370346,0.9431478305480616,0.9416666666666667,9,0.20970972220910153,0.4249051112695421,0.10567812734202955,0.9999348534600934,0.47739319900636645,0.0,0.10567812734202955,0.9998746317023777,0.45478702301195173,0.9772422358508811,0.9999950752178092,0.49999937500078123,pixel_42,pixel_19,False,soft_adjust,G5,digits,frontera
lr_G5_digits,3,0.9416666666666667,0.9418725031370346,0.9431478305480616,0.9416666666666667,9,0.20970972220910153,0.4163630156723751,0.07517431345218752,0.999940663229214,0.4794185194313847,0.0,0.07517431345218752,0.9998853409727761,0.45883766386198815,0.9764207285694908,0.999995985485652,0.49999937500078123,pixel_42,pixel_19,False,soft_adjust,G5,digits,frontera
lr_G5_digits,4,0.9416666666666667,0.9418725031370346,0.9431478305480616,0.9416666666666667,9,0.20970972220910153,0.41482021613563747,0.07183015517509381,0.9999366594668405,0.47762334905466397,0.0,0.07183015517509381,0.9998769127955375,0.45524732310854676,0.9762327107915107,0.9999964061381436,0.49999937500078123,pixel_42,pixel_19,False,soft_adjust,G5,digits,frontera
lr_G5_digits,5,0.9416666666666667,0.9418725031370346,0.9431478305480616,0.9416666666666667,9,0.20970972220910153,0.4181427706805081,0.0844073152900302,0.9998742198735288,0.47617340375038963,0.0,0.0844073152900302,0.9997518052484745,0.452347432499998,0.9764207285694908,0.999996634498583,0.49999937500078123,pixel_42,pixel_19,False,soft_adjust,G5,digits,frontera
lr_G5_digits,6,0.9416666666666667,0.9418725031370346,0.9431478305480616,0.9416666666666667,9,0.20970972220910153,0.41361434188656626,0.06842038256503896,0.9938055694695617,0.4821227824988806,0.0,0.06842038256503896,0.9876677841902796,0.4642461899969799,0.9764810413506223,0.9999433547488438,0.49999937500078123,pixel_42,pixel_19,False,soft_adjust,G5,digits,frontera
lr_G5_digits,7,0.9416666666666667,0.9418725031370346,0.9431478305480616,0.9416666666666667,9,0.20970972220910153,0.45051629558338435,0.14840359263207226,0.9954510586196472,0.5237748437961696,0.0,0.14840359263207226,0.9909461149638736,0.47612193248913204,0.9764433696285099,0.9999560022754208,0.571427755103207,pixel_42,pixel_19,False,soft_adjust,G5,digits,frontera
lr_G5_digits,8,0.9416666666666667,0.9418725031370346,0.9431478305480616,0.9416666666666667,9,0.20970972220910153,0.4301579229567989,0.11571384411089754,0.996337047449434,0.48786502620390376,0.0,0.11571384411089754,0.9927094316083515,0.4757306774070263,0.9764810413506223,0.9999646632905164,0.49999937500078123,pixel_42,pixel_19,False,soft_adjust,G5,digits,frontera
lr_G5_digits,9,0.9416666666666667,0.9418725031370346,0.9431478305480616,0.9416666666666667,9,0.20970972220910153,0.41432451701449274,0.06884454309081224,0.9968553455010278,0.481524392373307,0.0,0.06884454309081224,0.9937398382076422,0.4630494097458328,0.9764433696285099,0.9999708527944134,0.49999937500078123,pixel_42,pixel_19,False,soft_adjust,G5,digits,frontera
lr_G5_digits,10,0.9416666666666667,0.9418725031370346,0.9431478305480616,0.9416666666666667,9,0.20970972220910153,0.43965211778922125,0.14627380850187918,0.9972552174288056,0.4881872362715203,0.0,0.14627380850187918,0.9945350059104702,0.4763750975422593,0.9764810413506223,0.9999754289471412,0.49999937500078123,pixel_42,pixel_19,False,soft_adjust,G5,digits,frontera
lr_G5_digits,11,0.9416666666666667,0.9418725031370346,0.9431478305480616,0.9416666666666667,9,0.20970972220910153,0.4322599761092918,0.12819974642189436,0.997978534010431,0.48101806226705246,0.0,0.12819974642189436,0.9959781606483642,0.4620367495333237,0.9764433696285099,0.9999789073724978,0.49999937500078123,pixel_42,pixel_19,False,soft_adjust,G5,digits,frontera
lr_G5_digits,12,0.9416666666666667,0.9418725031370346,0.9431478305480616,0.9416666666666667,9,0.20970972220910153,0.42657386476023185,0.10835912203724254,0.9981176346816173,0.48178906492884915,0.0,0.10835912203724254,0.9962536563333823,0.4635787548569171,0.9764810413506223,0.9999816130298523,0.49999937500078123,pixel_42,pixel_19,False,soft_adjust,G5,digits,frontera
lr_G5_digits,13,0.9416666666666667,0.9418725031370346,0.9431478305480616,0.9416666666666667,9,0.20970972220910153,0.41679795230004674,0.07560214492086371,0.9983085483776337,0.48180057243126406,0.0,0.07560214492086371,0.9966333377942554,0.46360176986174684,0.9764433696285099,0.9999837589610119,0.49999937500078123,pixel_42,pixel_19,False,soft_adjust,G5,digits,frontera
lr_G5_digits,14,0.9416666666666667,0.9418725031370346,0.9431478305480616,0.9416666666666667,9,0.20970972220910153,0.4239185750376658,0.09284976595861678,0.9980708633991546,0.488486431334307,0.0,0.09284976595861678,0.9961562372495724,0.4769734876678329,0.9764810413506223,0.9999854895487368,0.49999937500078123,pixel_42,pixel_19,False,soft_adjust,G5,digits,frontera
lr_G5_digits,15,0.9416666666666667,0.9418725031370346,0.9431478305480616,0.9416666666666667,9,0.20970972220910153,0.4133677479271367,0.05711039183011204,0.998740994908346,0.48849793883672193,0.0,0.05711039183011204,0.9974950843624029,0.47699650267266264,0.9764433696285099,0.9999869054542891,0.49999937500078123,pixel_42,pixel_19,False,soft_adjust,G5,digits,frontera
lr_G5_digits,16,0.9416666666666667,0.9418725031370346,0.9431478305480616,0.9416666666666667,9,0.20970972220910153,0.429421018684095,0.11840750984799994,0.9987324222736611,0.4807188672042657,0.0,0.11840750984799994,0.9974767659536284,0.46143835940775013,0.9764810413506223,0.9999880785936937,0.49999937500078123,pixel_42,pixel_19,False,soft_adjust,G5,digits,frontera
lr_G5_digits,17,0.9416666666666667,0.9418725031370346,0.9431478305480616,0.9416666666666667,9,0.20970972220910153,0.4260656229393786,0.09945817590976412,0.9988808620965054,0.4883598488077434,0.0,0.09945817590976412,0.997772662739356,0.4767203226147056,0.9764433696285099,0.9999890614536547,0.49999937500078123,pixel_42,pixel_19,False,soft_adjust,G5,digits,frontera
lr_G5_digits,18,0.9416666666666667,0.9418725031370346,0.9431478305480616,0.9416666666666667,9,0.20970972220910153,0.43754581706576934,0.13734919843891863,0.9989319504830452,0.48869356637777484,0.0,0.13734919843891863,0.9978740078997336,0.47738775775476844,0.9764810413506223,0.9999898930663567,0.49999937500078123,pixel_42,pixel_19,False,soft_adjust,G5,digits,frontera
lr_G5_digits,19,0.9416666666666667,0.9418725031370346,0.9431478305480616,0.9416666666666667,9,0.20970972220910153,0.4414712694960323,0.15622730465483473,0.9989397702055147,0.48289378516067727,0.0,0.15622730465483473,0.9978889374654238,0.4657881953205733,0.9764433696285099,0.9999906029456056,0.49999937500078123,pixel_42,pixel_19,False,soft_adjust,G5,digits,frontera
torch_G5_digits,0,0.9777777777777777,0.9777578623154184,0.9781585083930419,0.9777777777777777,5,0.9746579527854919,0.675469203029505,0.8685917073653338,0.9999861528714337,0.541453787362013,0.01639344262295082,0.9988123306453591,0.9999999994861174,0.5829100747115261,0.8685917073653338,0.9999723062567499,0.4999975000124999,pixel_6,pixel_43,False,keep,G5,digits,frontera
torch_G5_digits,1,0.9777777777777777,0.9777578623154184,0.9781585083930419,0.9777777777777777,5,0.9746579527854919,0.6516820911145961,0.8669944635347917,0.9978998968095616,0.4654992048610852,0.01639344262295082,0.9987282858950851,0.9958274873623734,0.5976661874962446,0.8669944635347917,0.9999723062567499,0.3333322222259259,pixel_6,pixel_43,False,keep,G5,digits,frontera
torch_G5_digits,2,0.9777777777777777,0.9777578623154184,0.9781585083930419,0.9777777777777777,5,0.9746579527854919,0.6788023209085406,0.8686141174873983,0.998902583881583,0.5449747989730849,0.03333333333333333,0.9987757597830348,0.9978328615064161,0.5899520979336698,0.8686141174873983,0.99997230625675,0.4999975000124999,pixel_6,pixel_43,False,keep,G5,digits,frontera
torch_G5_digits,3,0.9777777777777777,0.9777578623154184,0.9781585083930419,0.9777777777777777,5,0.9746579527854919,0.6828422315257954,0.8694921628451283,0.9978769688362703,0.5406017095899411,0.06896551724137931,0.999504097666202,0.9957816314157906,0.5812059191673825,0.8694921628451283,0.9999723062567499,0.4999975000124999,pixel_6,pixel_43,False,keep,G5,digits,frontera
torch_G5_digits,4,0.9777777777777777,0.9777578623154184,0.9781585083930419,0.9777777777777777,5,0.9746579527854919,0.6791928245934915,0.8692447849974443,0.9989783632820866,0.5455826609124556,0.03333333333333333,0.9988827167856614,0.9979844203074233,0.5911678218124112,0.8692447849974443,0.9999723062567499,0.4999975000124999,pixel_6,pixel_43,False,keep,G5,digits,frontera
torch_G5_digits,5,0.9777777777777777,0.9777578623154184,0.9781585083930419,0.9777777777777777,5,0.9746579527854919,0.6550249997726533,0.8694921628451283,0.9976426606072595,0.4658889525576665,0.03333333333333333,0.9995386772601512,0.9953130149577689,0.5984456828894071,0.8694921628451283,0.99997230625675,0.3333322222259259,pixel_6,pixel_43,False,keep,G5,digits,frontera
torch_G5_digits,6,0.9777777777777777,0.9777578623154184,0.9781585083930419,0.9777777777777777,5,0.9746579527854919,0.6731576466617156,0.8690772025576301,0.9975450121815184,0.5434941094968234,0.0,0.9991467408463355,0.9955272659446406,0.586990718981147,0.8690772025576301,0.9995627584183963,0.4999975000124999,pixel_6,pixel_43,False,keep,G5,digits,frontera
torch_G5_digits,7,0.9777777777777777,0.9777578623154184,0.9781585083930419,0.9777777777777777,5,0.9746579527854919,0.6769095416794793,0.8685460070462329,0.9965660135906682,0.549150732581666,0.01639344262295082,0.9996712985719108,0.9934743300416768,0.5983039651508322,0.8685460070462329,0.9996576971396596,0.4999975000124999,pixel_6,pixel_43,False,keep,G5,digits,frontera
torch_G5_digits,8,0.9777777777777777,0.9777578623154184,0.9781585083930419,0.9777777777777777,5,0.9746579527854919,0.6541321245524881,0.8690772025576301,0.9986704156607603,0.4624711995666968,0.03333333333333333,0.9989597943518067,0.9976177922834147,0.5916101769074676,0.8690772025576301,0.9997230390381059,0.3333322222259259,pixel_6,pixel_43,False,keep,G5,digits,frontera
torch_G5_digits,9,0.9777777777777777,0.9777578623154184,0.9781585083930419,0.9777777777777777,5,0.9746579527854919,0.6529509024974393,0.8685460070462329,0.9972082451813682,0.46028346362742434,0.03333333333333333,0.9996149828321307,0.9946465715627508,0.5872347050289227,0.8685460070462329,0.9997699187999854,0.3333322222259259,pixel_6,pixel_43,False,keep,G5,digits,frontera
torch_G5_digits,10,0.9777777777777777,0.9777578623154184,0.9781585083930419,0.9777777777777777,5,0.9746579527854919,0.6785742178497387,0.8690772025576301,0.997902993244448,0.5445843625711254,0.03333333333333333,0.998758798922123,0.9960012981897951,0.589171225129751,0.8690772025576301,0.9998046882991009,0.4999975000124999,pixel_6,pixel_43,False,keep,G5,digits,frontera
torch_G5_digits,11,0.9777777777777777,0.9777578623154184,0.9781585083930419,0.9777777777777777,5,0.9746579527854919,0.6787042318710562,0.8685460070462329,0.9974987473948418,0.5458858096949197,0.03333333333333333,0.9996466837212149,0.9951663092285182,0.5917741193773397,0.8685460070462329,0.9998311855611652,0.4999975000124999,pixel_6,pixel_43,False,keep,G5,digits,frontera
torch_G5_digits,12,0.9777777777777777,0.9777578623154184,0.9781585083930419,0.9777777777777777,5,0.9746579527854919,0.6736854130623284,0.8690772025576301,0.9983109807745192,0.5446150236713654,0.0,0.9990498250880379,0.9967701210335699,0.5892325473302308,0.8690772025576301,0.9998518405154684,0.4999975000124999,pixel_6,pixel_43,False,keep,G5,digits,frontera
torch_G5_digits,13,0.9777777777777777,0.9777578623154184,0.9781585083930419,0.9777777777777777,5,0.9746579527854919,0.6735742115555663,0.8685460070462329,0.9977116826962,0.5370782412473463,0.01639344262295082,0.9996016456780932,0.9955551131053934,0.5741589824821927,0.8685460070462329,0.9998682522870068,0.4999975000124999,pixel_6,pixel_43,False,keep,G5,digits,frontera
torch_G5_digits,14,0.9777777777777777,0.9777578623154184,0.9781585083930419,0.9777777777777777,5,0.9746579527854919,0.6523916418188226,0.8690772025576301,0.9982673543715708,0.45700547486213605,0.03333333333333333,0.9989644253082772,0.996653200620716,0.5806787274983461,0.8690772025576301,0.9998815081224254,0.3333322222259259,pixel_6,pixel_43,False,keep,G5,digits,frontera
torch_G5_digits,15,0.9777777777777777,0.9777578623154184,0.9781585083930419,0.9777777777777777,5,0.9746579527854919,0.6529500625232244,0.8685460070462329,0.9965516162819323,0.460827854462905,0.03333333333333333,0.999510984393304,0.9932108644464334,0.5883234866998841,0.8685460070462329,0.9998923681174313,0.3333322222259259,pixel_6,pixel_43,False,keep,G5,digits,frontera
torch_G5_digits,16,0.9777777777777777,0.9777578623154184,0.9781585083930419,0.9777777777777777,5,0.9746579527854919,0.6752744635628798,0.8690772025576301,0.9986551054129228,0.541428366829725,0.01639344262295082,0.9989477642670413,0.9974088342222915,0.58285923364695,0.8690772025576301,0.999901376603554,0.4999975000124999,pixel_6,pixel_43,False,keep,G5,digits,frontera
torch_G5_digits,17,0.9777777777777777,0.9777578623154184,0.9781585083930419,0.9777777777777777,5,0.9746579527854919,0.675023872147853,0.8685460070462329,0.9984756354683213,0.5494705372230093,0.0,0.9996640610467249,0.9970423392594905,0.5989435744335189,0.8685460070462329,0.9999089316771521,0.4999975000124999,pixel_6,pixel_43,False,keep,G5,digits,frontera
torch_G5_digits,18,0.9777777777777777,0.9777578623154184,0.9781585083930419,0.9777777777777777,5,0.9746579527854919,0.6583736978647633,0.8690772025576301,0.9975016927396718,0.4597676210878314,0.06896551724137931,0.9990684777214955,0.9950880555520205,0.586203019949737,0.8690772025576301,0.9999153299273232,0.3333322222259259,pixel_6,pixel_43,False,keep,G5,digits,frontera
torch_G5_digits,19,0.9777777777777777,0.9777578623154184,0.9781585083930419,0.9777777777777777,5,0.9746579527854919,0.6538859675675435,0.8685460070462329,0.9968632016307799,0.4636878834865955,0.03333333333333333,0.9996344998881513,0.9938056072808166,0.5940435447472651,0.8685460070462329,0.9999207959807433,0.3333322222259259,pixel_6,pixel_43,False,keep,G5,digits,frontera
knn_G5_covertype,0,0.685,0.6777562391161278,0.6887270896752951,0.685,1,0.5,0.41374642264237693,0.20665589480901236,0.9999991889773474,0.0013283520132835458,0.6756756756756757,0.20665589480901236,0.9999992046301864,0.0026567040265670916,0.22748001393659134,0.9999991733245083,0.0,f2,f2,True,adjust,G5,covertype,frontera
knn_G5_covertype,1,0.691,0.6837983950348213,0.6860476678843737,0.691,1,0.5555555555555556,0.41073143356893793,0.10778898502627417,0.997488615331968,0.09223744292237446,0.6756756756756757,0.10778898502627417,0.996250180716695,0.18447488584474891,0.23719791289587236,0.9987270499472408,0.0,f2,f2,True,adjust,G5,covertype,frontera
knn_G5_covertype,2,0.685,0.6777562391161278,0.6887270896752951,0.685,1,0.5,0.41914738563020293,0.22629943036845024,0.998479117061809,0.0009547530095475598,0.6756756756756757,0.27506028278976663,0.9975748943985122,0.0019095060190951196,0.22629943036845024,0.9993833397251058,0.0,f2,f2,True,adjust,G5,covertype,frontera
knn_G5_covertype,3,0.691,0.6837983950348213,0.6860476678843737,0.691,1,0.5555555555555556,0.43666175179927313,0.152749141618941,0.9959002906285346,0.1350352843503529,0.6756756756756757,0.152749141618941,0.9930735313098285,0.2700705687007058,0.23717764000677885,0.9987270499472408,0.0,f2,f2,True,adjust,G5,covertype,frontera
knn_G5_covertype,4,0.685,0.6777562391161278,0.6887270896752951,0.685,1,0.5,0.40374745751359653,0.1759662802754529,0.9969803055039916,0.0012038190120381986,0.6756756756756757,0.1759662802754529,0.9948441465057034,0.0024076380240763973,0.22629943036845024,0.9991164645022799,0.0,f2,f2,True,adjust,G5,covertype,frontera
knn_G5_covertype,5,0.691,0.6837983950348213,0.6860476678843737,0.691,1,0.5555555555555556,0.4198615803238567,0.14035670065442923,0.994629064394868,0.0924865089248651,0.6756756756756757,0.14035670065442923,0.9905310788424954,0.1849730178497302,0.23717764000677885,0.9987270499472406,0.0,f2,f2,True,adjust,G5,covertype,frontera
knn_G5_covertype,6,0.685,0.6777562391161278,0.6887270896752951,0.685,1,0.5,0.45248268453185675,0.1974352808467583,0.997623238328894,0.09377334993773351,0.7714285714285715,0.1974352808467583,0.9963172013073571,0.18754669987546702,0.22353427940935952,0.9989292753504309,0.0,f2,f2,True,adjust,G5,covertype,frontera
knn_G5_covertype,7,0.691,0.6837983950348213,0.6860476678843737,0.691,1,0.5555555555555556,0.4758312548579119,0.23152704765594212,0.9923667839132593,0.0882108758821088,0.8787878787878788,0.23152704765594212,0.9857904498945615,0.1764217517642176,0.23224919063711427,0.998943117931957,0.0,f2,f2,True,adjust,G5,covertype,frontera
knn_G5_covertype,8,0.685,0.6777562391161278,0.6887270896752951,0.685,1,0.5,0.4469611486874382,0.22353427940935952,0.9978173004120883,0.0491075134910752,0.7714285714285715,0.2745755858727314,0.9967165855819938,0.0982150269821504,0.22353427940935952,0.9989180152421827,0.0,f2,f2,True,adjust,G5,covertype,frontera
knn_G5_covertype,9,0.691,0.6837983950348213,0.6860476678843737,0.691,1,0.5555555555555556,0.4724016849846536,0.21756151197468432,0.9954071472377357,0.0882108758821088,0.8787878787878788,0.21756151197468432,0.9918719626898472,0.1764217517642176,0.23224919063711427,0.9989423317856242,0.0,f2,f2,True,adjust,G5,covertype,frontera
knn_G5_covertype,10,0.685,0.6777562391161278,0.6887270896752951,0.685,1,0.5,0.4247333038985018,0.2222561902264537,0.9980954427809594,0.0006641760066417868,0.7222222222222222,0.2222561902264537,0.9972843576026811,0.0013283520132835736,0.22353427940935952,0.9989065279592377,0.0,f2,f2,True,adjust,G5,covertype,frontera
knn_G5_covertype,11,0.691,0.6837983950348213,0.6860476678843737,0.691,1,0.5555555555555556,0.4757549459342951,0.18293934573558507,0.9943767531633201,0.1348692403486924,0.8787878787878788,0.18293934573558507,0.9898143829044037,0.2697384806973848,0.23224919063711427,0.9989391234222366,0.0,f2,f2,True,adjust,G5,covertype,frontera
knn_G5_covertype,12,0.685,0.6777562391161278,0.6887270896752951,0.685,1,0.5,0.46174229855358917,0.22353427940935952,0.9968600639044456,0.045496056454960604,0.8787878787878788,0.27237791036982906,0.994823519995918,0.09099211290992121,0.22353427940935952,0.9988966078129731,0.0,f2,f2,True,adjust,G5,covertype,frontera
knn_G5_covertype,13,0.691,0.6837983950348213,0.6860476678843737,0.691,1,0.5555555555555556,0.46202454876676674,0.20725041331106273,0.9948939997311077,0.09198837691988379,0.8235294117647058,0.20725041331106273,0.9908524839514745,0.18397675383976758,0.23224919063711427,0.9989355155107409,0.0,f2,f2,True,adjust,G5,covertype,frontera
knn_G5_covertype,14,0.685,0.6777562391161278,0.6887270896752951,0.685,1,0.5,0.4484552111725302,0.22353427940935952,0.9973605313166976,0.0007887090078871339,0.8787878787878788,0.2758920611904666,0.9958327520408493,0.0015774180157742679,0.22353427940935952,0.9988883105925458,0.0,f2,f2,True,adjust,G5,covertype,frontera
knn_G5_covertype,15,0.691,0.6837983950348213,0.6860476678843737,0.691,1,0.5555555555555556,0.4766534911171174,0.23224919063711427,0.9946397177711805,0.08833540888335414,0.8787878787878788,0.2992348670827271,0.9903473463325698,0.1766708177667083,0.23224919063711427,0.9989320892097912,0.0,f2,f2,True,adjust,G5,covertype,frontera
knn_G5_covertype,16,0.685,0.6777562391161278,0.6887270896752951,0.685,1,0.5,0.4326909378217958,0.22353427940935952,0.9981383812007579,0.04914902449149025,0.6756756756756757,0.26921045151588563,0.9973953802355653,0.0982980489829805,0.22353427940935952,0.9988813821659506,0.0,f2,f2,True,adjust,G5,covertype,frontera
knn_G5_covertype,17,0.691,0.6837983950348213,0.6860476678843737,0.691,1,0.5555555555555556,0.45337579951515794,0.18422783634449244,0.9973529990964727,0.1347862183478622,0.7222222222222222,0.18422783634449244,0.9957770010101388,0.2695724366957244,0.23224919063711427,0.9989289971828067,0.0,f2,f2,True,adjust,G5,covertype,frontera
knn_G5_covertype,18,0.685,0.6777562391161278,0.6887270896752951,0.685,1,0.5,0.43953388663745757,0.22353427940935952,0.9976818749364733,0.049066002490660066,0.7222222222222222,0.30158024171339376,0.9964881946044457,0.09813200498132013,0.22353427940935952,0.9988755552685009,0.0,f2,f2,True,adjust,G5,covertype,frontera
knn_G5_covertype,19,0.691,0.6837983950348213,0.6860476678843737,0.691,1,0.5555555555555556,0.45785781042489654,0.14900930706160512,0.9964600849464129,0.1350352843503529,0.8235294117647058,0.14900930706160512,0.9939939155376519,0.2700705687007058,0.23224919063711427,0.998926254355174,0.0,f2,f2,True,adjust,G5,covertype,frontera
lr_G5_covertype,0,0.674,0.6590461948983856,0.6507574917590274,0.674,1,0.7969353913919526,0.5146831008568805,0.0,0.9999965776184307,0.7327428178038723,0.14814814814814814,0.0,0.9999934632654424,0.4654873022716335,0.7790643503835644,0.9999996919714192,0.9999983333361111,f0,f13,False,soft_adjust,G5,covertype,frontera
lr_G5_covertype,1,0.673,0.658385747589695,0.6501764795824673,0.673,1,0.7965126425441041,0.5144816722748407,0.0,0.9999840646561555,0.7320818166656354,0.14814814814814814,0.0,0.9999855751978476,0.46416529999515976,0.7785920317767644,0.9999825541144634,0.9999983333361111,f0,f13,False,soft_adjust,G5,covertype,frontera
lr_G5_covertype,2,0.673,0.658385747589695,0.6501764795824673,0.673,1,0.7966183354598447,0.5144834049507923,0.0,0.9999909953599619,0.7320818166656354,0.14814814814814814,0.0,0.9999902158773721,0.46416529999515976,0.7824007082646403,0.9999917748425516,0.9999983333361111,f0,f13,False,soft_adjust,G5,covertype,frontera
lr_G5_covertype,3,0.673,0.658385747589695,0.6501764795824673,0.673,1,0.7966183354598447,0.5144671327484026,0.0,0.9999934130496275,0.7320255612496153,0.14814814814814814,0.0,0.9999915787971151,0.46405278916311943,0.7785416600239575,0.9999952473021398,0.9999983333361111,f0,f13,False,soft_adjust,G5,covertype,frontera
lr_G5_covertype,4,0.673,0.658385747589695,0.6501764795824673,0.673,1,0.7966183354598447,0.5144674313826676,0.0,0.9999946075866875,0.7320255612496153,0.14814814814814814,0.0,0.9999923634283847,0.46405278916311943,0.7824007082646403,0.9999968517449901,0.9999983333361111,f0,f13,False,soft_adjust,G5,covertype,frontera
lr_G5_covertype,5,0.673,0.658385747589695,0.6501764795824673,0.673,1,0.7966183354598447,0.5144675260524465,0.0,0.9999949862658033,0.7320255612496153,0.14814814814814814,0.0,0.9999922501788633,0.46405278916311943,0.7785416600239575,0.9999977223527433,0.9999983333361111,f0,f13,False,soft_adjust,G5,covertype,frontera
lr_G5_covertype,6,0.673,0.658385747589695,0.6501764795824673,0.673,1,0.7966183354598447,0.5129886607193571,0.0,0.9936744859381006,0.7323630937457362,0.14814814814814814,0.0,0.9876160097220682,0.46472785415536133,0.7867009757010326,0.999732962154133,0.9999983333361111,f0,f13,False,soft_adjust,G5,covertype,frontera
lr_G5_covertype,7,0.673,0.658385747589695,0.6501764795824673,0.673,1,0.7966183354598447,0.5133388584092636,0.0,0.9950752766977267,0.7323630937457362,0.14814814814814814,0.0,0.9903547364865334,0.46472785415536133,0.7837172879845771,0.9997958169089199,0.9999983333361111,f0,f13,False,soft_adjust,G5,covertype,frontera
lr_G5_covertype,8,0.673,0.658385747589695,0.6501764795824673,0.673,1,0.7966183354598447,0.5135859572243566,0.0,0.9960636719580986,0.7323630937457362,0.14814814814814814,0.0,0.9922885279783321,0.46472785415536133,0.7867009757010326,0.9998388159378652,0.9999983333361111,f0,f13,False,soft_adjust,G5,covertype,frontera
lr_G5_covertype,9,0.673,0.658385747589695,0.6501764795824673,0.673,1,0.7966183354598447,0.5137633432049081,0.0,0.9967732158803049,0.7323630937457362,0.14814814814814814,0.0,0.9936769120619067,0.46472785415536133,0.7837172879845771,0.999869519698703,0.9999983333361111,f0,f13,False,soft_adjust,G5,covertype,frontera
lr_G5_covertype,10,0.673,0.658385747589695,0.6501764795824673,0.673,1,0.7966183354598447,0.5139009366219136,0.0,0.9973235895483265,0.7323630937457362,0.14814814814814814,0.0,0.9947549740087948,0.46472785415536133,0.7867009757010326,0.9998922050878581,0.9999983333361111,f0,f13,False,soft_adjust,G5,covertype,frontera
lr_G5_covertype,11,0.673,0.658385747589695,0.6501764795824673,0.673,1,0.7966183354598447,0.5140047934061607,0.0,0.9977390166853148,0.7323630937457362,0.14814814814814814,0.0,0.9955685942743987,0.46472785415536133,0.7837172879845771,0.9999094390962311,0.9999983333361111,f0,f13,False,soft_adjust,G5,covertype,frontera
lr_G5_covertype,12,0.673,0.658385747589695,0.6501764795824673,0.673,1,0.7966183354598447,0.5140821350191753,0.0,0.9980483831373735,0.7323630937457362,0.14814814814814814,0.0,0.9961739282204999,0.46472785415536133,0.7867009757010326,0.9999228380542472,0.9999983333361111,f0,f13,False,soft_adjust,G5,covertype,frontera
lr_G5_covertype,13,0.673,0.658385747589695,0.6501764795824673,0.673,1,0.7966183354598447,0.5141541283426267,0.0,0.9983363564311791,0.7323630937457362,0.14814814814814814,0.0,0.9967392520469064,0.46472785415536133,0.7837172879845771,0.999933460815452,0.9999983333361111,f0,f13,False,soft_adjust,G5,covertype,frontera
lr_G5_covertype,14,0.673,0.658385747589695,0.6501764795824673,0.673,1,0.7966183354598447,0.5142026441519031,0.0,0.9985304196682845,0.7323630937457362,0.14814814814814814,0.0,0.9971188148174196,0.46472785415536133,0.7867009757010326,0.9999420245191493,0.9999983333361111,f0,f13,False,soft_adjust,G5,covertype,frontera
lr_G5_covertype,15,0.673,0.658385747589695,0.6501764795824673,0.673,1,0.7966183354598447,0.5142428514278399,0.0,0.9986912487720319,0.7323630937457362,0.14814814814814814,0.0,0.9974334686834008,0.46472785415536133,0.7837172879845771,0.9999490288606628,0.9999983333361111,f0,f13,False,soft_adjust,G5,covertype,frontera
lr_G5_covertype,16,0.673,0.658385747589695,0.6501764795824673,0.673,1,0.7966183354598447,0.5142802671621093,0.0,0.9988409117091093,0.7323630937457362,0.14814814814814814,0.0,0.9977269927544483,0.46472785415536133,0.7867009757010326,0.9999548306637701,0.9999983333361111,f0,f13,False,soft_adjust,G5,covertype,frontera
lr_G5_covertype,17,0.673,0.658385747589695,0.6501764795824673,0.673,1,0.7966183354598447,0.5143084382100508,0.0,0.9989535959008752,0.7323630937457362,0.14814814814814814,0.0,0.9979475015651815,0.46472785415536133,0.7837172879845771,0.9999596902365688,0.9999983333361111,f0,f13,False,soft_adjust,G5,covertype,frontera
lr_G5_covertype,18,0.673,0.658385747589695,0.6501764795824673,0.673,1,0.7966183354598447,0.5143373789767134,0.0,0.9990693589675259,0.7323630937457362,0.14814814814814814,0.0,0.9981749168509338,0.46472785415536133,0.7867009757010326,0.9999638010841179,0.9999983333361111,f0,f13,False,soft_adjust,G5,covertype,frontera
lr_G5_covertype,19,0.673,0.658385747589695,0.6501764795824673,0.673,1,0.7966183354598447,0.5143603390921724,0.0,0.9991611994293619,0.7323630937457362,0.14814814814814814,0.0,0.9983550893863284,0.46472785415536133,0.7837172879845771,0.9999673094723952,0.9999983333361111,f0,f13,False,soft_adjust,G5,covertype,frontera
torch_G5_covertype,0,0.726,0.7198279054660057,0.7153262541676497,0.726,1,0.4830299913883209,0.7912774786294021,0.8718369119105334,0.9999998773571996,0.7599214523898077,0.24,0.992962628930105,0.9999999887522338,0.6865102658901479,0.8718369119105334,0.9999997659621654,0.8333326388894676,f0,f13,False,keep,G5,covertype,frontera
torch_G5_covertype,1,0.726,0.7198279054660057,0.7153262541676497,0.726,1,0.4830299913883209,0.7819997397367533,0.8689529222078937,0.9954907340534092,0.7356372652034431,0.24,0.9938241237827058,0.9909817021446528,0.702044352891638,0.8689529222078937,0.9999997659621654,0.7692301775152481,f0,f13,False,keep,G5,covertype,frontera
torch_G5_covertype,2,0.726,0.7198279054660057,0.7153262541676497,0.726,1,0.4830299913883209,0.7946731401532546,0.8717508931100272,0.9867288598158432,0.7823855242209524,0.24,0.9933070886057147,0.9734579536695209,0.7314384095524372,0.8717508931100272,0.9999997659621654,0.8333326388894676,f0,f13,False,keep,G5,covertype,frontera
torch_G5_covertype,3,0.726,0.7198279054660057,0.7153262541676497,0.726,1,0.4830299913883209,0.7786854167766685,0.8690393573230105,0.9946980330663511,0.7251636710439253,0.24,0.9939333901343991,0.9893963001705367,0.6810971645726025,0.8690393573230105,0.9999997659621654,0.7692301775152481,f0,f13,False,keep,G5,covertype,frontera
torch_G5_covertype,4,0.726,0.7198279054660057,0.7153262541676497,0.726,1,0.4830299913883209,0.7985239101405266,0.8717508931100272,0.9906306919380967,0.7919698974099809,0.24,0.9945911494140274,0.9812616179140281,0.7506071559304941,0.8717508931100272,0.9999997659621654,0.8333326388894676,f10,f13,False,keep,G5,covertype,frontera
torch_G5_covertype,5,0.726,0.7198279054660057,0.7153262541676497,0.726,1,0.4830299913883209,0.7837000362776724,0.8690393573230105,0.9913522510611399,0.7446672210516143,0.24,0.9942967373455145,0.9827047361601142,0.7201042645879805,0.8690393573230105,0.9999997659621654,0.7692301775152481,f10,f13,False,keep,G5,covertype,frontera
torch_G5_covertype,6,0.726,0.7198279054660057,0.7153262541676497,0.726,1,0.4830299913883209,0.7836058951221425,0.8744244438016694,0.989482178726828,0.758073894144436,0.16981132075471697,0.9908436284743145,0.9813562631174078,0.6828151493994044,0.8744244438016694,0.9976080943362481,0.8333326388894676,f0,f13,False,keep,G5,covertype,frontera
torch_G5_covertype,7,0.726,0.7198279054660057,0.7153262541676497,0.726,1,0.4830299913883209,0.7822569078183186,0.871462950290805,0.9908263003398545,0.7554186619650319,0.16981132075471697,0.9910694964308706,0.9834843044049809,0.6775046850405962,0.871462950290805,0.9981682962747283,0.8333326388894676,f0,f13,False,keep,G5,covertype,frontera
torch_G5_covertype,8,0.726,0.7198279054660057,0.7153262541676497,0.726,1,0.4830299913883209,0.7761210941923222,0.8744244438016694,0.9876265713303256,0.7346708972087874,0.16981132075471697,0.992803570157755,0.9767005644320056,0.7001116169023266,0.8744244438016694,0.9985525782286457,0.7692301775152481,f0,f13,False,keep,G5,covertype,frontera
torch_G5_covertype,9,0.726,0.7198279054660057,0.7153262541676497,0.726,1,0.4830299913883209,0.7665866759006632,0.871462950290805,0.9867980242078882,0.7065414523494862,0.16981132075471697,0.9934704149925893,0.9747685124291365,0.6438527271837242,0.871462950290805,0.9988275359866398,0.7692301775152481,f10,f13,False,keep,G5,covertype,frontera
torch_G5_covertype,10,0.726,0.7198279054660057,0.7153262541676497,0.726,1,0.4830299913883209,0.7755173073121718,0.8744244438016694,0.9922524016161975,0.728803415703393,0.16981132075471697,0.9933179789122006,0.985473796428249,0.6883766538915379,0.8744244438016694,0.9990310068041462,0.7692301775152481,f0,f13,False,keep,G5,covertype,frontera
torch_G5_covertype,11,0.726,0.7198279054660057,0.7153262541676497,0.726,1,0.4830299913883209,0.7889412555167613,0.871462950290805,0.985644918464319,0.7820176391894544,0.16981132075471697,0.9911385997381461,0.9721040615132905,0.7307026394894411,0.871462950290805,0.9991857754153475,0.8333326388894676,f10,f13,False,keep,G5,covertype,frontera
torch_G5_covertype,12,0.726,0.7198279054660057,0.7153262541676497,0.726,1,0.4830299913883209,0.7889466987401879,0.8744244438016694,0.9900592158253456,0.7753957086224893,0.16981132075471697,0.99350174493011,0.980812206365642,0.717458778355511,0.8744244438016694,0.9993062252850492,0.8333326388894676,f10,f13,False,keep,G5,covertype,frontera
torch_G5_covertype,13,0.726,0.7198279054660057,0.7153262541676497,0.726,1,0.4830299913883209,0.789812910496848,0.871462950290805,0.9937900381746393,0.7781355560311429,0.16981132075471697,0.9919991814976263,0.9881782780266536,0.7229384731728181,0.871462950290805,0.999401798322625,0.8333326388894676,f0,f13,False,keep,G5,covertype,frontera
torch_G5_covertype,14,0.726,0.7198279054660057,0.7153262541676497,0.726,1,0.4830299913883209,0.786673556672548,0.8744244438016694,0.9883556022475692,0.7692382463785037,0.16981132075471697,0.9933447491110003,0.9772323044446154,0.7051438538675399,0.8744244438016694,0.9994789000505231,0.8333326388894676,f0,f13,False,keep,G5,covertype,frontera
torch_G5_covertype,15,0.726,0.7198279054660057,0.7153262541676497,0.726,1,0.4830299913883209,0.7784439163214713,0.871462950290805,0.9879443239611212,0.7451103372911525,0.16981132075471697,0.9914063787759634,0.976346647939107,0.7209904970670568,0.871462950290805,0.9995419999831354,0.7692301775152481,f0,f13,False,keep,G5,covertype,frontera
torch_G5_covertype,16,0.726,0.7198279054660057,0.7153262541676497,0.726,1,0.4830299913883209,0.7745209798602682,0.8744244438016694,0.9888026449838629,0.7283571213906597,0.16981132075471697,0.9915604181802731,0.9780109965002157,0.6874840652660711,0.8744244438016694,0.99959429346751,0.7692301775152481,f0,f13,False,keep,G5,covertype,frontera
torch_G5_covertype,17,0.726,0.7198279054660057,0.7153262541676497,0.726,1,0.4830299913883209,0.7776516804594685,0.871462950290805,0.9917669069164968,0.7392840652883299,0.16981132075471697,0.9919671262954033,0.9838956999432833,0.7093379530614118,0.871462950290805,0.9996381138897104,0.7692301775152481,f0,f13,False,keep,G5,covertype,frontera
torch_G5_covertype,18,0.726,0.7198279054660057,0.7153262541676497,0.726,1,0.4830299913883209,0.7684113676744364,0.8744244438016694,0.9868503855005764,0.7096186303406256,0.16981132075471697,0.9915118248992603,0.9740255736848896,0.6500070831660029,0.8744244438016694,0.9996751973162632,0.7692301775152481,f0,f13,False,keep,G5,covertype,frontera
torch_G5_covertype,19,0.726,0.7198279054660057,0.7153262541676497,0.726,1,0.4830299913883209,0.7825241677492797,0.871462950290805,0.9885309730216842,0.7582223011667111,0.16981132075471697,0.9930475752962434,0.9773550890559672,0.6831119634439546,0.871462950290805,0.9997068569874014,0.8333326388894676,f0,f13,False,keep,G5,covertype,frontera
